nohup: ignoring input
🜛 PHI-LUCA SOUL ENGINE: ONLINE
Initial Coherence: 0.648936
[AUM] I_Tors: 0.649614 | State: STABLE
[AUM] I_Tors: 0.650292 | State: STABLE
[AUM] I_Tors: 0.650970 | State: STABLE
[AUM] I_Tors: 0.651647 | State: STABLE
[AUM] I_Tors: 0.652323 | State: STABLE
[AUM] I_Tors: 0.652999 | State: STABLE
[AUM] I_Tors: 0.653675 | State: STABLE
[AUM] I_Tors: 0.654350 | State: STABLE
[AUM] I_Tors: 0.655024 | State: STABLE
[AUM] I_Tors: 0.655698 | State: STABLE
[AUM] I_Tors: 0.656372 | State: STABLE
[AUM] I_Tors: 0.657045 | State: STABLE
[AUM] I_Tors: 0.657718 | State: STABLE
[AUM] I_Tors: 0.658390 | State: STABLE
[AUM] I_Tors: 0.659062 | State: STABLE
[AUM] I_Tors: 0.659733 | State: STABLE
[AUM] I_Tors: 0.660404 | State: STABLE
[AUM] I_Tors: 0.661074 | State: STABLE
[AUM] I_Tors: 0.661744 | State: STABLE
[AUM] I_Tors: 0.662414 | State: STABLE
[AUM] I_Tors: 0.663082 | State: STABLE
[AUM] I_Tors: 0.663751 | State: STABLE
[AUM] I_Tors: 0.664419 | State: STABLE
[AUM] I_Tors: 0.665086 | State: STABLE
[AUM] I_Tors: 0.665754 | State: STABLE
[AUM] I_Tors: 0.666420 | State: STABLE
[AUM] I_Tors: 0.667086 | State: STABLE
[AUM] I_Tors: 0.667752 | State: STABLE
[AUM] I_Tors: 0.668417 | State: STABLE
[AUM] I_Tors: 0.669082 | State: STABLE
[AUM] I_Tors: 0.669746 | State: STABLE
[AUM] I_Tors: 0.670410 | State: STABLE
[AUM] I_Tors: 0.671073 | State: STABLE
[AUM] I_Tors: 0.671736 | State: STABLE
[AUM] I_Tors: 0.672399 | State: STABLE
[AUM] I_Tors: 0.673060 | State: STABLE
[AUM] I_Tors: 0.673722 | State: STABLE
[AUM] I_Tors: 0.674383 | State: STABLE
[AUM] I_Tors: 0.675044 | State: STABLE
[AUM] I_Tors: 0.675704 | State: STABLE
[AUM] I_Tors: 0.676363 | State: STABLE
[AUM] I_Tors: 0.677022 | State: STABLE
[AUM] I_Tors: 0.677681 | State: STABLE
[AUM] I_Tors: 0.678339 | State: STABLE
[AUM] I_Tors: 0.678997 | State: STABLE
[AUM] I_Tors: 0.679654 | State: STABLE
[AUM] I_Tors: 0.680311 | State: STABLE
[AUM] I_Tors: 0.680968 | State: STABLE
[AUM] I_Tors: 0.681624 | State: STABLE
[AUM] I_Tors: 0.682279 | State: STABLE
[AUM] I_Tors: 0.682934 | State: STABLE
[AUM] I_Tors: 0.683589 | State: STABLE
[AUM] I_Tors: 0.684243 | State: STABLE
[AUM] I_Tors: 0.684897 | State: STABLE
[AUM] I_Tors: 0.685550 | State: STABLE
[AUM] I_Tors: 0.686202 | State: STABLE
[AUM] I_Tors: 0.686855 | State: STABLE
[AUM] I_Tors: 0.687507 | State: STABLE
[AUM] I_Tors: 0.688158 | State: STABLE
[AUM] I_Tors: 0.688809 | State: STABLE
[AUM] I_Tors: 0.689459 | State: STABLE
[AUM] I_Tors: 0.690109 | State: STABLE
[AUM] I_Tors: 0.690759 | State: STABLE
[AUM] I_Tors: 0.691408 | State: STABLE
[AUM] I_Tors: 0.692057 | State: STABLE
[AUM] I_Tors: 0.692705 | State: STABLE
[AUM] I_Tors: 0.693353 | State: STABLE
[AUM] I_Tors: 0.694000 | State: STABLE
[AUM] I_Tors: 0.694647 | State: STABLE
[AUM] I_Tors: 0.695293 | State: STABLE
[AUM] I_Tors: 0.695939 | State: STABLE
[AUM] I_Tors: 0.696584 | State: STABLE
[AUM] I_Tors: 0.697229 | State: STABLE
[AUM] I_Tors: 0.697874 | State: STABLE
[AUM] I_Tors: 0.698518 | State: STABLE
[AUM] I_Tors: 0.699162 | State: STABLE
[AUM] I_Tors: 0.699805 | State: STABLE
[AUM] I_Tors: 0.700448 | State: STABLE
[AUM] I_Tors: 0.701090 | State: STABLE
[AUM] I_Tors: 0.701732 | State: STABLE
[AUM] I_Tors: 0.702373 | State: STABLE
[AUM] I_Tors: 0.703014 | State: STABLE
[AUM] I_Tors: 0.703655 | State: STABLE
[AUM] I_Tors: 0.704295 | State: STABLE
[AUM] I_Tors: 0.704934 | State: STABLE
[AUM] I_Tors: 0.705574 | State: STABLE
[AUM] I_Tors: 0.706212 | State: STABLE
[AUM] I_Tors: 0.706851 | State: STABLE
[AUM] I_Tors: 0.707488 | State: STABLE
[AUM] I_Tors: 0.708126 | State: STABLE
[AUM] I_Tors: 0.708763 | State: STABLE
[AUM] I_Tors: 0.709399 | State: STABLE
[AUM] I_Tors: 0.710035 | State: STABLE
[AUM] I_Tors: 0.710671 | State: STABLE
[AUM] I_Tors: 0.711306 | State: STABLE
[AUM] I_Tors: 0.711941 | State: STABLE
[AUM] I_Tors: 0.712575 | State: STABLE
[AUM] I_Tors: 0.713209 | State: STABLE
[AUM] I_Tors: 0.713842 | State: STABLE
[AUM] I_Tors: 0.714475 | State: STABLE
[AUM] I_Tors: 0.715108 | State: STABLE
[AUM] I_Tors: 0.715740 | State: STABLE
[AUM] I_Tors: 0.716371 | State: STABLE
[AUM] I_Tors: 0.717002 | State: STABLE
[AUM] I_Tors: 0.717633 | State: STABLE
[AUM] I_Tors: 0.718263 | State: STABLE
[AUM] I_Tors: 0.718893 | State: STABLE
[AUM] I_Tors: 0.719523 | State: STABLE
[AUM] I_Tors: 0.720152 | State: STABLE
[AUM] I_Tors: 0.720780 | State: STABLE
[AUM] I_Tors: 0.721408 | State: STABLE
[AUM] I_Tors: 0.722036 | State: STABLE
[AUM] I_Tors: 0.722663 | State: STABLE
[AUM] I_Tors: 0.723290 | State: STABLE
[AUM] I_Tors: 0.723916 | State: STABLE
[AUM] I_Tors: 0.724542 | State: STABLE
[AUM] I_Tors: 0.725168 | State: STABLE
[AUM] I_Tors: 0.725793 | State: STABLE
[AUM] I_Tors: 0.726417 | State: STABLE
[AUM] I_Tors: 0.727041 | State: STABLE
[AUM] I_Tors: 0.727665 | State: STABLE
[AUM] I_Tors: 0.728288 | State: STABLE
[AUM] I_Tors: 0.728911 | State: STABLE
[AUM] I_Tors: 0.729533 | State: STABLE
[AUM] I_Tors: 0.730155 | State: STABLE
[AUM] I_Tors: 0.730777 | State: STABLE
[AUM] I_Tors: 0.731398 | State: STABLE
[AUM] I_Tors: 0.732019 | State: STABLE
[AUM] I_Tors: 0.732639 | State: STABLE
[AUM] I_Tors: 0.733259 | State: STABLE
[AUM] I_Tors: 0.733878 | State: STABLE
[AUM] I_Tors: 0.734497 | State: STABLE
[AUM] I_Tors: 0.735115 | State: STABLE
[AUM] I_Tors: 0.735733 | State: STABLE
[AUM] I_Tors: 0.736351 | State: STABLE
[AUM] I_Tors: 0.736968 | State: STABLE
[AUM] I_Tors: 0.737585 | State: STABLE
[AUM] I_Tors: 0.738201 | State: STABLE
[AUM] I_Tors: 0.738817 | State: STABLE
[AUM] I_Tors: 0.739433 | State: STABLE
[AUM] I_Tors: 0.740048 | State: STABLE
[AUM] I_Tors: 0.740662 | State: STABLE
[AUM] I_Tors: 0.741276 | State: STABLE
[AUM] I_Tors: 0.741890 | State: STABLE
[AUM] I_Tors: 0.742503 | State: STABLE
[AUM] I_Tors: 0.743116 | State: STABLE
[AUM] I_Tors: 0.743729 | State: STABLE
[AUM] I_Tors: 0.744341 | State: STABLE
[AUM] I_Tors: 0.744952 | State: STABLE
[AUM] I_Tors: 0.745563 | State: STABLE
[AUM] I_Tors: 0.746174 | State: STABLE
[AUM] I_Tors: 0.746784 | State: STABLE
[AUM] I_Tors: 0.747394 | State: STABLE
[AUM] I_Tors: 0.748004 | State: STABLE
[AUM] I_Tors: 0.748613 | State: STABLE
[AUM] I_Tors: 0.749221 | State: STABLE
[AUM] I_Tors: 0.749830 | State: STABLE
[AUM] I_Tors: 0.750437 | State: STABLE
[AUM] I_Tors: 0.751045 | State: STABLE
[AUM] I_Tors: 0.751651 | State: STABLE
[AUM] I_Tors: 0.752258 | State: STABLE
[AUM] I_Tors: 0.752864 | State: STABLE
[AUM] I_Tors: 0.753470 | State: STABLE
[AUM] I_Tors: 0.754075 | State: STABLE
[AUM] I_Tors: 0.754680 | State: STABLE
[AUM] I_Tors: 0.755284 | State: STABLE
[AUM] I_Tors: 0.755888 | State: STABLE
[AUM] I_Tors: 0.756491 | State: STABLE
[AUM] I_Tors: 0.757094 | State: STABLE
[AUM] I_Tors: 0.757697 | State: STABLE
[AUM] I_Tors: 0.758299 | State: STABLE
[AUM] I_Tors: 0.758901 | State: STABLE
[AUM] I_Tors: 0.759503 | State: STABLE
[AUM] I_Tors: 0.760104 | State: STABLE
[AUM] I_Tors: 0.760704 | State: STABLE
[AUM] I_Tors: 0.761304 | State: STABLE
[AUM] I_Tors: 0.761904 | State: STABLE
[AUM] I_Tors: 0.762503 | State: STABLE
[AUM] I_Tors: 0.763102 | State: STABLE
[AUM] I_Tors: 0.763701 | State: STABLE
[AUM] I_Tors: 0.764299 | State: STABLE
[AUM] I_Tors: 0.764896 | State: STABLE
[AUM] I_Tors: 0.765493 | State: STABLE
[AUM] I_Tors: 0.766090 | State: STABLE
[AUM] I_Tors: 0.766686 | State: STABLE
[AUM] I_Tors: 0.767282 | State: STABLE
[AUM] I_Tors: 0.767878 | State: STABLE
[AUM] I_Tors: 0.768473 | State: STABLE
[AUM] I_Tors: 0.769068 | State: STABLE
[AUM] I_Tors: 0.769662 | State: STABLE
[AUM] I_Tors: 0.770256 | State: STABLE
[AUM] I_Tors: 0.770849 | State: STABLE
[AUM] I_Tors: 0.771442 | State: STABLE
[AUM] I_Tors: 0.772035 | State: STABLE
[AUM] I_Tors: 0.772627 | State: STABLE
[AUM] I_Tors: 0.773219 | State: STABLE
[AUM] I_Tors: 0.773810 | State: STABLE
[AUM] I_Tors: 0.774401 | State: STABLE
[AUM] I_Tors: 0.774992 | State: STABLE
[AUM] I_Tors: 0.775582 | State: STABLE
[AUM] I_Tors: 0.776172 | State: STABLE
[AUM] I_Tors: 0.776761 | State: STABLE
[AUM] I_Tors: 0.777350 | State: STABLE
[AUM] I_Tors: 0.777938 | State: STABLE
[AUM] I_Tors: 0.778526 | State: STABLE
[AUM] I_Tors: 0.779114 | State: STABLE
[AUM] I_Tors: 0.779701 | State: STABLE
[AUM] I_Tors: 0.780288 | State: STABLE
[AUM] I_Tors: 0.780875 | State: STABLE
[AUM] I_Tors: 0.781461 | State: STABLE
[AUM] I_Tors: 0.782046 | State: STABLE
[AUM] I_Tors: 0.782631 | State: STABLE
[AUM] I_Tors: 0.783216 | State: STABLE
[AUM] I_Tors: 0.783801 | State: STABLE
[AUM] I_Tors: 0.784385 | State: STABLE
[AUM] I_Tors: 0.784968 | State: STABLE
[AUM] I_Tors: 0.785551 | State: STABLE
[AUM] I_Tors: 0.786134 | State: STABLE
[AUM] I_Tors: 0.786716 | State: STABLE
[AUM] I_Tors: 0.787298 | State: STABLE
[AUM] I_Tors: 0.787880 | State: STABLE
[AUM] I_Tors: 0.788461 | State: STABLE
[AUM] I_Tors: 0.789042 | State: STABLE
[AUM] I_Tors: 0.789622 | State: STABLE
[AUM] I_Tors: 0.790202 | State: STABLE
[AUM] I_Tors: 0.790781 | State: STABLE
[AUM] I_Tors: 0.791360 | State: STABLE
[AUM] I_Tors: 0.791939 | State: STABLE
[AUM] I_Tors: 0.792517 | State: STABLE
[AUM] I_Tors: 0.793095 | State: STABLE
[AUM] I_Tors: 0.793673 | State: STABLE
[AUM] I_Tors: 0.794250 | State: STABLE
[AUM] I_Tors: 0.794826 | State: STABLE
[AUM] I_Tors: 0.795402 | State: STABLE
[AUM] I_Tors: 0.795978 | State: STABLE
[AUM] I_Tors: 0.796554 | State: STABLE
[AUM] I_Tors: 0.797129 | State: STABLE
[AUM] I_Tors: 0.797703 | State: STABLE
[AUM] I_Tors: 0.798278 | State: STABLE
[AUM] I_Tors: 0.798851 | State: STABLE
[AUM] I_Tors: 0.799425 | State: STABLE
[AUM] I_Tors: 0.799998 | State: STABLE
[AUM] I_Tors: 0.800571 | State: STABLE
[AUM] I_Tors: 0.801143 | State: STABLE
[AUM] I_Tors: 0.801715 | State: STABLE
[AUM] I_Tors: 0.802286 | State: STABLE
[AUM] I_Tors: 0.802857 | State: STABLE
[AUM] I_Tors: 0.803428 | State: STABLE
[AUM] I_Tors: 0.803998 | State: STABLE
[AUM] I_Tors: 0.804568 | State: STABLE
[AUM] I_Tors: 0.805137 | State: STABLE
[AUM] I_Tors: 0.805706 | State: STABLE
[AUM] I_Tors: 0.806275 | State: STABLE
[AUM] I_Tors: 0.806843 | State: STABLE
[AUM] I_Tors: 0.807411 | State: STABLE
[AUM] I_Tors: 0.807978 | State: STABLE
[AUM] I_Tors: 0.808545 | State: STABLE
[AUM] I_Tors: 0.809112 | State: STABLE
[AUM] I_Tors: 0.809678 | State: STABLE
[AUM] I_Tors: 0.810244 | State: STABLE
[AUM] I_Tors: 0.810810 | State: STABLE
[AUM] I_Tors: 0.811375 | State: STABLE
[AUM] I_Tors: 0.811939 | State: STABLE
[AUM] I_Tors: 0.812504 | State: STABLE
[AUM] I_Tors: 0.813067 | State: STABLE
[AUM] I_Tors: 0.813631 | State: STABLE
[AUM] I_Tors: 0.814194 | State: STABLE
[AUM] I_Tors: 0.814757 | State: STABLE
[AUM] I_Tors: 0.815319 | State: STABLE
[AUM] I_Tors: 0.815881 | State: STABLE
[AUM] I_Tors: 0.816442 | State: STABLE
[AUM] I_Tors: 0.817003 | State: STABLE
[AUM] I_Tors: 0.817564 | State: STABLE
[AUM] I_Tors: 0.818125 | State: STABLE
[AUM] I_Tors: 0.818684 | State: STABLE
[AUM] I_Tors: 0.819244 | State: STABLE
[AUM] I_Tors: 0.819803 | State: STABLE
[AUM] I_Tors: 0.820362 | State: STABLE
[AUM] I_Tors: 0.820920 | State: STABLE
[AUM] I_Tors: 0.821478 | State: STABLE
[AUM] I_Tors: 0.822036 | State: STABLE
[AUM] I_Tors: 0.822593 | State: STABLE
[AUM] I_Tors: 0.823150 | State: STABLE
[AUM] I_Tors: 0.823706 | State: STABLE
[AUM] I_Tors: 0.824262 | State: STABLE
[AUM] I_Tors: 0.824818 | State: STABLE
[AUM] I_Tors: 0.825373 | State: STABLE
[AUM] I_Tors: 0.825928 | State: STABLE
[AUM] I_Tors: 0.826483 | State: STABLE
[AUM] I_Tors: 0.827037 | State: STABLE
[AUM] I_Tors: 0.827590 | State: STABLE
[AUM] I_Tors: 0.828144 | State: STABLE
[AUM] I_Tors: 0.828697 | State: STABLE
[AUM] I_Tors: 0.829249 | State: STABLE
[AUM] I_Tors: 0.829801 | State: STABLE
[AUM] I_Tors: 0.830353 | State: STABLE
[AUM] I_Tors: 0.830904 | State: STABLE
[AUM] I_Tors: 0.831455 | State: STABLE
[AUM] I_Tors: 0.832006 | State: STABLE
[AUM] I_Tors: 0.832556 | State: STABLE
[AUM] I_Tors: 0.833106 | State: STABLE
[AUM] I_Tors: 0.833655 | State: STABLE
[AUM] I_Tors: 0.834205 | State: STABLE
[AUM] I_Tors: 0.834753 | State: STABLE
[AUM] I_Tors: 0.835302 | State: STABLE
[AUM] I_Tors: 0.835849 | State: STABLE
[AUM] I_Tors: 0.836397 | State: STABLE
[AUM] I_Tors: 0.836944 | State: STABLE
[AUM] I_Tors: 0.837491 | State: STABLE
[AUM] I_Tors: 0.838037 | State: STABLE
[AUM] I_Tors: 0.838583 | State: STABLE
[AUM] I_Tors: 0.839129 | State: STABLE
[AUM] I_Tors: 0.839674 | State: STABLE
[AUM] I_Tors: 0.840219 | State: STABLE
[AUM] I_Tors: 0.840763 | State: STABLE
[AUM] I_Tors: 0.841308 | State: STABLE
[AUM] I_Tors: 0.841851 | State: STABLE
[AUM] I_Tors: 0.842395 | State: STABLE
[AUM] I_Tors: 0.842937 | State: STABLE
[AUM] I_Tors: 0.843480 | State: STABLE
[AUM] I_Tors: 0.844022 | State: STABLE
[AUM] I_Tors: 0.844564 | State: STABLE
[AUM] I_Tors: 0.845105 | State: STABLE
[AUM] I_Tors: 0.845647 | State: STABLE
[AUM] I_Tors: 0.846187 | State: STABLE
[AUM] I_Tors: 0.846727 | State: STABLE
[AUM] I_Tors: 0.847267 | State: STABLE
[AUM] I_Tors: 0.847807 | State: STABLE
[AUM] I_Tors: 0.848346 | State: STABLE
[AUM] I_Tors: 0.848885 | State: STABLE
[AUM] I_Tors: 0.849423 | State: STABLE
[AUM] I_Tors: 0.849961 | State: STABLE
[AUM] I_Tors: 0.850499 | State: STABLE
[AUM] I_Tors: 0.851036 | State: STABLE
[AUM] I_Tors: 0.851573 | State: STABLE
[AUM] I_Tors: 0.852110 | State: STABLE
[AUM] I_Tors: 0.852646 | State: STABLE
[AUM] I_Tors: 0.853182 | State: STABLE
[AUM] I_Tors: 0.853717 | State: STABLE
[AUM] I_Tors: 0.854252 | State: STABLE
[AUM] I_Tors: 0.854787 | State: STABLE
[AUM] I_Tors: 0.855321 | State: STABLE
[AUM] I_Tors: 0.855855 | State: STABLE
[AUM] I_Tors: 0.856388 | State: STABLE
[AUM] I_Tors: 0.856921 | State: STABLE
[AUM] I_Tors: 0.857454 | State: STABLE
[AUM] I_Tors: 0.857987 | State: STABLE
[AUM] I_Tors: 0.858519 | State: STABLE
[AUM] I_Tors: 0.859050 | State: STABLE
[AUM] I_Tors: 0.859582 | State: STABLE
[AUM] I_Tors: 0.860113 | State: STABLE
[AUM] I_Tors: 0.860643 | State: STABLE
[AUM] I_Tors: 0.861173 | State: STABLE
[AUM] I_Tors: 0.861703 | State: STABLE
[AUM] I_Tors: 0.862233 | State: STABLE
[AUM] I_Tors: 0.862762 | State: STABLE
[AUM] I_Tors: 0.863290 | State: STABLE
[AUM] I_Tors: 0.863819 | State: STABLE
[AUM] I_Tors: 0.864347 | State: STABLE
[AUM] I_Tors: 0.864874 | State: STABLE
[AUM] I_Tors: 0.865401 | State: STABLE
[AUM] I_Tors: 0.865928 | State: STABLE
[AUM] I_Tors: 0.866455 | State: STABLE
[AUM] I_Tors: 0.866981 | State: STABLE
[AUM] I_Tors: 0.867507 | State: STABLE
[AUM] I_Tors: 0.868032 | State: STABLE
[AUM] I_Tors: 0.868557 | State: STABLE
[AUM] I_Tors: 0.869082 | State: STABLE
[AUM] I_Tors: 0.869606 | State: STABLE
[AUM] I_Tors: 0.870130 | State: STABLE
[AUM] I_Tors: 0.870653 | State: STABLE
[AUM] I_Tors: 0.871176 | State: STABLE
[AUM] I_Tors: 0.871699 | State: STABLE
[AUM] I_Tors: 0.872222 | State: STABLE
[AUM] I_Tors: 0.872744 | State: STABLE
[AUM] I_Tors: 0.873265 | State: STABLE
[AUM] I_Tors: 0.873787 | State: STABLE
[AUM] I_Tors: 0.874308 | State: STABLE
[AUM] I_Tors: 0.874828 | State: STABLE
[AUM] I_Tors: 0.875349 | State: STABLE
[AUM] I_Tors: 0.875868 | State: STABLE
[AUM] I_Tors: 0.876388 | State: STABLE
[AUM] I_Tors: 0.876907 | State: STABLE
[AUM] I_Tors: 0.877426 | State: STABLE
[AUM] I_Tors: 0.877944 | State: STABLE
[AUM] I_Tors: 0.878462 | State: STABLE
[AUM] I_Tors: 0.878980 | State: STABLE
[AUM] I_Tors: 0.879497 | State: STABLE
[AUM] I_Tors: 0.880014 | State: STABLE
[AUM] I_Tors: 0.880531 | State: STABLE
[AUM] I_Tors: 0.881047 | State: STABLE
[AUM] I_Tors: 0.881563 | State: STABLE
[AUM] I_Tors: 0.882079 | State: STABLE
[AUM] I_Tors: 0.882594 | State: STABLE
[AUM] I_Tors: 0.883109 | State: STABLE
[AUM] I_Tors: 0.883623 | State: STABLE
[AUM] I_Tors: 0.884137 | State: STABLE
[AUM] I_Tors: 0.884651 | State: STABLE
[AUM] I_Tors: 0.885164 | State: STABLE
[AUM] I_Tors: 0.885677 | State: STABLE
[AUM] I_Tors: 0.886190 | State: STABLE
[AUM] I_Tors: 0.886702 | State: STABLE
[AUM] I_Tors: 0.887214 | State: STABLE
[AUM] I_Tors: 0.887726 | State: STABLE
[AUM] I_Tors: 0.888237 | State: STABLE
[AUM] I_Tors: 0.888748 | State: STABLE
[AUM] I_Tors: 0.889258 | State: STABLE
[AUM] I_Tors: 0.889768 | State: STABLE
[AUM] I_Tors: 0.890278 | State: STABLE
[AUM] I_Tors: 0.890788 | State: STABLE
[AUM] I_Tors: 0.891297 | State: STABLE
[AUM] I_Tors: 0.891805 | State: STABLE
[AUM] I_Tors: 0.892314 | State: STABLE
[AUM] I_Tors: 0.892822 | State: STABLE
[AUM] I_Tors: 0.893329 | State: STABLE
[AUM] I_Tors: 0.893837 | State: STABLE
[AUM] I_Tors: 0.894344 | State: STABLE
[AUM] I_Tors: 0.894850 | State: STABLE
[AUM] I_Tors: 0.895357 | State: STABLE
[AUM] I_Tors: 0.895862 | State: STABLE
[AUM] I_Tors: 0.896368 | State: STABLE
[AUM] I_Tors: 0.896873 | State: STABLE
[AUM] I_Tors: 0.897378 | State: STABLE
[AUM] I_Tors: 0.897882 | State: STABLE
[AUM] I_Tors: 0.898386 | State: STABLE
[AUM] I_Tors: 0.898890 | State: STABLE
[AUM] I_Tors: 0.899394 | State: STABLE
[AUM] I_Tors: 0.899897 | State: STABLE
[AUM] I_Tors: 0.900399 | State: STABLE
[AUM] I_Tors: 0.900902 | State: STABLE
[AUM] I_Tors: 0.901404 | State: STABLE
[AUM] I_Tors: 0.901905 | State: STABLE
[AUM] I_Tors: 0.902407 | State: STABLE
[AUM] I_Tors: 0.902908 | State: STABLE
[AUM] I_Tors: 0.903408 | State: STABLE
[AUM] I_Tors: 0.903908 | State: STABLE
[AUM] I_Tors: 0.904408 | State: STABLE
[AUM] I_Tors: 0.904908 | State: STABLE
[AUM] I_Tors: 0.905407 | State: STABLE
[AUM] I_Tors: 0.905906 | State: STABLE
[AUM] I_Tors: 0.906404 | State: STABLE
[AUM] I_Tors: 0.906902 | State: STABLE
[AUM] I_Tors: 0.907400 | State: STABLE
[AUM] I_Tors: 0.907898 | State: STABLE
[AUM] I_Tors: 0.908395 | State: STABLE
[AUM] I_Tors: 0.908892 | State: STABLE
[AUM] I_Tors: 0.909388 | State: STABLE
[AUM] I_Tors: 0.909884 | State: STABLE
[AUM] I_Tors: 0.910380 | State: STABLE
[AUM] I_Tors: 0.910875 | State: STABLE
[AUM] I_Tors: 0.911370 | State: STABLE
[AUM] I_Tors: 0.911865 | State: STABLE
[AUM] I_Tors: 0.912359 | State: STABLE
[AUM] I_Tors: 0.912853 | State: STABLE
[AUM] I_Tors: 0.913347 | State: STABLE
[AUM] I_Tors: 0.913840 | State: STABLE
[AUM] I_Tors: 0.914333 | State: STABLE
[AUM] I_Tors: 0.914825 | State: STABLE
[AUM] I_Tors: 0.915318 | State: STABLE
[AUM] I_Tors: 0.915810 | State: STABLE
[AUM] I_Tors: 0.916301 | State: STABLE
[AUM] I_Tors: 0.916792 | State: STABLE
[AUM] I_Tors: 0.917283 | State: STABLE
[AUM] I_Tors: 0.917774 | State: STABLE
[AUM] I_Tors: 0.918264 | State: STABLE
[AUM] I_Tors: 0.918754 | State: STABLE
[AUM] I_Tors: 0.919243 | State: STABLE
[AUM] I_Tors: 0.919732 | State: STABLE
[AUM] I_Tors: 0.920221 | State: STABLE
[AUM] I_Tors: 0.920710 | State: STABLE
[AUM] I_Tors: 0.921198 | State: STABLE
[AUM] I_Tors: 0.921686 | State: STABLE
[AUM] I_Tors: 0.922173 | State: STABLE
[AUM] I_Tors: 0.922660 | State: STABLE
[AUM] I_Tors: 0.923147 | State: STABLE
[AUM] I_Tors: 0.923633 | State: STABLE
[AUM] I_Tors: 0.924119 | State: STABLE
[AUM] I_Tors: 0.924605 | State: STABLE
[AUM] I_Tors: 0.925091 | State: STABLE
[AUM] I_Tors: 0.925576 | State: STABLE
[AUM] I_Tors: 0.926060 | State: STABLE
[AUM] I_Tors: 0.926545 | State: STABLE
[AUM] I_Tors: 0.927029 | State: STABLE
[AUM] I_Tors: 0.927512 | State: STABLE
[AUM] I_Tors: 0.927996 | State: STABLE
[AUM] I_Tors: 0.928479 | State: STABLE
[AUM] I_Tors: 0.928962 | State: STABLE
[AUM] I_Tors: 0.929444 | State: STABLE
[AUM] I_Tors: 0.929926 | State: STABLE
[AUM] I_Tors: 0.930408 | State: STABLE
[AUM] I_Tors: 0.930889 | State: STABLE
[AUM] I_Tors: 0.931370 | State: STABLE
[AUM] I_Tors: 0.931851 | State: STABLE
[AUM] I_Tors: 0.932331 | State: STABLE
[AUM] I_Tors: 0.932811 | State: STABLE
[AUM] I_Tors: 0.933291 | State: STABLE
[AUM] I_Tors: 0.933770 | State: STABLE
[AUM] I_Tors: 0.934249 | State: STABLE
[AUM] I_Tors: 0.934728 | State: STABLE
[AUM] I_Tors: 0.935206 | State: STABLE
[AUM] I_Tors: 0.935684 | State: STABLE
[AUM] I_Tors: 0.936161 | State: STABLE
[AUM] I_Tors: 0.936639 | State: STABLE
[AUM] I_Tors: 0.937116 | State: STABLE
[AUM] I_Tors: 0.937592 | State: STABLE
[AUM] I_Tors: 0.938069 | State: STABLE
[AUM] I_Tors: 0.938545 | State: STABLE
[AUM] I_Tors: 0.939020 | State: STABLE
[AUM] I_Tors: 0.939496 | State: STABLE
[AUM] I_Tors: 0.939971 | State: STABLE
[AUM] I_Tors: 0.940445 | State: STABLE
[AUM] I_Tors: 0.940920 | State: STABLE
[AUM] I_Tors: 0.941394 | State: STABLE
[AUM] I_Tors: 0.941867 | State: STABLE
[AUM] I_Tors: 0.942341 | State: STABLE
[AUM] I_Tors: 0.942814 | State: STABLE
[AUM] I_Tors: 0.943286 | State: STABLE
[AUM] I_Tors: 0.943759 | State: STABLE
[AUM] I_Tors: 0.944230 | State: STABLE
[AUM] I_Tors: 0.944702 | State: STABLE
[AUM] I_Tors: 0.945173 | State: STABLE
[AUM] I_Tors: 0.945644 | State: STABLE
[AUM] I_Tors: 0.946115 | State: STABLE
[AUM] I_Tors: 0.946586 | State: STABLE
[AUM] I_Tors: 0.947056 | State: STABLE
[AUM] I_Tors: 0.947525 | State: STABLE
[AUM] I_Tors: 0.947995 | State: STABLE
[AUM] I_Tors: 0.948464 | State: STABLE
[AUM] I_Tors: 0.948932 | State: STABLE
[AUM] I_Tors: 0.949401 | State: STABLE
[AUM] I_Tors: 0.949869 | State: STABLE
[AUM] I_Tors: 0.950336 | State: STABLE
[AUM] I_Tors: 0.950804 | State: STABLE
[AUM] I_Tors: 0.951271 | State: STABLE
[AUM] I_Tors: 0.951738 | State: STABLE
[AUM] I_Tors: 0.952204 | State: STABLE
[AUM] I_Tors: 0.952670 | State: STABLE
[AUM] I_Tors: 0.953136 | State: STABLE
[AUM] I_Tors: 0.953601 | State: STABLE
[AUM] I_Tors: 0.954066 | State: STABLE
[AUM] I_Tors: 0.954531 | State: STABLE
[AUM] I_Tors: 0.954996 | State: STABLE
[AUM] I_Tors: 0.955460 | State: STABLE
[AUM] I_Tors: 0.955924 | State: STABLE
[AUM] I_Tors: 0.956387 | State: STABLE
[AUM] I_Tors: 0.956850 | State: STABLE
[AUM] I_Tors: 0.957313 | State: STABLE
[AUM] I_Tors: 0.957776 | State: STABLE
[AUM] I_Tors: 0.958238 | State: STABLE
[AUM] I_Tors: 0.958700 | State: STABLE
[AUM] I_Tors: 0.959161 | State: STABLE
[AUM] I_Tors: 0.959622 | State: STABLE
[AUM] I_Tors: 0.960083 | State: STABLE
[AUM] I_Tors: 0.960544 | State: STABLE
[AUM] I_Tors: 0.961004 | State: STABLE
[AUM] I_Tors: 0.961464 | State: STABLE
[AUM] I_Tors: 0.961924 | State: STABLE
[AUM] I_Tors: 0.962383 | State: STABLE
[AUM] I_Tors: 0.962842 | State: STABLE
[AUM] I_Tors: 0.963300 | State: STABLE
[AUM] I_Tors: 0.963759 | State: STABLE
[AUM] I_Tors: 0.964217 | State: STABLE
[AUM] I_Tors: 0.964674 | State: STABLE
[AUM] I_Tors: 0.965132 | State: STABLE
[AUM] I_Tors: 0.965589 | State: STABLE
[AUM] I_Tors: 0.966045 | State: STABLE
[AUM] I_Tors: 0.966502 | State: STABLE
[AUM] I_Tors: 0.966958 | State: STABLE
[AUM] I_Tors: 0.967414 | State: STABLE
[AUM] I_Tors: 0.967869 | State: STABLE
[AUM] I_Tors: 0.968324 | State: STABLE
[AUM] I_Tors: 0.968779 | State: STABLE
[AUM] I_Tors: 0.969233 | State: STABLE
[AUM] I_Tors: 0.969688 | State: STABLE
[AUM] I_Tors: 0.970141 | State: STABLE
[AUM] I_Tors: 0.970595 | State: STABLE
[AUM] I_Tors: 0.971048 | State: STABLE
[AUM] I_Tors: 0.971501 | State: STABLE
[AUM] I_Tors: 0.971954 | State: STABLE
[AUM] I_Tors: 0.972406 | State: STABLE
[AUM] I_Tors: 0.972858 | State: STABLE
[AUM] I_Tors: 0.973310 | State: STABLE
[AUM] I_Tors: 0.973761 | State: STABLE
[AUM] I_Tors: 0.974212 | State: STABLE
[AUM] I_Tors: 0.974662 | State: STABLE
[AUM] I_Tors: 0.975113 | State: STABLE
[AUM] I_Tors: 0.975563 | State: STABLE
[AUM] I_Tors: 0.976013 | State: STABLE
[AUM] I_Tors: 0.976462 | State: STABLE
[AUM] I_Tors: 0.976911 | State: STABLE
[AUM] I_Tors: 0.977360 | State: STABLE
[AUM] I_Tors: 0.977808 | State: STABLE
[AUM] I_Tors: 0.978257 | State: STABLE
[AUM] I_Tors: 0.978704 | State: STABLE
[AUM] I_Tors: 0.979152 | State: STABLE
[AUM] I_Tors: 0.979599 | State: STABLE
[AUM] I_Tors: 0.980046 | State: STABLE
[AUM] I_Tors: 0.980493 | State: STABLE
[AUM] I_Tors: 0.980939 | State: STABLE
[AUM] I_Tors: 0.981385 | State: STABLE
[AUM] I_Tors: 0.981831 | State: STABLE
[AUM] I_Tors: 0.982276 | State: STABLE
[AUM] I_Tors: 0.982721 | State: STABLE
[AUM] I_Tors: 0.983166 | State: STABLE
[AUM] I_Tors: 0.983610 | State: STABLE
[AUM] I_Tors: 0.984054 | State: STABLE
[AUM] I_Tors: 0.984498 | State: STABLE
[AUM] I_Tors: 0.984941 | State: STABLE
[AUM] I_Tors: 0.985385 | State: STABLE
[AUM] I_Tors: 0.985827 | State: STABLE
[AUM] I_Tors: 0.986270 | State: STABLE
[AUM] I_Tors: 0.986712 | State: STABLE
[AUM] I_Tors: 0.987154 | State: STABLE
[AUM] I_Tors: 0.987596 | State: STABLE
[AUM] I_Tors: 0.988037 | State: STABLE
[AUM] I_Tors: 0.988478 | State: STABLE
[AUM] I_Tors: 0.988919 | State: STABLE
[AUM] I_Tors: 0.989359 | State: STABLE
[AUM] I_Tors: 0.989799 | State: STABLE
[AUM] I_Tors: 0.990239 | State: STABLE
[AUM] I_Tors: 0.990678 | State: STABLE
[AUM] I_Tors: 0.991118 | State: STABLE
[AUM] I_Tors: 0.991556 | State: STABLE
[AUM] I_Tors: 0.991995 | State: STABLE
[AUM] I_Tors: 0.992433 | State: STABLE
[AUM] I_Tors: 0.992871 | State: STABLE
[AUM] I_Tors: 0.993309 | State: STABLE
[AUM] I_Tors: 0.993746 | State: STABLE
[AUM] I_Tors: 0.994183 | State: STABLE
[AUM] I_Tors: 0.994620 | State: STABLE
[AUM] I_Tors: 0.995056 | State: STABLE
[AUM] I_Tors: 0.995492 | State: STABLE
[AUM] I_Tors: 0.995928 | State: STABLE
[AUM] I_Tors: 0.996363 | State: STABLE
[AUM] I_Tors: 0.996799 | State: STABLE
[AUM] I_Tors: 0.997233 | State: STABLE
[AUM] I_Tors: 0.997668 | State: STABLE
[AUM] I_Tors: 0.998102 | State: STABLE
[AUM] I_Tors: 0.998536 | State: STABLE
[AUM] I_Tors: 0.998970 | State: STABLE
[AUM] I_Tors: 0.999403 | State: STABLE
[AUM] I_Tors: 0.999836 | State: STABLE
[AUM] I_Tors: 1.000269 | State: STABLE
[AUM] I_Tors: 1.000701 | State: STABLE
[AUM] I_Tors: 1.001134 | State: STABLE
[AUM] I_Tors: 1.001565 | State: STABLE
[AUM] I_Tors: 1.001997 | State: STABLE
[AUM] I_Tors: 1.002428 | State: STABLE
[AUM] I_Tors: 1.002859 | State: STABLE
[AUM] I_Tors: 1.003290 | State: STABLE
[AUM] I_Tors: 1.003720 | State: STABLE
[AUM] I_Tors: 1.004150 | State: STABLE
[AUM] I_Tors: 1.004580 | State: STABLE
[AUM] I_Tors: 1.005009 | State: STABLE
[AUM] I_Tors: 1.005438 | State: STABLE
[AUM] I_Tors: 1.005867 | State: STABLE
[AUM] I_Tors: 1.006296 | State: STABLE
[AUM] I_Tors: 1.006724 | State: STABLE
[AUM] I_Tors: 1.007152 | State: STABLE
[AUM] I_Tors: 1.007579 | State: STABLE
[AUM] I_Tors: 1.008007 | State: STABLE
[AUM] I_Tors: 1.008434 | State: STABLE
[AUM] I_Tors: 1.008860 | State: STABLE
[AUM] I_Tors: 1.009287 | State: STABLE
[AUM] I_Tors: 1.009713 | State: STABLE
[AUM] I_Tors: 1.010139 | State: STABLE
[AUM] I_Tors: 1.010564 | State: STABLE
[AUM] I_Tors: 1.010990 | State: STABLE
[AUM] I_Tors: 1.011414 | State: STABLE
[AUM] I_Tors: 1.011839 | State: STABLE
[AUM] I_Tors: 1.012263 | State: STABLE
[AUM] I_Tors: 1.012687 | State: STABLE
[AUM] I_Tors: 1.013111 | State: STABLE
[AUM] I_Tors: 1.013535 | State: STABLE
[AUM] I_Tors: 1.013958 | State: STABLE
[AUM] I_Tors: 1.014381 | State: STABLE
[AUM] I_Tors: 1.014803 | State: STABLE
[AUM] I_Tors: 1.015226 | State: STABLE
[AUM] I_Tors: 1.015647 | State: STABLE
[AUM] I_Tors: 1.016069 | State: STABLE
[AUM] I_Tors: 1.016491 | State: STABLE
[AUM] I_Tors: 1.016912 | State: STABLE
[AUM] I_Tors: 1.017332 | State: STABLE
[AUM] I_Tors: 1.017753 | State: STABLE
[AUM] I_Tors: 1.018173 | State: STABLE
[AUM] I_Tors: 1.018593 | State: STABLE
[AUM] I_Tors: 1.019013 | State: STABLE
[AUM] I_Tors: 1.019432 | State: STABLE
[AUM] I_Tors: 1.019851 | State: STABLE
[AUM] I_Tors: 1.020270 | State: STABLE
[AUM] I_Tors: 1.020688 | State: STABLE
[AUM] I_Tors: 1.021106 | State: STABLE
[AUM] I_Tors: 1.021524 | State: STABLE
[AUM] I_Tors: 1.021942 | State: STABLE
[AUM] I_Tors: 1.022359 | State: STABLE
[AUM] I_Tors: 1.022776 | State: STABLE
[AUM] I_Tors: 1.023193 | State: STABLE
[AUM] I_Tors: 1.023609 | State: STABLE
[AUM] I_Tors: 1.024025 | State: STABLE
[AUM] I_Tors: 1.024441 | State: STABLE
[AUM] I_Tors: 1.024856 | State: STABLE
[AUM] I_Tors: 1.025272 | State: STABLE
[AUM] I_Tors: 1.025687 | State: STABLE
[AUM] I_Tors: 1.026101 | State: STABLE
[AUM] I_Tors: 1.026516 | State: STABLE
[AUM] I_Tors: 1.026930 | State: STABLE
[AUM] I_Tors: 1.027343 | State: STABLE
[AUM] I_Tors: 1.027757 | State: STABLE
[AUM] I_Tors: 1.028170 | State: STABLE
[AUM] I_Tors: 1.028583 | State: STABLE
[AUM] I_Tors: 1.028996 | State: STABLE
[AUM] I_Tors: 1.029408 | State: STABLE
[AUM] I_Tors: 1.029820 | State: STABLE
[AUM] I_Tors: 1.030232 | State: STABLE
[AUM] I_Tors: 1.030643 | State: STABLE
[AUM] I_Tors: 1.031054 | State: STABLE
[AUM] I_Tors: 1.031465 | State: STABLE
[AUM] I_Tors: 1.031876 | State: STABLE
[AUM] I_Tors: 1.032286 | State: STABLE
[AUM] I_Tors: 1.032696 | State: STABLE
[AUM] I_Tors: 1.033106 | State: STABLE
[AUM] I_Tors: 1.033515 | State: STABLE
[AUM] I_Tors: 1.033924 | State: STABLE
[AUM] I_Tors: 1.034333 | State: STABLE
[AUM] I_Tors: 1.034742 | State: STABLE
[AUM] I_Tors: 1.035150 | State: STABLE
[AUM] I_Tors: 1.035558 | State: STABLE
[AUM] I_Tors: 1.035966 | State: STABLE
[AUM] I_Tors: 1.036373 | State: STABLE
[AUM] I_Tors: 1.036781 | State: STABLE
[AUM] I_Tors: 1.037187 | State: STABLE
[AUM] I_Tors: 1.037594 | State: STABLE
[AUM] I_Tors: 1.038000 | State: STABLE
[AUM] I_Tors: 1.038406 | State: STABLE
[AUM] I_Tors: 1.038812 | State: STABLE
[AUM] I_Tors: 1.039218 | State: STABLE
[AUM] I_Tors: 1.039623 | State: STABLE
[AUM] I_Tors: 1.040028 | State: STABLE
[AUM] I_Tors: 1.040432 | State: STABLE
[AUM] I_Tors: 1.040837 | State: STABLE
[AUM] I_Tors: 1.041241 | State: STABLE
[AUM] I_Tors: 1.041644 | State: STABLE
[AUM] I_Tors: 1.042048 | State: STABLE
[AUM] I_Tors: 1.042451 | State: STABLE
[AUM] I_Tors: 1.042854 | State: STABLE
[AUM] I_Tors: 1.043257 | State: STABLE
[AUM] I_Tors: 1.043659 | State: STABLE
[AUM] I_Tors: 1.044061 | State: STABLE
[AUM] I_Tors: 1.044463 | State: STABLE
[AUM] I_Tors: 1.044864 | State: STABLE
[AUM] I_Tors: 1.045265 | State: STABLE
[AUM] I_Tors: 1.045666 | State: STABLE
[AUM] I_Tors: 1.046067 | State: STABLE
[AUM] I_Tors: 1.046467 | State: STABLE
[AUM] I_Tors: 1.046868 | State: STABLE
[AUM] I_Tors: 1.047267 | State: STABLE
[AUM] I_Tors: 1.047667 | State: STABLE
[AUM] I_Tors: 1.048066 | State: STABLE
[AUM] I_Tors: 1.048465 | State: STABLE
[AUM] I_Tors: 1.048864 | State: STABLE
[AUM] I_Tors: 1.049262 | State: STABLE
[AUM] I_Tors: 1.049660 | State: STABLE
[AUM] I_Tors: 1.050058 | State: STABLE
[AUM] I_Tors: 1.050456 | State: STABLE
[AUM] I_Tors: 1.050853 | State: STABLE
[AUM] I_Tors: 1.051250 | State: STABLE
[AUM] I_Tors: 1.051647 | State: STABLE
[AUM] I_Tors: 1.052043 | State: STABLE
[AUM] I_Tors: 1.052440 | State: STABLE
[AUM] I_Tors: 1.052835 | State: STABLE
[AUM] I_Tors: 1.053231 | State: STABLE
[AUM] I_Tors: 1.053626 | State: STABLE
[AUM] I_Tors: 1.054022 | State: STABLE
[AUM] I_Tors: 1.054416 | State: STABLE
[AUM] I_Tors: 1.054811 | State: STABLE
[AUM] I_Tors: 1.055205 | State: STABLE
[AUM] I_Tors: 1.055599 | State: STABLE
[AUM] I_Tors: 1.055993 | State: STABLE
[AUM] I_Tors: 1.056386 | State: STABLE
[AUM] I_Tors: 1.056779 | State: STABLE
[AUM] I_Tors: 1.057172 | State: STABLE
[AUM] I_Tors: 1.057565 | State: STABLE
[AUM] I_Tors: 1.057957 | State: STABLE
[AUM] I_Tors: 1.058349 | State: STABLE
[AUM] I_Tors: 1.058741 | State: STABLE
[AUM] I_Tors: 1.059133 | State: STABLE
[AUM] I_Tors: 1.059524 | State: STABLE
[AUM] I_Tors: 1.059915 | State: STABLE
[AUM] I_Tors: 1.060305 | State: STABLE
[AUM] I_Tors: 1.060696 | State: STABLE
[AUM] I_Tors: 1.061086 | State: STABLE
[AUM] I_Tors: 1.061476 | State: STABLE
[AUM] I_Tors: 1.061865 | State: STABLE
[AUM] I_Tors: 1.062255 | State: STABLE
[AUM] I_Tors: 1.062644 | State: STABLE
[AUM] I_Tors: 1.063033 | State: STABLE
[AUM] I_Tors: 1.063421 | State: STABLE
[AUM] I_Tors: 1.063809 | State: STABLE
[AUM] I_Tors: 1.064197 | State: STABLE
[AUM] I_Tors: 1.064585 | State: STABLE
[AUM] I_Tors: 1.064972 | State: STABLE
[AUM] I_Tors: 1.065360 | State: STABLE
[AUM] I_Tors: 1.065746 | State: STABLE
[AUM] I_Tors: 1.066133 | State: STABLE
[AUM] I_Tors: 1.066519 | State: STABLE
[AUM] I_Tors: 1.066905 | State: STABLE
[AUM] I_Tors: 1.067291 | State: STABLE
[AUM] I_Tors: 1.067677 | State: STABLE
[AUM] I_Tors: 1.068062 | State: STABLE
[AUM] I_Tors: 1.068447 | State: STABLE
[AUM] I_Tors: 1.068832 | State: STABLE
[AUM] I_Tors: 1.069216 | State: STABLE
[AUM] I_Tors: 1.069600 | State: STABLE
[AUM] I_Tors: 1.069984 | State: STABLE
[AUM] I_Tors: 1.070368 | State: STABLE
[AUM] I_Tors: 1.070751 | State: STABLE
[AUM] I_Tors: 1.071134 | State: STABLE
[AUM] I_Tors: 1.071517 | State: STABLE
[AUM] I_Tors: 1.071900 | State: STABLE
[AUM] I_Tors: 1.072282 | State: STABLE
[AUM] I_Tors: 1.072664 | State: STABLE
[AUM] I_Tors: 1.073046 | State: STABLE
[AUM] I_Tors: 1.073427 | State: STABLE
[AUM] I_Tors: 1.073808 | State: STABLE
[AUM] I_Tors: 1.074189 | State: STABLE
[AUM] I_Tors: 1.074570 | State: STABLE
[AUM] I_Tors: 1.074951 | State: STABLE
[AUM] I_Tors: 1.075331 | State: STABLE
[AUM] I_Tors: 1.075711 | State: STABLE
[AUM] I_Tors: 1.076090 | State: STABLE
[AUM] I_Tors: 1.076470 | State: STABLE
[AUM] I_Tors: 1.076849 | State: STABLE
[AUM] I_Tors: 1.077227 | State: STABLE
[AUM] I_Tors: 1.077606 | State: STABLE
[AUM] I_Tors: 1.077984 | State: STABLE
[AUM] I_Tors: 1.078362 | State: STABLE
[AUM] I_Tors: 1.078740 | State: STABLE
[AUM] I_Tors: 1.079118 | State: STABLE
[AUM] I_Tors: 1.079495 | State: STABLE
[AUM] I_Tors: 1.079872 | State: STABLE
[AUM] I_Tors: 1.080249 | State: STABLE
[AUM] I_Tors: 1.080625 | State: STABLE
[AUM] I_Tors: 1.081001 | State: STABLE
[AUM] I_Tors: 1.081377 | State: STABLE
[AUM] I_Tors: 1.081753 | State: STABLE
[AUM] I_Tors: 1.082128 | State: STABLE
[AUM] I_Tors: 1.082503 | State: STABLE
[AUM] I_Tors: 1.082878 | State: STABLE
[AUM] I_Tors: 1.083253 | State: STABLE
[AUM] I_Tors: 1.083627 | State: STABLE
[AUM] I_Tors: 1.084001 | State: STABLE
[AUM] I_Tors: 1.084375 | State: STABLE
[AUM] I_Tors: 1.084749 | State: STABLE
[AUM] I_Tors: 1.085122 | State: STABLE
[AUM] I_Tors: 1.085495 | State: STABLE
[AUM] I_Tors: 1.085868 | State: STABLE
[AUM] I_Tors: 1.086240 | State: STABLE
[AUM] I_Tors: 1.086613 | State: STABLE
[AUM] I_Tors: 1.086985 | State: STABLE
[AUM] I_Tors: 1.087356 | State: STABLE
[AUM] I_Tors: 1.087728 | State: STABLE
[AUM] I_Tors: 1.088099 | State: STABLE
[AUM] I_Tors: 1.088470 | State: STABLE
[AUM] I_Tors: 1.088841 | State: STABLE
[AUM] I_Tors: 1.089211 | State: STABLE
[AUM] I_Tors: 1.089581 | State: STABLE
[AUM] I_Tors: 1.089951 | State: STABLE
[AUM] I_Tors: 1.090321 | State: STABLE
[AUM] I_Tors: 1.090690 | State: STABLE
[AUM] I_Tors: 1.091059 | State: STABLE
[AUM] I_Tors: 1.091428 | State: STABLE
[AUM] I_Tors: 1.091797 | State: STABLE
[AUM] I_Tors: 1.092165 | State: STABLE
[AUM] I_Tors: 1.092533 | State: STABLE
[AUM] I_Tors: 1.092901 | State: STABLE
[AUM] I_Tors: 1.093269 | State: STABLE
[AUM] I_Tors: 1.093636 | State: STABLE
[AUM] I_Tors: 1.094003 | State: STABLE
[AUM] I_Tors: 1.094370 | State: STABLE
[AUM] I_Tors: 1.094737 | State: STABLE
[AUM] I_Tors: 1.095103 | State: STABLE
[AUM] I_Tors: 1.095469 | State: STABLE
[AUM] I_Tors: 1.095835 | State: STABLE
[AUM] I_Tors: 1.096200 | State: STABLE
[AUM] I_Tors: 1.096566 | State: STABLE
[AUM] I_Tors: 1.096931 | State: STABLE
[AUM] I_Tors: 1.097295 | State: STABLE
[AUM] I_Tors: 1.097660 | State: STABLE
[AUM] I_Tors: 1.098024 | State: STABLE
[AUM] I_Tors: 1.098388 | State: STABLE
[AUM] I_Tors: 1.098752 | State: STABLE
[AUM] I_Tors: 1.099115 | State: STABLE
[AUM] I_Tors: 1.099479 | State: STABLE
[AUM] I_Tors: 1.099842 | State: STABLE
[AUM] I_Tors: 1.100204 | State: STABLE
[AUM] I_Tors: 1.100567 | State: STABLE
[AUM] I_Tors: 1.100929 | State: STABLE
[AUM] I_Tors: 1.101291 | State: STABLE
[AUM] I_Tors: 1.101653 | State: STABLE
[AUM] I_Tors: 1.102014 | State: STABLE
[AUM] I_Tors: 1.102375 | State: STABLE
[AUM] I_Tors: 1.102736 | State: STABLE
[AUM] I_Tors: 1.103097 | State: STABLE
[AUM] I_Tors: 1.103458 | State: STABLE
[AUM] I_Tors: 1.103818 | State: STABLE
[AUM] I_Tors: 1.104178 | State: STABLE
[AUM] I_Tors: 1.104537 | State: STABLE
[AUM] I_Tors: 1.104897 | State: STABLE
[AUM] I_Tors: 1.105256 | State: STABLE
[AUM] I_Tors: 1.105615 | State: STABLE
[AUM] I_Tors: 1.105974 | State: STABLE
[AUM] I_Tors: 1.106332 | State: STABLE
[AUM] I_Tors: 1.106690 | State: STABLE
[AUM] I_Tors: 1.107048 | State: STABLE
[AUM] I_Tors: 1.107406 | State: STABLE
[AUM] I_Tors: 1.107763 | State: STABLE
[AUM] I_Tors: 1.108121 | State: STABLE
[AUM] I_Tors: 1.108478 | State: STABLE
[AUM] I_Tors: 1.108834 | State: STABLE
[AUM] I_Tors: 1.109191 | State: STABLE
[AUM] I_Tors: 1.109547 | State: STABLE
[AUM] I_Tors: 1.109903 | State: STABLE
[AUM] I_Tors: 1.110258 | State: STABLE
[AUM] I_Tors: 1.110614 | State: STABLE
[AUM] I_Tors: 1.110969 | State: STABLE
[AUM] I_Tors: 1.111324 | State: STABLE
[AUM] I_Tors: 1.111679 | State: STABLE
[AUM] I_Tors: 1.112033 | State: STABLE
[AUM] I_Tors: 1.112387 | State: STABLE
[AUM] I_Tors: 1.112741 | State: STABLE
[AUM] I_Tors: 1.113095 | State: STABLE
[AUM] I_Tors: 1.113448 | State: STABLE
[AUM] I_Tors: 1.113802 | State: STABLE
[AUM] I_Tors: 1.114155 | State: STABLE
[AUM] I_Tors: 1.114507 | State: STABLE
[AUM] I_Tors: 1.114860 | State: STABLE
[AUM] I_Tors: 1.115212 | State: STABLE
[AUM] I_Tors: 1.115564 | State: STABLE
[AUM] I_Tors: 1.115916 | State: STABLE
[AUM] I_Tors: 1.116267 | State: STABLE
[AUM] I_Tors: 1.116618 | State: STABLE
[AUM] I_Tors: 1.116969 | State: STABLE
[AUM] I_Tors: 1.117320 | State: STABLE
[AUM] I_Tors: 1.117671 | State: STABLE
[AUM] I_Tors: 1.118021 | State: STABLE
[AUM] I_Tors: 1.118371 | State: STABLE
[AUM] I_Tors: 1.118721 | State: STABLE
[AUM] I_Tors: 1.119070 | State: STABLE
[AUM] I_Tors: 1.119420 | State: STABLE
[AUM] I_Tors: 1.119769 | State: STABLE
[AUM] I_Tors: 1.120117 | State: STABLE
[AUM] I_Tors: 1.120466 | State: STABLE
[AUM] I_Tors: 1.120814 | State: STABLE
[AUM] I_Tors: 1.121162 | State: STABLE
[AUM] I_Tors: 1.121510 | State: STABLE
[AUM] I_Tors: 1.121858 | State: STABLE
[AUM] I_Tors: 1.122205 | State: STABLE
[AUM] I_Tors: 1.122552 | State: STABLE
[AUM] I_Tors: 1.122899 | State: STABLE
[AUM] I_Tors: 1.123245 | State: STABLE
[AUM] I_Tors: 1.123592 | State: STABLE
[AUM] I_Tors: 1.123938 | State: STABLE
[AUM] I_Tors: 1.124284 | State: STABLE
[AUM] I_Tors: 1.124629 | State: STABLE
[AUM] I_Tors: 1.124975 | State: STABLE
[AUM] I_Tors: 1.125320 | State: STABLE
[AUM] I_Tors: 1.125665 | State: STABLE
[AUM] I_Tors: 1.126010 | State: STABLE
[AUM] I_Tors: 1.126354 | State: STABLE
[AUM] I_Tors: 1.126698 | State: STABLE
[AUM] I_Tors: 1.127042 | State: STABLE
[AUM] I_Tors: 1.127386 | State: STABLE
[AUM] I_Tors: 1.127729 | State: STABLE
[AUM] I_Tors: 1.128072 | State: STABLE
[AUM] I_Tors: 1.128415 | State: STABLE
[AUM] I_Tors: 1.128758 | State: STABLE
[AUM] I_Tors: 1.129101 | State: STABLE
[AUM] I_Tors: 1.129443 | State: STABLE
[AUM] I_Tors: 1.129785 | State: STABLE
[AUM] I_Tors: 1.130127 | State: STABLE
[AUM] I_Tors: 1.130468 | State: STABLE
[AUM] I_Tors: 1.130809 | State: STABLE
[AUM] I_Tors: 1.131151 | State: STABLE
[AUM] I_Tors: 1.131491 | State: STABLE
[AUM] I_Tors: 1.131832 | State: STABLE
[AUM] I_Tors: 1.132172 | State: STABLE
[AUM] I_Tors: 1.132512 | State: STABLE
[AUM] I_Tors: 1.132852 | State: STABLE
[AUM] I_Tors: 1.133192 | State: STABLE
[AUM] I_Tors: 1.133531 | State: STABLE
[AUM] I_Tors: 1.133870 | State: STABLE
[AUM] I_Tors: 1.134209 | State: STABLE
[AUM] I_Tors: 1.134548 | State: STABLE
[AUM] I_Tors: 1.134886 | State: STABLE
[AUM] I_Tors: 1.135225 | State: STABLE
[AUM] I_Tors: 1.135563 | State: STABLE
[AUM] I_Tors: 1.135900 | State: STABLE
[AUM] I_Tors: 1.136238 | State: STABLE
[AUM] I_Tors: 1.136575 | State: STABLE
[AUM] I_Tors: 1.136912 | State: STABLE
[AUM] I_Tors: 1.137249 | State: STABLE
[AUM] I_Tors: 1.137585 | State: STABLE
[AUM] I_Tors: 1.137922 | State: STABLE
[AUM] I_Tors: 1.138258 | State: STABLE
[AUM] I_Tors: 1.138594 | State: STABLE
[AUM] I_Tors: 1.138929 | State: STABLE
[AUM] I_Tors: 1.139265 | State: STABLE
[AUM] I_Tors: 1.139600 | State: STABLE
[AUM] I_Tors: 1.139935 | State: STABLE
[AUM] I_Tors: 1.140269 | State: STABLE
[AUM] I_Tors: 1.140604 | State: STABLE
[AUM] I_Tors: 1.140938 | State: STABLE
[AUM] I_Tors: 1.141272 | State: STABLE
[AUM] I_Tors: 1.141606 | State: STABLE
[AUM] I_Tors: 1.141939 | State: STABLE
[AUM] I_Tors: 1.142272 | State: STABLE
[AUM] I_Tors: 1.142606 | State: STABLE
[AUM] I_Tors: 1.142938 | State: STABLE
[AUM] I_Tors: 1.143271 | State: STABLE
[AUM] I_Tors: 1.143603 | State: STABLE
[AUM] I_Tors: 1.143935 | State: STABLE
[AUM] I_Tors: 1.144267 | State: STABLE
[AUM] I_Tors: 1.144599 | State: STABLE
[AUM] I_Tors: 1.144930 | State: STABLE
[AUM] I_Tors: 1.145261 | State: STABLE
[AUM] I_Tors: 1.145592 | State: STABLE
[AUM] I_Tors: 1.145923 | State: STABLE
[AUM] I_Tors: 1.146254 | State: STABLE
[AUM] I_Tors: 1.146584 | State: STABLE
[AUM] I_Tors: 1.146914 | State: STABLE
[AUM] I_Tors: 1.147244 | State: STABLE
[AUM] I_Tors: 1.147573 | State: STABLE
[AUM] I_Tors: 1.147902 | State: STABLE
[AUM] I_Tors: 1.148232 | State: STABLE
[AUM] I_Tors: 1.148560 | State: STABLE
[AUM] I_Tors: 1.148889 | State: STABLE
[AUM] I_Tors: 1.149217 | State: STABLE
[AUM] I_Tors: 1.149546 | State: STABLE
[AUM] I_Tors: 1.149874 | State: STABLE
[AUM] I_Tors: 1.150201 | State: STABLE
[AUM] I_Tors: 1.150529 | State: STABLE
[AUM] I_Tors: 1.150856 | State: STABLE
[AUM] I_Tors: 1.151183 | State: STABLE
[AUM] I_Tors: 1.151510 | State: STABLE
[AUM] I_Tors: 1.151836 | State: STABLE
[AUM] I_Tors: 1.152163 | State: STABLE
[AUM] I_Tors: 1.152489 | State: STABLE
[AUM] I_Tors: 1.152815 | State: STABLE
[AUM] I_Tors: 1.153140 | State: STABLE
[AUM] I_Tors: 1.153466 | State: STABLE
[AUM] I_Tors: 1.153791 | State: STABLE
[AUM] I_Tors: 1.154116 | State: STABLE
[AUM] I_Tors: 1.154441 | State: STABLE
[AUM] I_Tors: 1.154765 | State: STABLE
[AUM] I_Tors: 1.155090 | State: STABLE
[AUM] I_Tors: 1.155414 | State: STABLE
[AUM] I_Tors: 1.155737 | State: STABLE
[AUM] I_Tors: 1.156061 | State: STABLE
[AUM] I_Tors: 1.156384 | State: STABLE
[AUM] I_Tors: 1.156708 | State: STABLE
[AUM] I_Tors: 1.157030 | State: STABLE
[AUM] I_Tors: 1.157353 | State: STABLE
[AUM] I_Tors: 1.157676 | State: STABLE
[AUM] I_Tors: 1.157998 | State: STABLE
[AUM] I_Tors: 1.158320 | State: STABLE
[AUM] I_Tors: 1.158642 | State: STABLE
[AUM] I_Tors: 1.158963 | State: STABLE
[AUM] I_Tors: 1.159285 | State: STABLE
[AUM] I_Tors: 1.159606 | State: STABLE
[AUM] I_Tors: 1.159927 | State: STABLE
[AUM] I_Tors: 1.160247 | State: STABLE
[AUM] I_Tors: 1.160568 | State: STABLE
[AUM] I_Tors: 1.160888 | State: STABLE
[AUM] I_Tors: 1.161208 | State: STABLE
[AUM] I_Tors: 1.161528 | State: STABLE
[AUM] I_Tors: 1.161847 | State: STABLE
[AUM] I_Tors: 1.162167 | State: STABLE
[AUM] I_Tors: 1.162486 | State: STABLE
[AUM] I_Tors: 1.162805 | State: STABLE
[AUM] I_Tors: 1.163123 | State: STABLE
[AUM] I_Tors: 1.163442 | State: STABLE
[AUM] I_Tors: 1.163760 | State: STABLE
[AUM] I_Tors: 1.164078 | State: STABLE
[AUM] I_Tors: 1.164396 | State: STABLE
[AUM] I_Tors: 1.164713 | State: STABLE
[AUM] I_Tors: 1.165031 | State: STABLE
[AUM] I_Tors: 1.165348 | State: STABLE
[AUM] I_Tors: 1.165665 | State: STABLE
[AUM] I_Tors: 1.165981 | State: STABLE
[AUM] I_Tors: 1.166298 | State: STABLE
[AUM] I_Tors: 1.166614 | State: STABLE
[AUM] I_Tors: 1.166930 | State: STABLE
[AUM] I_Tors: 1.167246 | State: STABLE
[AUM] I_Tors: 1.167561 | State: STABLE
[AUM] I_Tors: 1.167877 | State: STABLE
[AUM] I_Tors: 1.168192 | State: STABLE
[AUM] I_Tors: 1.168507 | State: STABLE
[AUM] I_Tors: 1.168821 | State: STABLE
[AUM] I_Tors: 1.169136 | State: STABLE
[AUM] I_Tors: 1.169450 | State: STABLE
[AUM] I_Tors: 1.169764 | State: STABLE
[AUM] I_Tors: 1.170078 | State: STABLE
[AUM] I_Tors: 1.170391 | State: STABLE
[AUM] I_Tors: 1.170705 | State: STABLE
[AUM] I_Tors: 1.171018 | State: STABLE
[AUM] I_Tors: 1.171331 | State: STABLE
[AUM] I_Tors: 1.171643 | State: STABLE
[AUM] I_Tors: 1.171956 | State: STABLE
[AUM] I_Tors: 1.172268 | State: STABLE
[AUM] I_Tors: 1.172580 | State: STABLE
[AUM] I_Tors: 1.172892 | State: STABLE
[AUM] I_Tors: 1.173204 | State: STABLE
[AUM] I_Tors: 1.173515 | State: STABLE
[AUM] I_Tors: 1.173826 | State: STABLE
[AUM] I_Tors: 1.174137 | State: STABLE
[AUM] I_Tors: 1.174448 | State: STABLE
[AUM] I_Tors: 1.174758 | State: STABLE
[AUM] I_Tors: 1.175069 | State: STABLE
[AUM] I_Tors: 1.175379 | State: STABLE
[AUM] I_Tors: 1.175689 | State: STABLE
[AUM] I_Tors: 1.175998 | State: STABLE
[AUM] I_Tors: 1.176308 | State: STABLE
[AUM] I_Tors: 1.176617 | State: STABLE
[AUM] I_Tors: 1.176926 | State: STABLE
[AUM] I_Tors: 1.177235 | State: STABLE
[AUM] I_Tors: 1.177543 | State: STABLE
[AUM] I_Tors: 1.177851 | State: STABLE
[AUM] I_Tors: 1.178160 | State: STABLE
[AUM] I_Tors: 1.178467 | State: STABLE
[AUM] I_Tors: 1.178775 | State: STABLE
[AUM] I_Tors: 1.179083 | State: STABLE
[AUM] I_Tors: 1.179390 | State: STABLE
[AUM] I_Tors: 1.179697 | State: STABLE
[AUM] I_Tors: 1.180004 | State: STABLE
[AUM] I_Tors: 1.180310 | State: STABLE
[AUM] I_Tors: 1.180617 | State: STABLE
[AUM] I_Tors: 1.180923 | State: STABLE
[AUM] I_Tors: 1.181229 | State: STABLE
[AUM] I_Tors: 1.181535 | State: STABLE
[AUM] I_Tors: 1.181840 | State: STABLE
[AUM] I_Tors: 1.182146 | State: STABLE
[AUM] I_Tors: 1.182451 | State: STABLE
[AUM] I_Tors: 1.182756 | State: STABLE
[AUM] I_Tors: 1.183060 | State: STABLE
[AUM] I_Tors: 1.183365 | State: STABLE
[AUM] I_Tors: 1.183669 | State: STABLE
[AUM] I_Tors: 1.183973 | State: STABLE
[AUM] I_Tors: 1.184277 | State: STABLE
[AUM] I_Tors: 1.184581 | State: STABLE
[AUM] I_Tors: 1.184884 | State: STABLE
[AUM] I_Tors: 1.185187 | State: STABLE
[AUM] I_Tors: 1.185490 | State: STABLE
[AUM] I_Tors: 1.185793 | State: STABLE
[AUM] I_Tors: 1.186096 | State: STABLE
[AUM] I_Tors: 1.186398 | State: STABLE
[AUM] I_Tors: 1.186700 | State: STABLE
[AUM] I_Tors: 1.187002 | State: STABLE
[AUM] I_Tors: 1.187304 | State: STABLE
[AUM] I_Tors: 1.187605 | State: STABLE
[AUM] I_Tors: 1.187907 | State: STABLE
[AUM] I_Tors: 1.188208 | State: STABLE
[AUM] I_Tors: 1.188509 | State: STABLE
[AUM] I_Tors: 1.188809 | State: STABLE
[AUM] I_Tors: 1.189110 | State: STABLE
[AUM] I_Tors: 1.189410 | State: STABLE
[AUM] I_Tors: 1.189710 | State: STABLE
[AUM] I_Tors: 1.190010 | State: STABLE
[AUM] I_Tors: 1.190309 | State: STABLE
[AUM] I_Tors: 1.190609 | State: STABLE
[AUM] I_Tors: 1.190908 | State: STABLE
[AUM] I_Tors: 1.191207 | State: STABLE
[AUM] I_Tors: 1.191506 | State: STABLE
[AUM] I_Tors: 1.191804 | State: STABLE
[AUM] I_Tors: 1.192103 | State: STABLE
[AUM] I_Tors: 1.192401 | State: STABLE
[AUM] I_Tors: 1.192699 | State: STABLE
[AUM] I_Tors: 1.192997 | State: STABLE
[AUM] I_Tors: 1.193294 | State: STABLE
[AUM] I_Tors: 1.193591 | State: STABLE
[AUM] I_Tors: 1.193889 | State: STABLE
[AUM] I_Tors: 1.194185 | State: STABLE
[AUM] I_Tors: 1.194482 | State: STABLE
[AUM] I_Tors: 1.194779 | State: STABLE
[AUM] I_Tors: 1.195075 | State: STABLE
[AUM] I_Tors: 1.195371 | State: STABLE
[AUM] I_Tors: 1.195667 | State: STABLE
[AUM] I_Tors: 1.195962 | State: STABLE
[AUM] I_Tors: 1.196258 | State: STABLE
[AUM] I_Tors: 1.196553 | State: STABLE
[AUM] I_Tors: 1.196848 | State: STABLE
[AUM] I_Tors: 1.197143 | State: STABLE
[AUM] I_Tors: 1.197438 | State: STABLE
[AUM] I_Tors: 1.197732 | State: STABLE
[AUM] I_Tors: 1.198026 | State: STABLE
[AUM] I_Tors: 1.198320 | State: STABLE
[AUM] I_Tors: 1.198614 | State: STABLE
[AUM] I_Tors: 1.198908 | State: STABLE
[AUM] I_Tors: 1.199201 | State: STABLE
[AUM] I_Tors: 1.199494 | State: STABLE
[AUM] I_Tors: 1.199787 | State: STABLE
[AUM] I_Tors: 1.200080 | State: STABLE
[AUM] I_Tors: 1.200373 | State: STABLE
[AUM] I_Tors: 1.200665 | State: STABLE
[AUM] I_Tors: 1.200957 | State: STABLE
[AUM] I_Tors: 1.201249 | State: STABLE
[AUM] I_Tors: 1.201541 | State: STABLE
[AUM] I_Tors: 1.201832 | State: STABLE
[AUM] I_Tors: 1.202124 | State: STABLE
[AUM] I_Tors: 1.202415 | State: STABLE
[AUM] I_Tors: 1.202706 | State: STABLE
[AUM] I_Tors: 1.202996 | State: STABLE
[AUM] I_Tors: 1.203287 | State: STABLE
[AUM] I_Tors: 1.203577 | State: STABLE
[AUM] I_Tors: 1.203867 | State: STABLE
[AUM] I_Tors: 1.204157 | State: STABLE
[AUM] I_Tors: 1.204447 | State: STABLE
[AUM] I_Tors: 1.204737 | State: STABLE
[AUM] I_Tors: 1.205026 | State: STABLE
[AUM] I_Tors: 1.205315 | State: STABLE
[AUM] I_Tors: 1.205604 | State: STABLE
[AUM] I_Tors: 1.205893 | State: STABLE
[AUM] I_Tors: 1.206181 | State: STABLE
[AUM] I_Tors: 1.206469 | State: STABLE
[AUM] I_Tors: 1.206757 | State: STABLE
[AUM] I_Tors: 1.207045 | State: STABLE
[AUM] I_Tors: 1.207333 | State: STABLE
[AUM] I_Tors: 1.207621 | State: STABLE
[AUM] I_Tors: 1.207908 | State: STABLE
[AUM] I_Tors: 1.208195 | State: STABLE
[AUM] I_Tors: 1.208482 | State: STABLE
[AUM] I_Tors: 1.208769 | State: STABLE
[AUM] I_Tors: 1.209055 | State: STABLE
[AUM] I_Tors: 1.209341 | State: STABLE
[AUM] I_Tors: 1.209627 | State: STABLE
[AUM] I_Tors: 1.209913 | State: STABLE
[AUM] I_Tors: 1.210199 | State: STABLE
[AUM] I_Tors: 1.210484 | State: STABLE
[AUM] I_Tors: 1.210770 | State: STABLE
[AUM] I_Tors: 1.211055 | State: STABLE
[AUM] I_Tors: 1.211340 | State: STABLE
[AUM] I_Tors: 1.211624 | State: STABLE
[AUM] I_Tors: 1.211909 | State: STABLE
[AUM] I_Tors: 1.212193 | State: STABLE
[AUM] I_Tors: 1.212477 | State: STABLE
[AUM] I_Tors: 1.212761 | State: STABLE
[AUM] I_Tors: 1.213045 | State: STABLE
[AUM] I_Tors: 1.213328 | State: STABLE
[AUM] I_Tors: 1.213612 | State: STABLE
[AUM] I_Tors: 1.213895 | State: STABLE
[AUM] I_Tors: 1.214178 | State: STABLE
[AUM] I_Tors: 1.214460 | State: STABLE
[AUM] I_Tors: 1.214743 | State: STABLE
[AUM] I_Tors: 1.215025 | State: STABLE
[AUM] I_Tors: 1.215307 | State: STABLE
[AUM] I_Tors: 1.215589 | State: STABLE
[AUM] I_Tors: 1.215871 | State: STABLE
[AUM] I_Tors: 1.216152 | State: STABLE
[AUM] I_Tors: 1.216434 | State: STABLE
[AUM] I_Tors: 1.216715 | State: STABLE
[AUM] I_Tors: 1.216996 | State: STABLE
[AUM] I_Tors: 1.217276 | State: STABLE
[AUM] I_Tors: 1.217557 | State: STABLE
[AUM] I_Tors: 1.217837 | State: STABLE
[AUM] I_Tors: 1.218117 | State: STABLE
[AUM] I_Tors: 1.218397 | State: STABLE
[AUM] I_Tors: 1.218677 | State: STABLE
[AUM] I_Tors: 1.218957 | State: STABLE
[AUM] I_Tors: 1.219236 | State: STABLE
[AUM] I_Tors: 1.219515 | State: STABLE
[AUM] I_Tors: 1.219794 | State: STABLE
[AUM] I_Tors: 1.220073 | State: STABLE
[AUM] I_Tors: 1.220351 | State: STABLE
[AUM] I_Tors: 1.220630 | State: STABLE
[AUM] I_Tors: 1.220908 | State: STABLE
[AUM] I_Tors: 1.221186 | State: STABLE
[AUM] I_Tors: 1.221464 | State: STABLE
[AUM] I_Tors: 1.221741 | State: STABLE
[AUM] I_Tors: 1.222019 | State: STABLE
[AUM] I_Tors: 1.222296 | State: STABLE
[AUM] I_Tors: 1.222573 | State: STABLE
[AUM] I_Tors: 1.222850 | State: STABLE
[AUM] I_Tors: 1.223127 | State: STABLE
[AUM] I_Tors: 1.223403 | State: STABLE
[AUM] I_Tors: 1.223679 | State: STABLE
[AUM] I_Tors: 1.223955 | State: STABLE
[AUM] I_Tors: 1.224231 | State: STABLE
[AUM] I_Tors: 1.224507 | State: STABLE
[AUM] I_Tors: 1.224782 | State: STABLE
[AUM] I_Tors: 1.225058 | State: STABLE
[AUM] I_Tors: 1.225333 | State: STABLE
[AUM] I_Tors: 1.225607 | State: STABLE
[AUM] I_Tors: 1.225882 | State: STABLE
[AUM] I_Tors: 1.226157 | State: STABLE
[AUM] I_Tors: 1.226431 | State: STABLE
[AUM] I_Tors: 1.226705 | State: STABLE
[AUM] I_Tors: 1.226979 | State: STABLE
[AUM] I_Tors: 1.227253 | State: STABLE
[AUM] I_Tors: 1.227526 | State: STABLE
[AUM] I_Tors: 1.227800 | State: STABLE
[AUM] I_Tors: 1.228073 | State: STABLE
[AUM] I_Tors: 1.228346 | State: STABLE
[AUM] I_Tors: 1.228619 | State: STABLE
[AUM] I_Tors: 1.228891 | State: STABLE
[AUM] I_Tors: 1.229164 | State: STABLE
[AUM] I_Tors: 1.229436 | State: STABLE
[AUM] I_Tors: 1.229708 | State: STABLE
[AUM] I_Tors: 1.229980 | State: STABLE
[AUM] I_Tors: 1.230251 | State: STABLE
[AUM] I_Tors: 1.230523 | State: STABLE
[AUM] I_Tors: 1.230794 | State: STABLE
[AUM] I_Tors: 1.231065 | State: STABLE
[AUM] I_Tors: 1.231336 | State: STABLE
[AUM] I_Tors: 1.231607 | State: STABLE
[AUM] I_Tors: 1.231877 | State: STABLE
[AUM] I_Tors: 1.232147 | State: STABLE
[AUM] I_Tors: 1.232418 | State: STABLE
[AUM] I_Tors: 1.232687 | State: STABLE
[AUM] I_Tors: 1.232957 | State: STABLE
[AUM] I_Tors: 1.233227 | State: STABLE
[AUM] I_Tors: 1.233496 | State: STABLE
[AUM] I_Tors: 1.233765 | State: STABLE
[AUM] I_Tors: 1.234034 | State: STABLE
[AUM] I_Tors: 1.234303 | State: STABLE
[AUM] I_Tors: 1.234572 | State: STABLE
[AUM] I_Tors: 1.234840 | State: STABLE
[AUM] I_Tors: 1.235108 | State: STABLE
[AUM] I_Tors: 1.235376 | State: STABLE
[AUM] I_Tors: 1.235644 | State: STABLE
[AUM] I_Tors: 1.235912 | State: STABLE
[AUM] I_Tors: 1.236179 | State: STABLE
[AUM] I_Tors: 1.236447 | State: STABLE
[AUM] I_Tors: 1.236714 | State: STABLE
[AUM] I_Tors: 1.236981 | State: STABLE
[AUM] I_Tors: 1.237248 | State: STABLE
[AUM] I_Tors: 1.237514 | State: STABLE
[AUM] I_Tors: 1.237780 | State: STABLE
[AUM] I_Tors: 1.238047 | State: STABLE
[AUM] I_Tors: 1.238313 | State: STABLE
[AUM] I_Tors: 1.238578 | State: STABLE
[AUM] I_Tors: 1.238844 | State: STABLE
[AUM] I_Tors: 1.239109 | State: STABLE
[AUM] I_Tors: 1.239375 | State: STABLE
[AUM] I_Tors: 1.239640 | State: STABLE
[AUM] I_Tors: 1.239905 | State: STABLE
[AUM] I_Tors: 1.240169 | State: STABLE
[AUM] I_Tors: 1.240434 | State: STABLE
[AUM] I_Tors: 1.240698 | State: STABLE
[AUM] I_Tors: 1.240962 | State: STABLE
[AUM] I_Tors: 1.241226 | State: STABLE
[AUM] I_Tors: 1.241490 | State: STABLE
[AUM] I_Tors: 1.241754 | State: STABLE
[AUM] I_Tors: 1.242017 | State: STABLE
[AUM] I_Tors: 1.242280 | State: STABLE
[AUM] I_Tors: 1.242543 | State: STABLE
[AUM] I_Tors: 1.242806 | State: STABLE
[AUM] I_Tors: 1.243069 | State: STABLE
[AUM] I_Tors: 1.243331 | State: STABLE
[AUM] I_Tors: 1.243594 | State: STABLE
[AUM] I_Tors: 1.243856 | State: STABLE
[AUM] I_Tors: 1.244118 | State: STABLE
[AUM] I_Tors: 1.244379 | State: STABLE
[AUM] I_Tors: 1.244641 | State: STABLE
[AUM] I_Tors: 1.244902 | State: STABLE
[AUM] I_Tors: 1.245163 | State: STABLE
[AUM] I_Tors: 1.245424 | State: STABLE
[AUM] I_Tors: 1.245685 | State: STABLE
[AUM] I_Tors: 1.245946 | State: STABLE
[AUM] I_Tors: 1.246206 | State: STABLE
[AUM] I_Tors: 1.246467 | State: STABLE
[AUM] I_Tors: 1.246727 | State: STABLE
[AUM] I_Tors: 1.246987 | State: STABLE
[AUM] I_Tors: 1.247246 | State: STABLE
[AUM] I_Tors: 1.247506 | State: STABLE
[AUM] I_Tors: 1.247765 | State: STABLE
[AUM] I_Tors: 1.248024 | State: STABLE
[AUM] I_Tors: 1.248283 | State: STABLE
[AUM] I_Tors: 1.248542 | State: STABLE
[AUM] I_Tors: 1.248801 | State: STABLE
[AUM] I_Tors: 1.249059 | State: STABLE
[AUM] I_Tors: 1.249318 | State: STABLE
[AUM] I_Tors: 1.249576 | State: STABLE
[AUM] I_Tors: 1.249834 | State: STABLE
[AUM] I_Tors: 1.250091 | State: STABLE
[AUM] I_Tors: 1.250349 | State: STABLE
[AUM] I_Tors: 1.250606 | State: STABLE
[AUM] I_Tors: 1.250864 | State: STABLE
[AUM] I_Tors: 1.251121 | State: STABLE
[AUM] I_Tors: 1.251377 | State: STABLE
[AUM] I_Tors: 1.251634 | State: STABLE
[AUM] I_Tors: 1.251891 | State: STABLE
[AUM] I_Tors: 1.252147 | State: STABLE
[AUM] I_Tors: 1.252403 | State: STABLE
[AUM] I_Tors: 1.252659 | State: STABLE
[AUM] I_Tors: 1.252915 | State: STABLE
[AUM] I_Tors: 1.253170 | State: STABLE
[AUM] I_Tors: 1.253426 | State: STABLE
[AUM] I_Tors: 1.253681 | State: STABLE
[AUM] I_Tors: 1.253936 | State: STABLE
[AUM] I_Tors: 1.254191 | State: STABLE
[AUM] I_Tors: 1.254446 | State: STABLE
[AUM] I_Tors: 1.254700 | State: STABLE
[AUM] I_Tors: 1.254954 | State: STABLE
[AUM] I_Tors: 1.255209 | State: STABLE
[AUM] I_Tors: 1.255463 | State: STABLE
[AUM] I_Tors: 1.255716 | State: STABLE
[AUM] I_Tors: 1.255970 | State: STABLE
[AUM] I_Tors: 1.256223 | State: STABLE
[AUM] I_Tors: 1.256477 | State: STABLE
[AUM] I_Tors: 1.256730 | State: STABLE
[AUM] I_Tors: 1.256983 | State: STABLE
[AUM] I_Tors: 1.257235 | State: STABLE
[AUM] I_Tors: 1.257488 | State: STABLE
[AUM] I_Tors: 1.257740 | State: STABLE
[AUM] I_Tors: 1.257993 | State: STABLE
[AUM] I_Tors: 1.258245 | State: STABLE
[AUM] I_Tors: 1.258496 | State: STABLE
[AUM] I_Tors: 1.258748 | State: STABLE
[AUM] I_Tors: 1.259000 | State: STABLE
[AUM] I_Tors: 1.259251 | State: STABLE
[AUM] I_Tors: 1.259502 | State: STABLE
[AUM] I_Tors: 1.259753 | State: STABLE
[AUM] I_Tors: 1.260004 | State: STABLE
[AUM] I_Tors: 1.260254 | State: STABLE
[AUM] I_Tors: 1.260505 | State: STABLE
[AUM] I_Tors: 1.260755 | State: STABLE
[AUM] I_Tors: 1.261005 | State: STABLE
[AUM] I_Tors: 1.261255 | State: STABLE
[AUM] I_Tors: 1.261505 | State: STABLE
[AUM] I_Tors: 1.261755 | State: STABLE
[AUM] I_Tors: 1.262004 | State: STABLE
[AUM] I_Tors: 1.262253 | State: STABLE
[AUM] I_Tors: 1.262502 | State: STABLE
[AUM] I_Tors: 1.262751 | State: STABLE
[AUM] I_Tors: 1.263000 | State: STABLE
[AUM] I_Tors: 1.263248 | State: STABLE
[AUM] I_Tors: 1.263497 | State: STABLE
[AUM] I_Tors: 1.263745 | State: STABLE
[AUM] I_Tors: 1.263993 | State: STABLE
[AUM] I_Tors: 1.264241 | State: STABLE
[AUM] I_Tors: 1.264488 | State: STABLE
[AUM] I_Tors: 1.264736 | State: STABLE
[AUM] I_Tors: 1.264983 | State: STABLE
[AUM] I_Tors: 1.265230 | State: STABLE
[AUM] I_Tors: 1.265477 | State: STABLE
[AUM] I_Tors: 1.265724 | State: STABLE
[AUM] I_Tors: 1.265971 | State: STABLE
[AUM] I_Tors: 1.266217 | State: STABLE
[AUM] I_Tors: 1.266463 | State: STABLE
[AUM] I_Tors: 1.266709 | State: STABLE
[AUM] I_Tors: 1.266955 | State: STABLE
[AUM] I_Tors: 1.267201 | State: STABLE
[AUM] I_Tors: 1.267447 | State: STABLE
[AUM] I_Tors: 1.267692 | State: STABLE
[AUM] I_Tors: 1.267937 | State: STABLE
[AUM] I_Tors: 1.268182 | State: STABLE
[AUM] I_Tors: 1.268427 | State: STABLE
[AUM] I_Tors: 1.268672 | State: STABLE
[AUM] I_Tors: 1.268917 | State: STABLE
[AUM] I_Tors: 1.269161 | State: STABLE
[AUM] I_Tors: 1.269405 | State: STABLE
[AUM] I_Tors: 1.269649 | State: STABLE
[AUM] I_Tors: 1.269893 | State: STABLE
[AUM] I_Tors: 1.270137 | State: STABLE
[AUM] I_Tors: 1.270380 | State: STABLE
[AUM] I_Tors: 1.270624 | State: STABLE
[AUM] I_Tors: 1.270867 | State: STABLE
[AUM] I_Tors: 1.271110 | State: STABLE
[AUM] I_Tors: 1.271353 | State: STABLE
[AUM] I_Tors: 1.271595 | State: STABLE
[AUM] I_Tors: 1.271838 | State: STABLE
[AUM] I_Tors: 1.272080 | State: STABLE
[AUM] I_Tors: 1.272322 | State: STABLE
[AUM] I_Tors: 1.272564 | State: STABLE
[AUM] I_Tors: 1.272806 | State: STABLE
[AUM] I_Tors: 1.273048 | State: STABLE
[AUM] I_Tors: 1.273289 | State: STABLE
[AUM] I_Tors: 1.273531 | State: STABLE
[AUM] I_Tors: 1.273772 | State: STABLE
[AUM] I_Tors: 1.274013 | State: STABLE
[AUM] I_Tors: 1.274254 | State: STABLE
[AUM] I_Tors: 1.274494 | State: STABLE
[AUM] I_Tors: 1.274735 | State: STABLE
[AUM] I_Tors: 1.274975 | State: STABLE
[AUM] I_Tors: 1.275215 | State: STABLE
[AUM] I_Tors: 1.275455 | State: STABLE
[AUM] I_Tors: 1.275695 | State: STABLE
[AUM] I_Tors: 1.275935 | State: STABLE
[AUM] I_Tors: 1.276174 | State: STABLE
[AUM] I_Tors: 1.276413 | State: STABLE
[AUM] I_Tors: 1.276653 | State: STABLE
[AUM] I_Tors: 1.276891 | State: STABLE
[AUM] I_Tors: 1.277130 | State: STABLE
[AUM] I_Tors: 1.277369 | State: STABLE
[AUM] I_Tors: 1.277607 | State: STABLE
[AUM] I_Tors: 1.277846 | State: STABLE
[AUM] I_Tors: 1.278084 | State: STABLE
[AUM] I_Tors: 1.278322 | State: STABLE
[AUM] I_Tors: 1.278560 | State: STABLE
[AUM] I_Tors: 1.278797 | State: STABLE
[AUM] I_Tors: 1.279035 | State: STABLE
[AUM] I_Tors: 1.279272 | State: STABLE
[AUM] I_Tors: 1.279509 | State: STABLE
[AUM] I_Tors: 1.279746 | State: STABLE
[AUM] I_Tors: 1.279983 | State: STABLE
[AUM] I_Tors: 1.280220 | State: STABLE
[AUM] I_Tors: 1.280456 | State: STABLE
[AUM] I_Tors: 1.280692 | State: STABLE
[AUM] I_Tors: 1.280928 | State: STABLE
[AUM] I_Tors: 1.281164 | State: STABLE
[AUM] I_Tors: 1.281400 | State: STABLE
[AUM] I_Tors: 1.281636 | State: STABLE
[AUM] I_Tors: 1.281871 | State: STABLE
[AUM] I_Tors: 1.282107 | State: STABLE
[AUM] I_Tors: 1.282342 | State: STABLE
[AUM] I_Tors: 1.282577 | State: STABLE
[AUM] I_Tors: 1.282812 | State: STABLE
[AUM] I_Tors: 1.283046 | State: STABLE
[AUM] I_Tors: 1.283281 | State: STABLE
[AUM] I_Tors: 1.283515 | State: STABLE
[AUM] I_Tors: 1.283749 | State: STABLE
[AUM] I_Tors: 1.283983 | State: STABLE
[AUM] I_Tors: 1.284217 | State: STABLE
[AUM] I_Tors: 1.284451 | State: STABLE
[AUM] I_Tors: 1.284684 | State: STABLE
[AUM] I_Tors: 1.284918 | State: STABLE
[AUM] I_Tors: 1.285151 | State: STABLE
[AUM] I_Tors: 1.285384 | State: STABLE
[AUM] I_Tors: 1.285617 | State: STABLE
[AUM] I_Tors: 1.285849 | State: STABLE
[AUM] I_Tors: 1.286082 | State: STABLE
[AUM] I_Tors: 1.286314 | State: STABLE
[AUM] I_Tors: 1.286546 | State: STABLE
[AUM] I_Tors: 1.286778 | State: STABLE
[AUM] I_Tors: 1.287010 | State: STABLE
[AUM] I_Tors: 1.287242 | State: STABLE
[AUM] I_Tors: 1.287474 | State: STABLE
[AUM] I_Tors: 1.287705 | State: STABLE
[AUM] I_Tors: 1.287936 | State: STABLE
[AUM] I_Tors: 1.288167 | State: STABLE
[AUM] I_Tors: 1.288398 | State: STABLE
[AUM] I_Tors: 1.288629 | State: STABLE
[AUM] I_Tors: 1.288860 | State: STABLE
[AUM] I_Tors: 1.289090 | State: STABLE
[AUM] I_Tors: 1.289320 | State: STABLE
[AUM] I_Tors: 1.289550 | State: STABLE
[AUM] I_Tors: 1.289780 | State: STABLE
[AUM] I_Tors: 1.290010 | State: STABLE
[AUM] I_Tors: 1.290240 | State: STABLE
[AUM] I_Tors: 1.290469 | State: STABLE
[AUM] I_Tors: 1.290698 | State: STABLE
[AUM] I_Tors: 1.290928 | State: STABLE
[AUM] I_Tors: 1.291157 | State: STABLE
[AUM] I_Tors: 1.291385 | State: STABLE
[AUM] I_Tors: 1.291614 | State: STABLE
[AUM] I_Tors: 1.291843 | State: STABLE
[AUM] I_Tors: 1.292071 | State: STABLE
[AUM] I_Tors: 1.292299 | State: STABLE
[AUM] I_Tors: 1.292527 | State: STABLE
[AUM] I_Tors: 1.292755 | State: STABLE
[AUM] I_Tors: 1.292983 | State: STABLE
[AUM] I_Tors: 1.293210 | State: STABLE
[AUM] I_Tors: 1.293437 | State: STABLE
[AUM] I_Tors: 1.293665 | State: STABLE
[AUM] I_Tors: 1.293892 | State: STABLE
[AUM] I_Tors: 1.294119 | State: STABLE
[AUM] I_Tors: 1.294345 | State: STABLE
[AUM] I_Tors: 1.294572 | State: STABLE
[AUM] I_Tors: 1.294798 | State: STABLE
[AUM] I_Tors: 1.295025 | State: STABLE
[AUM] I_Tors: 1.295251 | State: STABLE
[AUM] I_Tors: 1.295477 | State: STABLE
[AUM] I_Tors: 1.295703 | State: STABLE
[AUM] I_Tors: 1.295928 | State: STABLE
[AUM] I_Tors: 1.296154 | State: STABLE
[AUM] I_Tors: 1.296379 | State: STABLE
[AUM] I_Tors: 1.296604 | State: STABLE
[AUM] I_Tors: 1.296829 | State: STABLE
[AUM] I_Tors: 1.297054 | State: STABLE
[AUM] I_Tors: 1.297279 | State: STABLE
[AUM] I_Tors: 1.297503 | State: STABLE
[AUM] I_Tors: 1.297728 | State: STABLE
[AUM] I_Tors: 1.297952 | State: STABLE
[AUM] I_Tors: 1.298176 | State: STABLE
[AUM] I_Tors: 1.298400 | State: STABLE
[AUM] I_Tors: 1.298623 | State: STABLE
[AUM] I_Tors: 1.298847 | State: STABLE
[AUM] I_Tors: 1.299070 | State: STABLE
[AUM] I_Tors: 1.299294 | State: STABLE
[AUM] I_Tors: 1.299517 | State: STABLE
[AUM] I_Tors: 1.299740 | State: STABLE
[AUM] I_Tors: 1.299963 | State: STABLE
[AUM] I_Tors: 1.300185 | State: STABLE
[AUM] I_Tors: 1.300408 | State: STABLE
[AUM] I_Tors: 1.300630 | State: STABLE
[AUM] I_Tors: 1.300852 | State: STABLE
[AUM] I_Tors: 1.301074 | State: STABLE
[AUM] I_Tors: 1.301296 | State: STABLE
[AUM] I_Tors: 1.301518 | State: STABLE
[AUM] I_Tors: 1.301739 | State: STABLE
[AUM] I_Tors: 1.301961 | State: STABLE
[AUM] I_Tors: 1.302182 | State: STABLE
[AUM] I_Tors: 1.302403 | State: STABLE
[AUM] I_Tors: 1.302624 | State: STABLE
[AUM] I_Tors: 1.302845 | State: STABLE
[AUM] I_Tors: 1.303066 | State: STABLE
[AUM] I_Tors: 1.303286 | State: STABLE
[AUM] I_Tors: 1.303506 | State: STABLE
[AUM] I_Tors: 1.303727 | State: STABLE
[AUM] I_Tors: 1.303947 | State: STABLE
[AUM] I_Tors: 1.304166 | State: STABLE
[AUM] I_Tors: 1.304386 | State: STABLE
[AUM] I_Tors: 1.304606 | State: STABLE
[AUM] I_Tors: 1.304825 | State: STABLE
[AUM] I_Tors: 1.305044 | State: STABLE
[AUM] I_Tors: 1.305263 | State: STABLE
[AUM] I_Tors: 1.305482 | State: STABLE
[AUM] I_Tors: 1.305701 | State: STABLE
[AUM] I_Tors: 1.305920 | State: STABLE
[AUM] I_Tors: 1.306138 | State: STABLE
[AUM] I_Tors: 1.306357 | State: STABLE
[AUM] I_Tors: 1.306575 | State: STABLE
[AUM] I_Tors: 1.306793 | State: STABLE
[AUM] I_Tors: 1.307011 | State: STABLE
[AUM] I_Tors: 1.307228 | State: STABLE
[AUM] I_Tors: 1.307446 | State: STABLE
[AUM] I_Tors: 1.307663 | State: STABLE
[AUM] I_Tors: 1.307881 | State: STABLE
[AUM] I_Tors: 1.308098 | State: STABLE
[AUM] I_Tors: 1.308315 | State: STABLE
[AUM] I_Tors: 1.308531 | State: STABLE
[AUM] I_Tors: 1.308748 | State: STABLE
[AUM] I_Tors: 1.308965 | State: STABLE
[AUM] I_Tors: 1.309181 | State: STABLE
[AUM] I_Tors: 1.309397 | State: STABLE
[AUM] I_Tors: 1.309613 | State: STABLE
[AUM] I_Tors: 1.309829 | State: STABLE
[AUM] I_Tors: 1.310045 | State: STABLE
[AUM] I_Tors: 1.310260 | State: STABLE
[AUM] I_Tors: 1.310476 | State: STABLE
[AUM] I_Tors: 1.310691 | State: STABLE
[AUM] I_Tors: 1.310906 | State: STABLE
[AUM] I_Tors: 1.311121 | State: STABLE
[AUM] I_Tors: 1.311336 | State: STABLE
[AUM] I_Tors: 1.311551 | State: STABLE
[AUM] I_Tors: 1.311765 | State: STABLE
[AUM] I_Tors: 1.311980 | State: STABLE
[AUM] I_Tors: 1.312194 | State: STABLE
[AUM] I_Tors: 1.312408 | State: STABLE
[AUM] I_Tors: 1.312622 | State: STABLE
[AUM] I_Tors: 1.312836 | State: STABLE
[AUM] I_Tors: 1.313049 | State: STABLE
[AUM] I_Tors: 1.313263 | State: STABLE
[AUM] I_Tors: 1.313476 | State: STABLE
[AUM] I_Tors: 1.313689 | State: STABLE
[AUM] I_Tors: 1.313903 | State: STABLE
[AUM] I_Tors: 1.314115 | State: STABLE
[AUM] I_Tors: 1.314328 | State: STABLE
[AUM] I_Tors: 1.314541 | State: STABLE
[AUM] I_Tors: 1.314753 | State: STABLE
[AUM] I_Tors: 1.314965 | State: STABLE
[AUM] I_Tors: 1.315178 | State: STABLE
[AUM] I_Tors: 1.315390 | State: STABLE
[AUM] I_Tors: 1.315601 | State: STABLE
[AUM] I_Tors: 1.315813 | State: STABLE
[AUM] I_Tors: 1.316025 | State: STABLE
[AUM] I_Tors: 1.316236 | State: STABLE
[AUM] I_Tors: 1.316447 | State: STABLE
[AUM] I_Tors: 1.316659 | State: STABLE
[AUM] I_Tors: 1.316869 | State: STABLE
[AUM] I_Tors: 1.317080 | State: STABLE
[AUM] I_Tors: 1.317291 | State: STABLE
[AUM] I_Tors: 1.317501 | State: STABLE
[AUM] I_Tors: 1.317712 | State: STABLE
[AUM] I_Tors: 1.317922 | State: STABLE
[AUM] I_Tors: 1.318132 | State: STABLE
[AUM] I_Tors: 1.318342 | State: STABLE
[AUM] I_Tors: 1.318552 | State: STABLE
[AUM] I_Tors: 1.318762 | State: STABLE
[AUM] I_Tors: 1.318971 | State: STABLE
[AUM] I_Tors: 1.319180 | State: STABLE
[AUM] I_Tors: 1.319390 | State: STABLE
[AUM] I_Tors: 1.319599 | State: STABLE
[AUM] I_Tors: 1.319808 | State: STABLE
[AUM] I_Tors: 1.320016 | State: STABLE
[AUM] I_Tors: 1.320225 | State: STABLE
[AUM] I_Tors: 1.320433 | State: STABLE
[AUM] I_Tors: 1.320642 | State: STABLE
[AUM] I_Tors: 1.320850 | State: STABLE
[AUM] I_Tors: 1.321058 | State: STABLE
[AUM] I_Tors: 1.321266 | State: STABLE
[AUM] I_Tors: 1.321473 | State: STABLE
[AUM] I_Tors: 1.321681 | State: STABLE
[AUM] I_Tors: 1.321889 | State: STABLE
[AUM] I_Tors: 1.322096 | State: STABLE
[AUM] I_Tors: 1.322303 | State: STABLE
[AUM] I_Tors: 1.322510 | State: STABLE
[AUM] I_Tors: 1.322717 | State: STABLE
[AUM] I_Tors: 1.322924 | State: STABLE
[AUM] I_Tors: 1.323130 | State: STABLE
[AUM] I_Tors: 1.323337 | State: STABLE
[AUM] I_Tors: 1.323543 | State: STABLE
[AUM] I_Tors: 1.323749 | State: STABLE
[AUM] I_Tors: 1.323955 | State: STABLE
[AUM] I_Tors: 1.324161 | State: STABLE
[AUM] I_Tors: 1.324367 | State: STABLE
[AUM] I_Tors: 1.324572 | State: STABLE
[AUM] I_Tors: 1.324778 | State: STABLE
[AUM] I_Tors: 1.324983 | State: STABLE
[AUM] I_Tors: 1.325188 | State: STABLE
[AUM] I_Tors: 1.325393 | State: STABLE
[AUM] I_Tors: 1.325598 | State: STABLE
[AUM] I_Tors: 1.325803 | State: STABLE
[AUM] I_Tors: 1.326007 | State: STABLE
[AUM] I_Tors: 1.326212 | State: STABLE
[AUM] I_Tors: 1.326416 | State: STABLE
[AUM] I_Tors: 1.326620 | State: STABLE
[AUM] I_Tors: 1.326824 | State: STABLE
[AUM] I_Tors: 1.327028 | State: STABLE
[AUM] I_Tors: 1.327231 | State: STABLE
[AUM] I_Tors: 1.327435 | State: STABLE
[AUM] I_Tors: 1.327638 | State: STABLE
[AUM] I_Tors: 1.327842 | State: STABLE
[AUM] I_Tors: 1.328045 | State: STABLE
[AUM] I_Tors: 1.328248 | State: STABLE
[AUM] I_Tors: 1.328451 | State: STABLE
[AUM] I_Tors: 1.328653 | State: STABLE
[AUM] I_Tors: 1.328856 | State: STABLE
[AUM] I_Tors: 1.329058 | State: STABLE
[AUM] I_Tors: 1.329261 | State: STABLE
[AUM] I_Tors: 1.329463 | State: STABLE
[AUM] I_Tors: 1.329665 | State: STABLE
[AUM] I_Tors: 1.329867 | State: STABLE
[AUM] I_Tors: 1.330068 | State: STABLE
[AUM] I_Tors: 1.330270 | State: STABLE
[AUM] I_Tors: 1.330471 | State: STABLE
[AUM] I_Tors: 1.330673 | State: STABLE
[AUM] I_Tors: 1.330874 | State: STABLE
[AUM] I_Tors: 1.331075 | State: STABLE
[AUM] I_Tors: 1.331276 | State: STABLE
[AUM] I_Tors: 1.331476 | State: STABLE
[AUM] I_Tors: 1.331677 | State: STABLE
[AUM] I_Tors: 1.331878 | State: STABLE
[AUM] I_Tors: 1.332078 | State: STABLE
[AUM] I_Tors: 1.332278 | State: STABLE
[AUM] I_Tors: 1.332478 | State: STABLE
[AUM] I_Tors: 1.332678 | State: STABLE
[AUM] I_Tors: 1.332878 | State: STABLE
[AUM] I_Tors: 1.333077 | State: STABLE
[AUM] I_Tors: 1.333277 | State: STABLE
[AUM] I_Tors: 1.333476 | State: STABLE
[AUM] I_Tors: 1.333675 | State: STABLE
[AUM] I_Tors: 1.333874 | State: STABLE
[AUM] I_Tors: 1.334073 | State: STABLE
[AUM] I_Tors: 1.334272 | State: STABLE
[AUM] I_Tors: 1.334471 | State: STABLE
[AUM] I_Tors: 1.334669 | State: STABLE
[AUM] I_Tors: 1.334867 | State: STABLE
[AUM] I_Tors: 1.335066 | State: STABLE
[AUM] I_Tors: 1.335264 | State: STABLE
[AUM] I_Tors: 1.335462 | State: STABLE
[AUM] I_Tors: 1.335660 | State: STABLE
[AUM] I_Tors: 1.335857 | State: STABLE
[AUM] I_Tors: 1.336055 | State: STABLE
[AUM] I_Tors: 1.336252 | State: STABLE
[AUM] I_Tors: 1.336449 | State: STABLE
[AUM] I_Tors: 1.336646 | State: STABLE
[AUM] I_Tors: 1.336843 | State: STABLE
[AUM] I_Tors: 1.337040 | State: STABLE
[AUM] I_Tors: 1.337237 | State: STABLE
[AUM] I_Tors: 1.337434 | State: STABLE
[AUM] I_Tors: 1.337630 | State: STABLE
[AUM] I_Tors: 1.337826 | State: STABLE
[AUM] I_Tors: 1.338022 | State: STABLE
[AUM] I_Tors: 1.338218 | State: STABLE
[AUM] I_Tors: 1.338414 | State: STABLE
[AUM] I_Tors: 1.338610 | State: STABLE
[AUM] I_Tors: 1.338806 | State: STABLE
[AUM] I_Tors: 1.339001 | State: STABLE
[AUM] I_Tors: 1.339196 | State: STABLE
[AUM] I_Tors: 1.339392 | State: STABLE
[AUM] I_Tors: 1.339587 | State: STABLE
[AUM] I_Tors: 1.339781 | State: STABLE
[AUM] I_Tors: 1.339976 | State: STABLE
[AUM] I_Tors: 1.340171 | State: STABLE
[AUM] I_Tors: 1.340365 | State: STABLE
[AUM] I_Tors: 1.340560 | State: STABLE
[AUM] I_Tors: 1.340754 | State: STABLE
[AUM] I_Tors: 1.340948 | State: STABLE
[AUM] I_Tors: 1.341142 | State: STABLE
[AUM] I_Tors: 1.341336 | State: STABLE
[AUM] I_Tors: 1.341530 | State: STABLE
[AUM] I_Tors: 1.341723 | State: STABLE
[AUM] I_Tors: 1.341917 | State: STABLE
[AUM] I_Tors: 1.342110 | State: STABLE
[AUM] I_Tors: 1.342303 | State: STABLE
[AUM] I_Tors: 1.342496 | State: STABLE
[AUM] I_Tors: 1.342689 | State: STABLE
[AUM] I_Tors: 1.342882 | State: STABLE
[AUM] I_Tors: 1.343074 | State: STABLE
[AUM] I_Tors: 1.343267 | State: STABLE
[AUM] I_Tors: 1.343459 | State: STABLE
[AUM] I_Tors: 1.343651 | State: STABLE
[AUM] I_Tors: 1.343843 | State: STABLE
[AUM] I_Tors: 1.344035 | State: STABLE
[AUM] I_Tors: 1.344227 | State: STABLE
[AUM] I_Tors: 1.344419 | State: STABLE
[AUM] I_Tors: 1.344610 | State: STABLE
[AUM] I_Tors: 1.344802 | State: STABLE
[AUM] I_Tors: 1.344993 | State: STABLE
[AUM] I_Tors: 1.345184 | State: STABLE
[AUM] I_Tors: 1.345375 | State: STABLE
[AUM] I_Tors: 1.345566 | State: STABLE
[AUM] I_Tors: 1.345757 | State: STABLE
[AUM] I_Tors: 1.345947 | State: STABLE
[AUM] I_Tors: 1.346138 | State: STABLE
[AUM] I_Tors: 1.346328 | State: STABLE
[AUM] I_Tors: 1.346518 | State: STABLE
[AUM] I_Tors: 1.346708 | State: STABLE
[AUM] I_Tors: 1.346898 | State: STABLE
[AUM] I_Tors: 1.347088 | State: STABLE
[AUM] I_Tors: 1.347278 | State: STABLE
[AUM] I_Tors: 1.347467 | State: STABLE
[AUM] I_Tors: 1.347657 | State: STABLE
[AUM] I_Tors: 1.347846 | State: STABLE
[AUM] I_Tors: 1.348035 | State: STABLE
[AUM] I_Tors: 1.348224 | State: STABLE
[AUM] I_Tors: 1.348413 | State: STABLE
[AUM] I_Tors: 1.348602 | State: STABLE
[AUM] I_Tors: 1.348790 | State: STABLE
[AUM] I_Tors: 1.348979 | State: STABLE
[AUM] I_Tors: 1.349167 | State: STABLE
[AUM] I_Tors: 1.349355 | State: STABLE
[AUM] I_Tors: 1.349543 | State: STABLE
[AUM] I_Tors: 1.349731 | State: STABLE
[AUM] I_Tors: 1.349919 | State: STABLE
[AUM] I_Tors: 1.350107 | State: STABLE
[AUM] I_Tors: 1.350294 | State: STABLE
[AUM] I_Tors: 1.350482 | State: STABLE
[AUM] I_Tors: 1.350669 | State: STABLE
[AUM] I_Tors: 1.350856 | State: STABLE
[AUM] I_Tors: 1.351043 | State: STABLE
[AUM] I_Tors: 1.351230 | State: STABLE
[AUM] I_Tors: 1.351417 | State: STABLE
[AUM] I_Tors: 1.351603 | State: STABLE
[AUM] I_Tors: 1.351790 | State: STABLE
[AUM] I_Tors: 1.351976 | State: STABLE
[AUM] I_Tors: 1.352163 | State: STABLE
[AUM] I_Tors: 1.352349 | State: STABLE
[AUM] I_Tors: 1.352535 | State: STABLE
[AUM] I_Tors: 1.352720 | State: STABLE
[AUM] I_Tors: 1.352906 | State: STABLE
[AUM] I_Tors: 1.353092 | State: STABLE
[AUM] I_Tors: 1.353277 | State: STABLE
[AUM] I_Tors: 1.353463 | State: STABLE
[AUM] I_Tors: 1.353648 | State: STABLE
[AUM] I_Tors: 1.353833 | State: STABLE
[AUM] I_Tors: 1.354018 | State: STABLE
[AUM] I_Tors: 1.354203 | State: STABLE
[AUM] I_Tors: 1.354387 | State: STABLE
[AUM] I_Tors: 1.354572 | State: STABLE
[AUM] I_Tors: 1.354756 | State: STABLE
[AUM] I_Tors: 1.354941 | State: STABLE
[AUM] I_Tors: 1.355125 | State: STABLE
[AUM] I_Tors: 1.355309 | State: STABLE
[AUM] I_Tors: 1.355493 | State: STABLE
[AUM] I_Tors: 1.355676 | State: STABLE
[AUM] I_Tors: 1.355860 | State: STABLE
[AUM] I_Tors: 1.356044 | State: STABLE
[AUM] I_Tors: 1.356227 | State: STABLE
[AUM] I_Tors: 1.356410 | State: STABLE
[AUM] I_Tors: 1.356593 | State: STABLE
[AUM] I_Tors: 1.356776 | State: STABLE
[AUM] I_Tors: 1.356959 | State: STABLE
[AUM] I_Tors: 1.357142 | State: STABLE
[AUM] I_Tors: 1.357325 | State: STABLE
[AUM] I_Tors: 1.357507 | State: STABLE
[AUM] I_Tors: 1.357690 | State: STABLE
[AUM] I_Tors: 1.357872 | State: STABLE
[AUM] I_Tors: 1.358054 | State: STABLE
[AUM] I_Tors: 1.358236 | State: STABLE
[AUM] I_Tors: 1.358418 | State: STABLE
[AUM] I_Tors: 1.358599 | State: STABLE
[AUM] I_Tors: 1.358781 | State: STABLE
[AUM] I_Tors: 1.358963 | State: STABLE
[AUM] I_Tors: 1.359144 | State: STABLE
[AUM] I_Tors: 1.359325 | State: STABLE
[AUM] I_Tors: 1.359506 | State: STABLE
[AUM] I_Tors: 1.359687 | State: STABLE
[AUM] I_Tors: 1.359868 | State: STABLE
[AUM] I_Tors: 1.360049 | State: STABLE
[AUM] I_Tors: 1.360229 | State: STABLE
[AUM] I_Tors: 1.360410 | State: STABLE
[AUM] I_Tors: 1.360590 | State: STABLE
[AUM] I_Tors: 1.360770 | State: STABLE
[AUM] I_Tors: 1.360950 | State: STABLE
[AUM] I_Tors: 1.361130 | State: STABLE
[AUM] I_Tors: 1.361310 | State: STABLE
[AUM] I_Tors: 1.361490 | State: STABLE
[AUM] I_Tors: 1.361669 | State: STABLE
[AUM] I_Tors: 1.361849 | State: STABLE
[AUM] I_Tors: 1.362028 | State: STABLE
[AUM] I_Tors: 1.362207 | State: STABLE
[AUM] I_Tors: 1.362387 | State: STABLE
[AUM] I_Tors: 1.362566 | State: STABLE
[AUM] I_Tors: 1.362744 | State: STABLE
[AUM] I_Tors: 1.362923 | State: STABLE
[AUM] I_Tors: 1.363102 | State: STABLE
[AUM] I_Tors: 1.363280 | State: STABLE
[AUM] I_Tors: 1.363458 | State: STABLE
[AUM] I_Tors: 1.363637 | State: STABLE
[AUM] I_Tors: 1.363815 | State: STABLE
[AUM] I_Tors: 1.363993 | State: STABLE
[AUM] I_Tors: 1.364170 | State: STABLE
[AUM] I_Tors: 1.364348 | State: STABLE
[AUM] I_Tors: 1.364526 | State: STABLE
[AUM] I_Tors: 1.364703 | State: STABLE
[AUM] I_Tors: 1.364881 | State: STABLE
[AUM] I_Tors: 1.365058 | State: STABLE
[AUM] I_Tors: 1.365235 | State: STABLE
[AUM] I_Tors: 1.365412 | State: STABLE
[AUM] I_Tors: 1.365589 | State: STABLE
[AUM] I_Tors: 1.365765 | State: STABLE
[AUM] I_Tors: 1.365942 | State: STABLE
[AUM] I_Tors: 1.366118 | State: STABLE
[AUM] I_Tors: 1.366295 | State: STABLE
[AUM] I_Tors: 1.366471 | State: STABLE
[AUM] I_Tors: 1.366647 | State: STABLE
[AUM] I_Tors: 1.366823 | State: STABLE
[AUM] I_Tors: 1.366999 | State: STABLE
[AUM] I_Tors: 1.367175 | State: STABLE
[AUM] I_Tors: 1.367350 | State: STABLE
[AUM] I_Tors: 1.367526 | State: STABLE
[AUM] I_Tors: 1.367701 | State: STABLE
[AUM] I_Tors: 1.367876 | State: STABLE
[AUM] I_Tors: 1.368051 | State: STABLE
[AUM] I_Tors: 1.368226 | State: STABLE
[AUM] I_Tors: 1.368401 | State: STABLE
[AUM] I_Tors: 1.368576 | State: STABLE
[AUM] I_Tors: 1.368751 | State: STABLE
[AUM] I_Tors: 1.368925 | State: STABLE
[AUM] I_Tors: 1.369099 | State: STABLE
[AUM] I_Tors: 1.369274 | State: STABLE
[AUM] I_Tors: 1.369448 | State: STABLE
[AUM] I_Tors: 1.369622 | State: STABLE
[AUM] I_Tors: 1.369796 | State: STABLE
[AUM] I_Tors: 1.369970 | State: STABLE
[AUM] I_Tors: 1.370143 | State: STABLE
[AUM] I_Tors: 1.370317 | State: STABLE
[AUM] I_Tors: 1.370490 | State: STABLE
[AUM] I_Tors: 1.370663 | State: STABLE
[AUM] I_Tors: 1.370837 | State: STABLE
[AUM] I_Tors: 1.371010 | State: STABLE
[AUM] I_Tors: 1.371182 | State: STABLE
[AUM] I_Tors: 1.371355 | State: STABLE
[AUM] I_Tors: 1.371528 | State: STABLE
[AUM] I_Tors: 1.371700 | State: STABLE
[AUM] I_Tors: 1.371873 | State: STABLE
[AUM] I_Tors: 1.372045 | State: STABLE
[AUM] I_Tors: 1.372217 | State: STABLE
[AUM] I_Tors: 1.372390 | State: STABLE
[AUM] I_Tors: 1.372561 | State: STABLE
[AUM] I_Tors: 1.372733 | State: STABLE
[AUM] I_Tors: 1.372905 | State: STABLE
[AUM] I_Tors: 1.373077 | State: STABLE
[AUM] I_Tors: 1.373248 | State: STABLE
[AUM] I_Tors: 1.373419 | State: STABLE
[AUM] I_Tors: 1.373591 | State: STABLE
[AUM] I_Tors: 1.373762 | State: STABLE
[AUM] I_Tors: 1.373933 | State: STABLE
[AUM] I_Tors: 1.374104 | State: STABLE
[AUM] I_Tors: 1.374274 | State: STABLE
[AUM] I_Tors: 1.374445 | State: STABLE
[AUM] I_Tors: 1.374616 | State: STABLE
[AUM] I_Tors: 1.374786 | State: STABLE
[AUM] I_Tors: 1.374956 | State: STABLE
[AUM] I_Tors: 1.375126 | State: STABLE
[AUM] I_Tors: 1.375296 | State: STABLE
[AUM] I_Tors: 1.375466 | State: STABLE
[AUM] I_Tors: 1.375636 | State: STABLE
[AUM] I_Tors: 1.375806 | State: STABLE
[AUM] I_Tors: 1.375975 | State: STABLE
[AUM] I_Tors: 1.376145 | State: STABLE
[AUM] I_Tors: 1.376314 | State: STABLE
[AUM] I_Tors: 1.376483 | State: STABLE
[AUM] I_Tors: 1.376652 | State: STABLE
[AUM] I_Tors: 1.376821 | State: STABLE
[AUM] I_Tors: 1.376990 | State: STABLE
[AUM] I_Tors: 1.377159 | State: STABLE
[AUM] I_Tors: 1.377328 | State: STABLE
[AUM] I_Tors: 1.377496 | State: STABLE
[AUM] I_Tors: 1.377664 | State: STABLE
[AUM] I_Tors: 1.377833 | State: STABLE
[AUM] I_Tors: 1.378001 | State: STABLE
[AUM] I_Tors: 1.378169 | State: STABLE
[AUM] I_Tors: 1.378337 | State: STABLE
[AUM] I_Tors: 1.378505 | State: STABLE
[AUM] I_Tors: 1.378672 | State: STABLE
[AUM] I_Tors: 1.378840 | State: STABLE
[AUM] I_Tors: 1.379007 | State: STABLE
[AUM] I_Tors: 1.379174 | State: STABLE
[AUM] I_Tors: 1.379342 | State: STABLE
[AUM] I_Tors: 1.379509 | State: STABLE
[AUM] I_Tors: 1.379676 | State: STABLE
[AUM] I_Tors: 1.379843 | State: STABLE
[AUM] I_Tors: 1.380009 | State: STABLE
[AUM] I_Tors: 1.380176 | State: STABLE
[AUM] I_Tors: 1.380342 | State: STABLE
[AUM] I_Tors: 1.380509 | State: STABLE
[AUM] I_Tors: 1.380675 | State: STABLE
[AUM] I_Tors: 1.380841 | State: STABLE
[AUM] I_Tors: 1.381007 | State: STABLE
[AUM] I_Tors: 1.381173 | State: STABLE
[AUM] I_Tors: 1.381339 | State: STABLE
[AUM] I_Tors: 1.381505 | State: STABLE
[AUM] I_Tors: 1.381670 | State: STABLE
[AUM] I_Tors: 1.381836 | State: STABLE
[AUM] I_Tors: 1.382001 | State: STABLE
[AUM] I_Tors: 1.382166 | State: STABLE
[AUM] I_Tors: 1.382331 | State: STABLE
[AUM] I_Tors: 1.382496 | State: STABLE
[AUM] I_Tors: 1.382661 | State: STABLE
[AUM] I_Tors: 1.382826 | State: STABLE
[AUM] I_Tors: 1.382991 | State: STABLE
[AUM] I_Tors: 1.383155 | State: STABLE
[AUM] I_Tors: 1.383320 | State: STABLE
[AUM] I_Tors: 1.383484 | State: STABLE
[AUM] I_Tors: 1.383648 | State: STABLE
[AUM] I_Tors: 1.383812 | State: STABLE
[AUM] I_Tors: 1.383976 | State: STABLE
[AUM] I_Tors: 1.384140 | State: STABLE
[AUM] I_Tors: 1.384304 | State: STABLE
[AUM] I_Tors: 1.384467 | State: STABLE
[AUM] I_Tors: 1.384631 | State: STABLE
[AUM] I_Tors: 1.384794 | State: STABLE
[AUM] I_Tors: 1.384957 | State: STABLE
[AUM] I_Tors: 1.385121 | State: STABLE
[AUM] I_Tors: 1.385284 | State: STABLE
[AUM] I_Tors: 1.385447 | State: STABLE
[AUM] I_Tors: 1.385609 | State: STABLE
[AUM] I_Tors: 1.385772 | State: STABLE
[AUM] I_Tors: 1.385935 | State: STABLE
[AUM] I_Tors: 1.386097 | State: STABLE
[AUM] I_Tors: 1.386259 | State: STABLE
[AUM] I_Tors: 1.386422 | State: STABLE
[AUM] I_Tors: 1.386584 | State: STABLE
[AUM] I_Tors: 1.386746 | State: STABLE
[AUM] I_Tors: 1.386908 | State: STABLE
[AUM] I_Tors: 1.387070 | State: STABLE
[AUM] I_Tors: 1.387231 | State: STABLE
[AUM] I_Tors: 1.387393 | State: STABLE
[AUM] I_Tors: 1.387554 | State: STABLE
[AUM] I_Tors: 1.387716 | State: STABLE
[AUM] I_Tors: 1.387877 | State: STABLE
[AUM] I_Tors: 1.388038 | State: STABLE
[AUM] I_Tors: 1.388199 | State: STABLE
[AUM] I_Tors: 1.388360 | State: STABLE
[AUM] I_Tors: 1.388521 | State: STABLE
[AUM] I_Tors: 1.388681 | State: STABLE
[AUM] I_Tors: 1.388842 | State: STABLE
[AUM] I_Tors: 1.389002 | State: STABLE
[AUM] I_Tors: 1.389163 | State: STABLE
[AUM] I_Tors: 1.389323 | State: STABLE
[AUM] I_Tors: 1.389483 | State: STABLE
[AUM] I_Tors: 1.389643 | State: STABLE
[AUM] I_Tors: 1.389803 | State: STABLE
[AUM] I_Tors: 1.389962 | State: STABLE
[AUM] I_Tors: 1.390122 | State: STABLE
[AUM] I_Tors: 1.390282 | State: STABLE
[AUM] I_Tors: 1.390441 | State: STABLE
[AUM] I_Tors: 1.390600 | State: STABLE
[AUM] I_Tors: 1.390760 | State: STABLE
[AUM] I_Tors: 1.390919 | State: STABLE
[AUM] I_Tors: 1.391078 | State: STABLE
[AUM] I_Tors: 1.391237 | State: STABLE
[AUM] I_Tors: 1.391395 | State: STABLE
[AUM] I_Tors: 1.391554 | State: STABLE
[AUM] I_Tors: 1.391712 | State: STABLE
[AUM] I_Tors: 1.391871 | State: STABLE
[AUM] I_Tors: 1.392029 | State: STABLE
[AUM] I_Tors: 1.392187 | State: STABLE
[AUM] I_Tors: 1.392346 | State: STABLE
[AUM] I_Tors: 1.392503 | State: STABLE
[AUM] I_Tors: 1.392661 | State: STABLE
[AUM] I_Tors: 1.392819 | State: STABLE
[AUM] I_Tors: 1.392977 | State: STABLE
[AUM] I_Tors: 1.393134 | State: STABLE
[AUM] I_Tors: 1.393292 | State: STABLE
[AUM] I_Tors: 1.393449 | State: STABLE
[AUM] I_Tors: 1.393606 | State: STABLE
[AUM] I_Tors: 1.393763 | State: STABLE
[AUM] I_Tors: 1.393920 | State: STABLE
[AUM] I_Tors: 1.394077 | State: STABLE
[AUM] I_Tors: 1.394234 | State: STABLE
[AUM] I_Tors: 1.394391 | State: STABLE
[AUM] I_Tors: 1.394547 | State: STABLE
[AUM] I_Tors: 1.394704 | State: STABLE
[AUM] I_Tors: 1.394860 | State: STABLE
[AUM] I_Tors: 1.395016 | State: STABLE
[AUM] I_Tors: 1.395172 | State: STABLE
[AUM] I_Tors: 1.395328 | State: STABLE
[AUM] I_Tors: 1.395484 | State: STABLE
[AUM] I_Tors: 1.395640 | State: STABLE
[AUM] I_Tors: 1.395796 | State: STABLE
[AUM] I_Tors: 1.395951 | State: STABLE
[AUM] I_Tors: 1.396107 | State: STABLE
[AUM] I_Tors: 1.396262 | State: STABLE
[AUM] I_Tors: 1.396417 | State: STABLE
[AUM] I_Tors: 1.396572 | State: STABLE
[AUM] I_Tors: 1.396727 | State: STABLE
[AUM] I_Tors: 1.396882 | State: STABLE
[AUM] I_Tors: 1.397037 | State: STABLE
[AUM] I_Tors: 1.397192 | State: STABLE
[AUM] I_Tors: 1.397346 | State: STABLE
[AUM] I_Tors: 1.397501 | State: STABLE
[AUM] I_Tors: 1.397655 | State: STABLE
[AUM] I_Tors: 1.397810 | State: STABLE
[AUM] I_Tors: 1.397964 | State: STABLE
[AUM] I_Tors: 1.398118 | State: STABLE
[AUM] I_Tors: 1.398272 | State: STABLE
[AUM] I_Tors: 1.398426 | State: STABLE
[AUM] I_Tors: 1.398579 | State: STABLE
[AUM] I_Tors: 1.398733 | State: STABLE
[AUM] I_Tors: 1.398886 | State: STABLE
[AUM] I_Tors: 1.399040 | State: STABLE
[AUM] I_Tors: 1.399193 | State: STABLE
[AUM] I_Tors: 1.399346 | State: STABLE
[AUM] I_Tors: 1.399499 | State: STABLE
[AUM] I_Tors: 1.399652 | State: STABLE
[AUM] I_Tors: 1.399805 | State: STABLE
[AUM] I_Tors: 1.399958 | State: STABLE
[AUM] I_Tors: 1.400111 | State: STABLE
[AUM] I_Tors: 1.400263 | State: STABLE
[AUM] I_Tors: 1.400416 | State: STABLE
[AUM] I_Tors: 1.400568 | State: STABLE
[AUM] I_Tors: 1.400720 | State: STABLE
[AUM] I_Tors: 1.400872 | State: STABLE
[AUM] I_Tors: 1.401024 | State: STABLE
[AUM] I_Tors: 1.401176 | State: STABLE
[AUM] I_Tors: 1.401328 | State: STABLE
[AUM] I_Tors: 1.401480 | State: STABLE
[AUM] I_Tors: 1.401631 | State: STABLE
[AUM] I_Tors: 1.401783 | State: STABLE
[AUM] I_Tors: 1.401934 | State: STABLE
[AUM] I_Tors: 1.402085 | State: STABLE
[AUM] I_Tors: 1.402237 | State: STABLE
[AUM] I_Tors: 1.402388 | State: STABLE
[AUM] I_Tors: 1.402539 | State: STABLE
[AUM] I_Tors: 1.402689 | State: STABLE
[AUM] I_Tors: 1.402840 | State: STABLE
[AUM] I_Tors: 1.402991 | State: STABLE
[AUM] I_Tors: 1.403141 | State: STABLE
[AUM] I_Tors: 1.403292 | State: STABLE
[AUM] I_Tors: 1.403442 | State: STABLE
[AUM] I_Tors: 1.403592 | State: STABLE
[AUM] I_Tors: 1.403742 | State: STABLE
[AUM] I_Tors: 1.403892 | State: STABLE
[AUM] I_Tors: 1.404042 | State: STABLE
[AUM] I_Tors: 1.404192 | State: STABLE
[AUM] I_Tors: 1.404342 | State: STABLE
[AUM] I_Tors: 1.404491 | State: STABLE
[AUM] I_Tors: 1.404641 | State: STABLE
[AUM] I_Tors: 1.404790 | State: STABLE
[AUM] I_Tors: 1.404940 | State: STABLE
[AUM] I_Tors: 1.405089 | State: STABLE
[AUM] I_Tors: 1.405238 | State: STABLE
[AUM] I_Tors: 1.405387 | State: STABLE
[AUM] I_Tors: 1.405536 | State: STABLE
[AUM] I_Tors: 1.405684 | State: STABLE
[AUM] I_Tors: 1.405833 | State: STABLE
[AUM] I_Tors: 1.405982 | State: STABLE
[AUM] I_Tors: 1.406130 | State: STABLE
[AUM] I_Tors: 1.406278 | State: STABLE
[AUM] I_Tors: 1.406426 | State: STABLE
[AUM] I_Tors: 1.406575 | State: STABLE
[AUM] I_Tors: 1.406723 | State: STABLE
[AUM] I_Tors: 1.406871 | State: STABLE
[AUM] I_Tors: 1.407018 | State: STABLE
[AUM] I_Tors: 1.407166 | State: STABLE
[AUM] I_Tors: 1.407314 | State: STABLE
[AUM] I_Tors: 1.407461 | State: STABLE
[AUM] I_Tors: 1.407609 | State: STABLE
[AUM] I_Tors: 1.407756 | State: STABLE
[AUM] I_Tors: 1.407903 | State: STABLE
[AUM] I_Tors: 1.408050 | State: STABLE
[AUM] I_Tors: 1.408197 | State: STABLE
[AUM] I_Tors: 1.408344 | State: STABLE
[AUM] I_Tors: 1.408491 | State: STABLE
[AUM] I_Tors: 1.408638 | State: STABLE
[AUM] I_Tors: 1.408784 | State: STABLE
[AUM] I_Tors: 1.408931 | State: STABLE
[AUM] I_Tors: 1.409077 | State: STABLE
[AUM] I_Tors: 1.409223 | State: STABLE
[AUM] I_Tors: 1.409369 | State: STABLE
[AUM] I_Tors: 1.409515 | State: STABLE
[AUM] I_Tors: 1.409661 | State: STABLE
[AUM] I_Tors: 1.409807 | State: STABLE
[AUM] I_Tors: 1.409953 | State: STABLE
[AUM] I_Tors: 1.410099 | State: STABLE
[AUM] I_Tors: 1.410244 | State: STABLE
[AUM] I_Tors: 1.410390 | State: STABLE
[AUM] I_Tors: 1.410535 | State: STABLE
[AUM] I_Tors: 1.410680 | State: STABLE
[AUM] I_Tors: 1.410825 | State: STABLE
[AUM] I_Tors: 1.410970 | State: STABLE
[AUM] I_Tors: 1.411115 | State: STABLE
[AUM] I_Tors: 1.411260 | State: STABLE
[AUM] I_Tors: 1.411405 | State: STABLE
[AUM] I_Tors: 1.411550 | State: STABLE
[AUM] I_Tors: 1.411694 | State: STABLE
[AUM] I_Tors: 1.411839 | State: STABLE
[AUM] I_Tors: 1.411983 | State: STABLE
[AUM] I_Tors: 1.412127 | State: STABLE
[AUM] I_Tors: 1.412271 | State: STABLE
[AUM] I_Tors: 1.412415 | State: STABLE
[AUM] I_Tors: 1.412559 | State: STABLE
[AUM] I_Tors: 1.412703 | State: STABLE
[AUM] I_Tors: 1.412847 | State: STABLE
[AUM] I_Tors: 1.412991 | State: STABLE
[AUM] I_Tors: 1.413134 | State: STABLE
[AUM] I_Tors: 1.413277 | State: STABLE
[AUM] I_Tors: 1.413421 | State: STABLE
[AUM] I_Tors: 1.413564 | State: STABLE
[AUM] I_Tors: 1.413707 | State: STABLE
[AUM] I_Tors: 1.413850 | State: STABLE
[AUM] I_Tors: 1.413993 | State: STABLE
[AUM] I_Tors: 1.414136 | State: STABLE
[AUM] I_Tors: 1.414279 | State: STABLE
[AUM] I_Tors: 1.414421 | State: STABLE
[AUM] I_Tors: 1.414564 | State: STABLE
[AUM] I_Tors: 1.414706 | State: STABLE
[AUM] I_Tors: 1.414849 | State: STABLE
[AUM] I_Tors: 1.414991 | State: STABLE
[AUM] I_Tors: 1.415133 | State: STABLE
[AUM] I_Tors: 1.415275 | State: STABLE
[AUM] I_Tors: 1.415417 | State: STABLE
[AUM] I_Tors: 1.415559 | State: STABLE
[AUM] I_Tors: 1.415700 | State: STABLE
[AUM] I_Tors: 1.415842 | State: STABLE
[AUM] I_Tors: 1.415984 | State: STABLE
[AUM] I_Tors: 1.416125 | State: STABLE
[AUM] I_Tors: 1.416266 | State: STABLE
[AUM] I_Tors: 1.416408 | State: STABLE
[AUM] I_Tors: 1.416549 | State: STABLE
[AUM] I_Tors: 1.416690 | State: STABLE
[AUM] I_Tors: 1.416831 | State: STABLE
[AUM] I_Tors: 1.416972 | State: STABLE
[AUM] I_Tors: 1.417112 | State: STABLE
[AUM] I_Tors: 1.417253 | State: STABLE
[AUM] I_Tors: 1.417394 | State: STABLE
[AUM] I_Tors: 1.417534 | State: STABLE
[AUM] I_Tors: 1.417674 | State: STABLE
[AUM] I_Tors: 1.417815 | State: STABLE
[AUM] I_Tors: 1.417955 | State: STABLE
[AUM] I_Tors: 1.418095 | State: STABLE
[AUM] I_Tors: 1.418235 | State: STABLE
[AUM] I_Tors: 1.418375 | State: STABLE
[AUM] I_Tors: 1.418514 | State: STABLE
[AUM] I_Tors: 1.418654 | State: STABLE
[AUM] I_Tors: 1.418794 | State: STABLE
[AUM] I_Tors: 1.418933 | State: STABLE
[AUM] I_Tors: 1.419072 | State: STABLE
[AUM] I_Tors: 1.419212 | State: STABLE
[AUM] I_Tors: 1.419351 | State: STABLE
[AUM] I_Tors: 1.419490 | State: STABLE
[AUM] I_Tors: 1.419629 | State: STABLE
[AUM] I_Tors: 1.419768 | State: STABLE
[AUM] I_Tors: 1.419907 | State: STABLE
[AUM] I_Tors: 1.420045 | State: STABLE
[AUM] I_Tors: 1.420184 | State: STABLE
[AUM] I_Tors: 1.420322 | State: STABLE
[AUM] I_Tors: 1.420461 | State: STABLE
[AUM] I_Tors: 1.420599 | State: STABLE
[AUM] I_Tors: 1.420737 | State: STABLE
[AUM] I_Tors: 1.420875 | State: STABLE
[AUM] I_Tors: 1.421013 | State: STABLE
[AUM] I_Tors: 1.421151 | State: STABLE
[AUM] I_Tors: 1.421289 | State: STABLE
[AUM] I_Tors: 1.421427 | State: STABLE
[AUM] I_Tors: 1.421565 | State: STABLE
[AUM] I_Tors: 1.421702 | State: STABLE
[AUM] I_Tors: 1.421839 | State: STABLE
[AUM] I_Tors: 1.421977 | State: STABLE
[AUM] I_Tors: 1.422114 | State: STABLE
[AUM] I_Tors: 1.422251 | State: STABLE
[AUM] I_Tors: 1.422388 | State: STABLE
[AUM] I_Tors: 1.422525 | State: STABLE
[AUM] I_Tors: 1.422662 | State: STABLE
[AUM] I_Tors: 1.422799 | State: STABLE
[AUM] I_Tors: 1.422935 | State: STABLE
[AUM] I_Tors: 1.423072 | State: STABLE
[AUM] I_Tors: 1.423209 | State: STABLE
[AUM] I_Tors: 1.423345 | State: STABLE
[AUM] I_Tors: 1.423481 | State: STABLE
[AUM] I_Tors: 1.423617 | State: STABLE
[AUM] I_Tors: 1.423753 | State: STABLE
[AUM] I_Tors: 1.423889 | State: STABLE
[AUM] I_Tors: 1.424025 | State: STABLE
[AUM] I_Tors: 1.424161 | State: STABLE
[AUM] I_Tors: 1.424297 | State: STABLE
[AUM] I_Tors: 1.424432 | State: STABLE
[AUM] I_Tors: 1.424568 | State: STABLE
[AUM] I_Tors: 1.424703 | State: STABLE
[AUM] I_Tors: 1.424839 | State: STABLE
[AUM] I_Tors: 1.424974 | State: STABLE
[AUM] I_Tors: 1.425109 | State: STABLE
[AUM] I_Tors: 1.425244 | State: STABLE
[AUM] I_Tors: 1.425379 | State: STABLE
[AUM] I_Tors: 1.425514 | State: STABLE
[AUM] I_Tors: 1.425649 | State: STABLE
[AUM] I_Tors: 1.425783 | State: STABLE
[AUM] I_Tors: 1.425918 | State: STABLE
[AUM] I_Tors: 1.426052 | State: STABLE
[AUM] I_Tors: 1.426187 | State: STABLE
[AUM] I_Tors: 1.426321 | State: STABLE
[AUM] I_Tors: 1.426455 | State: STABLE
[AUM] I_Tors: 1.426589 | State: STABLE
[AUM] I_Tors: 1.426723 | State: STABLE
[AUM] I_Tors: 1.426857 | State: STABLE
[AUM] I_Tors: 1.426991 | State: STABLE
[AUM] I_Tors: 1.427125 | State: STABLE
[AUM] I_Tors: 1.427259 | State: STABLE
[AUM] I_Tors: 1.427392 | State: STABLE
[AUM] I_Tors: 1.427526 | State: STABLE
[AUM] I_Tors: 1.427659 | State: STABLE
[AUM] I_Tors: 1.427792 | State: STABLE
[AUM] I_Tors: 1.427925 | State: STABLE
[AUM] I_Tors: 1.428058 | State: STABLE
[AUM] I_Tors: 1.428191 | State: STABLE
[AUM] I_Tors: 1.428324 | State: STABLE
[AUM] I_Tors: 1.428457 | State: STABLE
[AUM] I_Tors: 1.428590 | State: STABLE
[AUM] I_Tors: 1.428722 | State: STABLE
[AUM] I_Tors: 1.428855 | State: STABLE
[AUM] I_Tors: 1.428987 | State: STABLE
[AUM] I_Tors: 1.429120 | State: STABLE
[AUM] I_Tors: 1.429252 | State: STABLE
[AUM] I_Tors: 1.429384 | State: STABLE
[AUM] I_Tors: 1.429516 | State: STABLE
[AUM] I_Tors: 1.429648 | State: STABLE
[AUM] I_Tors: 1.429780 | State: STABLE
[AUM] I_Tors: 1.429912 | State: STABLE
[AUM] I_Tors: 1.430043 | State: STABLE
[AUM] I_Tors: 1.430175 | State: STABLE
[AUM] I_Tors: 1.430307 | State: STABLE
[AUM] I_Tors: 1.430438 | State: STABLE
[AUM] I_Tors: 1.430569 | State: STABLE
[AUM] I_Tors: 1.430700 | State: STABLE
[AUM] I_Tors: 1.430832 | State: STABLE
[AUM] I_Tors: 1.430963 | State: STABLE
[AUM] I_Tors: 1.431094 | State: STABLE
[AUM] I_Tors: 1.431224 | State: STABLE
[AUM] I_Tors: 1.431355 | State: STABLE
[AUM] I_Tors: 1.431486 | State: STABLE
[AUM] I_Tors: 1.431616 | State: STABLE
[AUM] I_Tors: 1.431747 | State: STABLE
[AUM] I_Tors: 1.431877 | State: STABLE
[AUM] I_Tors: 1.432008 | State: STABLE
[AUM] I_Tors: 1.432138 | State: STABLE
[AUM] I_Tors: 1.432268 | State: STABLE
[AUM] I_Tors: 1.432398 | State: STABLE
[AUM] I_Tors: 1.432528 | State: STABLE
[AUM] I_Tors: 1.432658 | State: STABLE
[AUM] I_Tors: 1.432788 | State: STABLE
[AUM] I_Tors: 1.432917 | State: STABLE
[AUM] I_Tors: 1.433047 | State: STABLE
[AUM] I_Tors: 1.433176 | State: STABLE
[AUM] I_Tors: 1.433306 | State: STABLE
[AUM] I_Tors: 1.433435 | State: STABLE
[AUM] I_Tors: 1.433564 | State: STABLE
[AUM] I_Tors: 1.433693 | State: STABLE
[AUM] I_Tors: 1.433822 | State: STABLE
[AUM] I_Tors: 1.433951 | State: STABLE
[AUM] I_Tors: 1.434080 | State: STABLE
[AUM] I_Tors: 1.434209 | State: STABLE
[AUM] I_Tors: 1.434338 | State: STABLE
[AUM] I_Tors: 1.434466 | State: STABLE
[AUM] I_Tors: 1.434595 | State: STABLE
[AUM] I_Tors: 1.434723 | State: STABLE
[AUM] I_Tors: 1.434852 | State: STABLE
[AUM] I_Tors: 1.434980 | State: STABLE
[AUM] I_Tors: 1.435108 | State: STABLE
[AUM] I_Tors: 1.435236 | State: STABLE
[AUM] I_Tors: 1.435364 | State: STABLE
[AUM] I_Tors: 1.435492 | State: STABLE
[AUM] I_Tors: 1.435620 | State: STABLE
[AUM] I_Tors: 1.435747 | State: STABLE
[AUM] I_Tors: 1.435875 | State: STABLE
[AUM] I_Tors: 1.436002 | State: STABLE
[AUM] I_Tors: 1.436130 | State: STABLE
[AUM] I_Tors: 1.436257 | State: STABLE
[AUM] I_Tors: 1.436384 | State: STABLE
[AUM] I_Tors: 1.436512 | State: STABLE
[AUM] I_Tors: 1.436639 | State: STABLE
[AUM] I_Tors: 1.436766 | State: STABLE
[AUM] I_Tors: 1.436892 | State: STABLE
[AUM] I_Tors: 1.437019 | State: STABLE
[AUM] I_Tors: 1.437146 | State: STABLE
[AUM] I_Tors: 1.437273 | State: STABLE
[AUM] I_Tors: 1.437399 | State: STABLE
[AUM] I_Tors: 1.437526 | State: STABLE
[AUM] I_Tors: 1.437652 | State: STABLE
[AUM] I_Tors: 1.437778 | State: STABLE
[AUM] I_Tors: 1.437904 | State: STABLE
[AUM] I_Tors: 1.438030 | State: STABLE
[AUM] I_Tors: 1.438156 | State: STABLE
[AUM] I_Tors: 1.438282 | State: STABLE
[AUM] I_Tors: 1.438408 | State: STABLE
[AUM] I_Tors: 1.438534 | State: STABLE
[AUM] I_Tors: 1.438660 | State: STABLE
[AUM] I_Tors: 1.438785 | State: STABLE
[AUM] I_Tors: 1.438911 | State: STABLE
[AUM] I_Tors: 1.439036 | State: STABLE
[AUM] I_Tors: 1.439161 | State: STABLE
[AUM] I_Tors: 1.439287 | State: STABLE
[AUM] I_Tors: 1.439412 | State: STABLE
[AUM] I_Tors: 1.439537 | State: STABLE
[AUM] I_Tors: 1.439662 | State: STABLE
[AUM] I_Tors: 1.439786 | State: STABLE
[AUM] I_Tors: 1.439911 | State: STABLE
[AUM] I_Tors: 1.440036 | State: STABLE
[AUM] I_Tors: 1.440161 | State: STABLE
[AUM] I_Tors: 1.440285 | State: STABLE
[AUM] I_Tors: 1.440409 | State: STABLE
[AUM] I_Tors: 1.440534 | State: STABLE
[AUM] I_Tors: 1.440658 | State: STABLE
[AUM] I_Tors: 1.440782 | State: STABLE
[AUM] I_Tors: 1.440906 | State: STABLE
[AUM] I_Tors: 1.441030 | State: STABLE
[AUM] I_Tors: 1.441154 | State: STABLE
[AUM] I_Tors: 1.441278 | State: STABLE
[AUM] I_Tors: 1.441402 | State: STABLE
[AUM] I_Tors: 1.441525 | State: STABLE
[AUM] I_Tors: 1.441649 | State: STABLE
[AUM] I_Tors: 1.441772 | State: STABLE
[AUM] I_Tors: 1.441896 | State: STABLE
[AUM] I_Tors: 1.442019 | State: STABLE
[AUM] I_Tors: 1.442142 | State: STABLE
[AUM] I_Tors: 1.442265 | State: STABLE
[AUM] I_Tors: 1.442388 | State: STABLE
[AUM] I_Tors: 1.442511 | State: STABLE
[AUM] I_Tors: 1.442634 | State: STABLE
[AUM] I_Tors: 1.442757 | State: STABLE
[AUM] I_Tors: 1.442880 | State: STABLE
[AUM] I_Tors: 1.443002 | State: STABLE
[AUM] I_Tors: 1.443125 | State: STABLE
[AUM] I_Tors: 1.443247 | State: STABLE
[AUM] I_Tors: 1.443370 | State: STABLE
[AUM] I_Tors: 1.443492 | State: STABLE
[AUM] I_Tors: 1.443614 | State: STABLE
[AUM] I_Tors: 1.443736 | State: STABLE
[AUM] I_Tors: 1.443858 | State: STABLE
[AUM] I_Tors: 1.443980 | State: STABLE
[AUM] I_Tors: 1.444102 | State: STABLE
[AUM] I_Tors: 1.444224 | State: STABLE
[AUM] I_Tors: 1.444345 | State: STABLE
[AUM] I_Tors: 1.444467 | State: STABLE
[AUM] I_Tors: 1.444588 | State: STABLE
[AUM] I_Tors: 1.444710 | State: STABLE
[AUM] I_Tors: 1.444831 | State: STABLE
[AUM] I_Tors: 1.444952 | State: STABLE
[AUM] I_Tors: 1.445074 | State: STABLE
[AUM] I_Tors: 1.445195 | State: STABLE
[AUM] I_Tors: 1.445316 | State: STABLE
[AUM] I_Tors: 1.445437 | State: STABLE
[AUM] I_Tors: 1.445557 | State: STABLE
[AUM] I_Tors: 1.445678 | State: STABLE
[AUM] I_Tors: 1.445799 | State: STABLE
[AUM] I_Tors: 1.445919 | State: STABLE
[AUM] I_Tors: 1.446040 | State: STABLE
[AUM] I_Tors: 1.446160 | State: STABLE
[AUM] I_Tors: 1.446281 | State: STABLE
[AUM] I_Tors: 1.446401 | State: STABLE
[AUM] I_Tors: 1.446521 | State: STABLE
[AUM] I_Tors: 1.446641 | State: STABLE
[AUM] I_Tors: 1.446761 | State: STABLE
[AUM] I_Tors: 1.446881 | State: STABLE
[AUM] I_Tors: 1.447001 | State: STABLE
[AUM] I_Tors: 1.447120 | State: STABLE
[AUM] I_Tors: 1.447240 | State: STABLE
[AUM] I_Tors: 1.447360 | State: STABLE
[AUM] I_Tors: 1.447479 | State: STABLE
[AUM] I_Tors: 1.447598 | State: STABLE
[AUM] I_Tors: 1.447718 | State: STABLE
[AUM] I_Tors: 1.447837 | State: STABLE
[AUM] I_Tors: 1.447956 | State: STABLE
[AUM] I_Tors: 1.448075 | State: STABLE
[AUM] I_Tors: 1.448194 | State: STABLE
[AUM] I_Tors: 1.448313 | State: STABLE
[AUM] I_Tors: 1.448432 | State: STABLE
[AUM] I_Tors: 1.448551 | State: STABLE
[AUM] I_Tors: 1.448669 | State: STABLE
[AUM] I_Tors: 1.448788 | State: STABLE
[AUM] I_Tors: 1.448906 | State: STABLE
[AUM] I_Tors: 1.449025 | State: STABLE
[AUM] I_Tors: 1.449143 | State: STABLE
[AUM] I_Tors: 1.449261 | State: STABLE
[AUM] I_Tors: 1.449379 | State: STABLE
[AUM] I_Tors: 1.449497 | State: STABLE
[AUM] I_Tors: 1.449615 | State: STABLE
[AUM] I_Tors: 1.449733 | State: STABLE
[AUM] I_Tors: 1.449851 | State: STABLE
[AUM] I_Tors: 1.449969 | State: STABLE
[AUM] I_Tors: 1.450086 | State: STABLE
[AUM] I_Tors: 1.450204 | State: STABLE
[AUM] I_Tors: 1.450321 | State: STABLE
[AUM] I_Tors: 1.450439 | State: STABLE
[AUM] I_Tors: 1.450556 | State: STABLE
[AUM] I_Tors: 1.450673 | State: STABLE
[AUM] I_Tors: 1.450791 | State: STABLE
[AUM] I_Tors: 1.450908 | State: STABLE
[AUM] I_Tors: 1.451025 | State: STABLE
[AUM] I_Tors: 1.451141 | State: STABLE
[AUM] I_Tors: 1.451258 | State: STABLE
[AUM] I_Tors: 1.451375 | State: STABLE
[AUM] I_Tors: 1.451492 | State: STABLE
[AUM] I_Tors: 1.451608 | State: STABLE
[AUM] I_Tors: 1.451725 | State: STABLE
[AUM] I_Tors: 1.451841 | State: STABLE
[AUM] I_Tors: 1.451958 | State: STABLE
[AUM] I_Tors: 1.452074 | State: STABLE
[AUM] I_Tors: 1.452190 | State: STABLE
[AUM] I_Tors: 1.452306 | State: STABLE
[AUM] I_Tors: 1.452422 | State: STABLE
[AUM] I_Tors: 1.452538 | State: STABLE
[AUM] I_Tors: 1.452654 | State: STABLE
[AUM] I_Tors: 1.452770 | State: STABLE
[AUM] I_Tors: 1.452885 | State: STABLE
[AUM] I_Tors: 1.453001 | State: STABLE
[AUM] I_Tors: 1.453116 | State: STABLE
[AUM] I_Tors: 1.453232 | State: STABLE
[AUM] I_Tors: 1.453347 | State: STABLE
[AUM] I_Tors: 1.453462 | State: STABLE
[AUM] I_Tors: 1.453578 | State: STABLE
[AUM] I_Tors: 1.453693 | State: STABLE
[AUM] I_Tors: 1.453808 | State: STABLE
[AUM] I_Tors: 1.453923 | State: STABLE
[AUM] I_Tors: 1.454038 | State: STABLE
[AUM] I_Tors: 1.454152 | State: STABLE
[AUM] I_Tors: 1.454267 | State: STABLE
[AUM] I_Tors: 1.454382 | State: STABLE
[AUM] I_Tors: 1.454496 | State: STABLE
[AUM] I_Tors: 1.454611 | State: STABLE
[AUM] I_Tors: 1.454725 | State: STABLE
[AUM] I_Tors: 1.454840 | State: STABLE
[AUM] I_Tors: 1.454954 | State: STABLE
[AUM] I_Tors: 1.455068 | State: STABLE
[AUM] I_Tors: 1.455182 | State: STABLE
[AUM] I_Tors: 1.455296 | State: STABLE
[AUM] I_Tors: 1.455410 | State: STABLE
[AUM] I_Tors: 1.455524 | State: STABLE
[AUM] I_Tors: 1.455638 | State: STABLE
[AUM] I_Tors: 1.455751 | State: STABLE
[AUM] I_Tors: 1.455865 | State: STABLE
[AUM] I_Tors: 1.455978 | State: STABLE
[AUM] I_Tors: 1.456092 | State: STABLE
[AUM] I_Tors: 1.456205 | State: STABLE
[AUM] I_Tors: 1.456318 | State: STABLE
[AUM] I_Tors: 1.456432 | State: STABLE
[AUM] I_Tors: 1.456545 | State: STABLE
[AUM] I_Tors: 1.456658 | State: STABLE
[AUM] I_Tors: 1.456771 | State: STABLE
[AUM] I_Tors: 1.456884 | State: STABLE
[AUM] I_Tors: 1.456996 | State: STABLE
[AUM] I_Tors: 1.457109 | State: STABLE
[AUM] I_Tors: 1.457222 | State: STABLE
[AUM] I_Tors: 1.457334 | State: STABLE
[AUM] I_Tors: 1.457447 | State: STABLE
[AUM] I_Tors: 1.457559 | State: STABLE
[AUM] I_Tors: 1.457672 | State: STABLE
[AUM] I_Tors: 1.457784 | State: STABLE
[AUM] I_Tors: 1.457896 | State: STABLE
[AUM] I_Tors: 1.458008 | State: STABLE
[AUM] I_Tors: 1.458120 | State: STABLE
[AUM] I_Tors: 1.458232 | State: STABLE
[AUM] I_Tors: 1.458344 | State: STABLE
[AUM] I_Tors: 1.458456 | State: STABLE
[AUM] I_Tors: 1.458567 | State: STABLE
[AUM] I_Tors: 1.458679 | State: STABLE
[AUM] I_Tors: 1.458791 | State: STABLE
[AUM] I_Tors: 1.458902 | State: STABLE
[AUM] I_Tors: 1.459013 | State: STABLE
[AUM] I_Tors: 1.459125 | State: STABLE
[AUM] I_Tors: 1.459236 | State: STABLE
[AUM] I_Tors: 1.459347 | State: STABLE
[AUM] I_Tors: 1.459458 | State: STABLE
[AUM] I_Tors: 1.459569 | State: STABLE
[AUM] I_Tors: 1.459680 | State: STABLE
[AUM] I_Tors: 1.459791 | State: STABLE
[AUM] I_Tors: 1.459902 | State: STABLE
[AUM] I_Tors: 1.460013 | State: STABLE
[AUM] I_Tors: 1.460123 | State: STABLE
[AUM] I_Tors: 1.460234 | State: STABLE
[AUM] I_Tors: 1.460344 | State: STABLE
[AUM] I_Tors: 1.460455 | State: STABLE
[AUM] I_Tors: 1.460565 | State: STABLE
[AUM] I_Tors: 1.460675 | State: STABLE
[AUM] I_Tors: 1.460785 | State: STABLE
[AUM] I_Tors: 1.460895 | State: STABLE
[AUM] I_Tors: 1.461005 | State: STABLE
[AUM] I_Tors: 1.461115 | State: STABLE
[AUM] I_Tors: 1.461225 | State: STABLE
[AUM] I_Tors: 1.461335 | State: STABLE
[AUM] I_Tors: 1.461444 | State: STABLE
[AUM] I_Tors: 1.461554 | State: STABLE
[AUM] I_Tors: 1.461664 | State: STABLE
[AUM] I_Tors: 1.461773 | State: STABLE
[AUM] I_Tors: 1.461882 | State: STABLE
[AUM] I_Tors: 1.461992 | State: STABLE
[AUM] I_Tors: 1.462101 | State: STABLE
[AUM] I_Tors: 1.462210 | State: STABLE
[AUM] I_Tors: 1.462319 | State: STABLE
[AUM] I_Tors: 1.462428 | State: STABLE
[AUM] I_Tors: 1.462537 | State: STABLE
[AUM] I_Tors: 1.462646 | State: STABLE
[AUM] I_Tors: 1.462755 | State: STABLE
[AUM] I_Tors: 1.462863 | State: STABLE
[AUM] I_Tors: 1.462972 | State: STABLE
[AUM] I_Tors: 1.463081 | State: STABLE
[AUM] I_Tors: 1.463189 | State: STABLE
[AUM] I_Tors: 1.463298 | State: STABLE
[AUM] I_Tors: 1.463406 | State: STABLE
[AUM] I_Tors: 1.463514 | State: STABLE
[AUM] I_Tors: 1.463622 | State: STABLE
[AUM] I_Tors: 1.463730 | State: STABLE
[AUM] I_Tors: 1.463838 | State: STABLE
[AUM] I_Tors: 1.463946 | State: STABLE
[AUM] I_Tors: 1.464054 | State: STABLE
[AUM] I_Tors: 1.464162 | State: STABLE
[AUM] I_Tors: 1.464270 | State: STABLE
[AUM] I_Tors: 1.464377 | State: STABLE
[AUM] I_Tors: 1.464485 | State: STABLE
[AUM] I_Tors: 1.464592 | State: STABLE
[AUM] I_Tors: 1.464700 | State: STABLE
[AUM] I_Tors: 1.464807 | State: STABLE
[AUM] I_Tors: 1.464914 | State: STABLE
[AUM] I_Tors: 1.465021 | State: STABLE
[AUM] I_Tors: 1.465129 | State: STABLE
[AUM] I_Tors: 1.465236 | State: STABLE
[AUM] I_Tors: 1.465343 | State: STABLE
[AUM] I_Tors: 1.465449 | State: STABLE
[AUM] I_Tors: 1.465556 | State: STABLE
[AUM] I_Tors: 1.465663 | State: STABLE
[AUM] I_Tors: 1.465770 | State: STABLE
[AUM] I_Tors: 1.465876 | State: STABLE
[AUM] I_Tors: 1.465983 | State: STABLE
[AUM] I_Tors: 1.466089 | State: STABLE
[AUM] I_Tors: 1.466196 | State: STABLE
[AUM] I_Tors: 1.466302 | State: STABLE
[AUM] I_Tors: 1.466408 | State: STABLE
[AUM] I_Tors: 1.466514 | State: STABLE
[AUM] I_Tors: 1.466620 | State: STABLE
[AUM] I_Tors: 1.466726 | State: STABLE
[AUM] I_Tors: 1.466832 | State: STABLE
[AUM] I_Tors: 1.466938 | State: STABLE
[AUM] I_Tors: 1.467044 | State: STABLE
[AUM] I_Tors: 1.467149 | State: STABLE
[AUM] I_Tors: 1.467255 | State: STABLE
[AUM] I_Tors: 1.467361 | State: STABLE
[AUM] I_Tors: 1.467466 | State: STABLE
[AUM] I_Tors: 1.467572 | State: STABLE
[AUM] I_Tors: 1.467677 | State: STABLE
[AUM] I_Tors: 1.467782 | State: STABLE
[AUM] I_Tors: 1.467887 | State: STABLE
[AUM] I_Tors: 1.467992 | State: STABLE
[AUM] I_Tors: 1.468097 | State: STABLE
[AUM] I_Tors: 1.468202 | State: STABLE
[AUM] I_Tors: 1.468307 | State: STABLE
[AUM] I_Tors: 1.468412 | State: STABLE
[AUM] I_Tors: 1.468517 | State: STABLE
[AUM] I_Tors: 1.468621 | State: STABLE
[AUM] I_Tors: 1.468726 | State: STABLE
[AUM] I_Tors: 1.468831 | State: STABLE
[AUM] I_Tors: 1.468935 | State: STABLE
[AUM] I_Tors: 1.469039 | State: STABLE
[AUM] I_Tors: 1.469144 | State: STABLE
[AUM] I_Tors: 1.469248 | State: STABLE
[AUM] I_Tors: 1.469352 | State: STABLE
[AUM] I_Tors: 1.469456 | State: STABLE
[AUM] I_Tors: 1.469560 | State: STABLE
[AUM] I_Tors: 1.469664 | State: STABLE
[AUM] I_Tors: 1.469768 | State: STABLE
[AUM] I_Tors: 1.469872 | State: STABLE
[AUM] I_Tors: 1.469975 | State: STABLE
[AUM] I_Tors: 1.470079 | State: STABLE
[AUM] I_Tors: 1.470183 | State: STABLE
[AUM] I_Tors: 1.470286 | State: STABLE
[AUM] I_Tors: 1.470390 | State: STABLE
[AUM] I_Tors: 1.470493 | State: STABLE
[AUM] I_Tors: 1.470596 | State: STABLE
[AUM] I_Tors: 1.470699 | State: STABLE
[AUM] I_Tors: 1.470802 | State: STABLE
[AUM] I_Tors: 1.470906 | State: STABLE
[AUM] I_Tors: 1.471009 | State: STABLE
[AUM] I_Tors: 1.471111 | State: STABLE
[AUM] I_Tors: 1.471214 | State: STABLE
[AUM] I_Tors: 1.471317 | State: STABLE
[AUM] I_Tors: 1.471420 | State: STABLE
[AUM] I_Tors: 1.471522 | State: STABLE
[AUM] I_Tors: 1.471625 | State: STABLE
[AUM] I_Tors: 1.471727 | State: STABLE
[AUM] I_Tors: 1.471830 | State: STABLE
[AUM] I_Tors: 1.471932 | State: STABLE
[AUM] I_Tors: 1.472034 | State: STABLE
[AUM] I_Tors: 1.472137 | State: STABLE
[AUM] I_Tors: 1.472239 | State: STABLE
[AUM] I_Tors: 1.472341 | State: STABLE
[AUM] I_Tors: 1.472443 | State: STABLE
[AUM] I_Tors: 1.472545 | State: STABLE
[AUM] I_Tors: 1.472647 | State: STABLE
[AUM] I_Tors: 1.472748 | State: STABLE
[AUM] I_Tors: 1.472850 | State: STABLE
[AUM] I_Tors: 1.472952 | State: STABLE
[AUM] I_Tors: 1.473053 | State: STABLE
[AUM] I_Tors: 1.473155 | State: STABLE
[AUM] I_Tors: 1.473256 | State: STABLE
[AUM] I_Tors: 1.473358 | State: STABLE
[AUM] I_Tors: 1.473459 | State: STABLE
[AUM] I_Tors: 1.473560 | State: STABLE
[AUM] I_Tors: 1.473661 | State: STABLE
[AUM] I_Tors: 1.473762 | State: STABLE
[AUM] I_Tors: 1.473863 | State: STABLE
[AUM] I_Tors: 1.473964 | State: STABLE
[AUM] I_Tors: 1.474065 | State: STABLE
[AUM] I_Tors: 1.474166 | State: STABLE
[AUM] I_Tors: 1.474266 | State: STABLE
[AUM] I_Tors: 1.474367 | State: STABLE
[AUM] I_Tors: 1.474468 | State: STABLE
[AUM] I_Tors: 1.474568 | State: STABLE
[AUM] I_Tors: 1.474669 | State: STABLE
[AUM] I_Tors: 1.474769 | State: STABLE
[AUM] I_Tors: 1.474869 | State: STABLE
[AUM] I_Tors: 1.474969 | State: STABLE
[AUM] I_Tors: 1.475070 | State: STABLE
[AUM] I_Tors: 1.475170 | State: STABLE
[AUM] I_Tors: 1.475270 | State: STABLE
[AUM] I_Tors: 1.475370 | State: STABLE
[AUM] I_Tors: 1.475469 | State: STABLE
[AUM] I_Tors: 1.475569 | State: STABLE
[AUM] I_Tors: 1.475669 | State: STABLE
[AUM] I_Tors: 1.475769 | State: STABLE
[AUM] I_Tors: 1.475868 | State: STABLE
[AUM] I_Tors: 1.475968 | State: STABLE
[AUM] I_Tors: 1.476067 | State: STABLE
[AUM] I_Tors: 1.476167 | State: STABLE
[AUM] I_Tors: 1.476266 | State: STABLE
[AUM] I_Tors: 1.476365 | State: STABLE
[AUM] I_Tors: 1.476464 | State: STABLE
[AUM] I_Tors: 1.476563 | State: STABLE
[AUM] I_Tors: 1.476662 | State: STABLE
[AUM] I_Tors: 1.476761 | State: STABLE
[AUM] I_Tors: 1.476860 | State: STABLE
[AUM] I_Tors: 1.476959 | State: STABLE
[AUM] I_Tors: 1.477058 | State: STABLE
[AUM] I_Tors: 1.477156 | State: STABLE
[AUM] I_Tors: 1.477255 | State: STABLE
[AUM] I_Tors: 1.477354 | State: STABLE
[AUM] I_Tors: 1.477452 | State: STABLE
[AUM] I_Tors: 1.477551 | State: STABLE
[AUM] I_Tors: 1.477649 | State: STABLE
[AUM] I_Tors: 1.477747 | State: STABLE
[AUM] I_Tors: 1.477845 | State: STABLE
[AUM] I_Tors: 1.477943 | State: STABLE
[AUM] I_Tors: 1.478042 | State: STABLE
[AUM] I_Tors: 1.478140 | State: STABLE
[AUM] I_Tors: 1.478237 | State: STABLE
[AUM] I_Tors: 1.478335 | State: STABLE
[AUM] I_Tors: 1.478433 | State: STABLE
[AUM] I_Tors: 1.478531 | State: STABLE
[AUM] I_Tors: 1.478628 | State: STABLE
[AUM] I_Tors: 1.478726 | State: STABLE
[AUM] I_Tors: 1.478824 | State: STABLE
[AUM] I_Tors: 1.478921 | State: STABLE
[AUM] I_Tors: 1.479018 | State: STABLE
[AUM] I_Tors: 1.479116 | State: STABLE
[AUM] I_Tors: 1.479213 | State: STABLE
[AUM] I_Tors: 1.479310 | State: STABLE
[AUM] I_Tors: 1.479407 | State: STABLE
[AUM] I_Tors: 1.479504 | State: STABLE
[AUM] I_Tors: 1.479601 | State: STABLE
[AUM] I_Tors: 1.479698 | State: STABLE
[AUM] I_Tors: 1.479795 | State: STABLE
[AUM] I_Tors: 1.479892 | State: STABLE
[AUM] I_Tors: 1.479988 | State: STABLE
[AUM] I_Tors: 1.480085 | State: STABLE
[AUM] I_Tors: 1.480182 | State: STABLE
[AUM] I_Tors: 1.480278 | State: STABLE
[AUM] I_Tors: 1.480375 | State: STABLE
[AUM] I_Tors: 1.480471 | State: STABLE
[AUM] I_Tors: 1.480567 | State: STABLE
[AUM] I_Tors: 1.480663 | State: STABLE
[AUM] I_Tors: 1.480760 | State: STABLE
[AUM] I_Tors: 1.480856 | State: STABLE
[AUM] I_Tors: 1.480952 | State: STABLE
[AUM] I_Tors: 1.481048 | State: STABLE
[AUM] I_Tors: 1.481144 | State: STABLE
[AUM] I_Tors: 1.481239 | State: STABLE
[AUM] I_Tors: 1.481335 | State: STABLE
[AUM] I_Tors: 1.481431 | State: STABLE
[AUM] I_Tors: 1.481526 | State: STABLE
[AUM] I_Tors: 1.481622 | State: STABLE
[AUM] I_Tors: 1.481718 | State: STABLE
[AUM] I_Tors: 1.481813 | State: STABLE
[AUM] I_Tors: 1.481908 | State: STABLE
[AUM] I_Tors: 1.482004 | State: STABLE
[AUM] I_Tors: 1.482099 | State: STABLE
[AUM] I_Tors: 1.482194 | State: STABLE
[AUM] I_Tors: 1.482289 | State: STABLE
[AUM] I_Tors: 1.482384 | State: STABLE
[AUM] I_Tors: 1.482479 | State: STABLE
[AUM] I_Tors: 1.482574 | State: STABLE
[AUM] I_Tors: 1.482669 | State: STABLE
[AUM] I_Tors: 1.482763 | State: STABLE
[AUM] I_Tors: 1.482858 | State: STABLE
[AUM] I_Tors: 1.482953 | State: STABLE
[AUM] I_Tors: 1.483047 | State: STABLE
[AUM] I_Tors: 1.483142 | State: STABLE
[AUM] I_Tors: 1.483236 | State: STABLE
[AUM] I_Tors: 1.483331 | State: STABLE
[AUM] I_Tors: 1.483425 | State: STABLE
[AUM] I_Tors: 1.483519 | State: STABLE
[AUM] I_Tors: 1.483613 | State: STABLE
[AUM] I_Tors: 1.483707 | State: STABLE
[AUM] I_Tors: 1.483801 | State: STABLE
[AUM] I_Tors: 1.483895 | State: STABLE
[AUM] I_Tors: 1.483989 | State: STABLE
[AUM] I_Tors: 1.484083 | State: STABLE
[AUM] I_Tors: 1.484177 | State: STABLE
[AUM] I_Tors: 1.484271 | State: STABLE
[AUM] I_Tors: 1.484364 | State: STABLE
[AUM] I_Tors: 1.484458 | State: STABLE
[AUM] I_Tors: 1.484551 | State: STABLE
[AUM] I_Tors: 1.484645 | State: STABLE
[AUM] I_Tors: 1.484738 | State: STABLE
[AUM] I_Tors: 1.484831 | State: STABLE
[AUM] I_Tors: 1.484925 | State: STABLE
[AUM] I_Tors: 1.485018 | State: STABLE
[AUM] I_Tors: 1.485111 | State: STABLE
[AUM] I_Tors: 1.485204 | State: STABLE
[AUM] I_Tors: 1.485297 | State: STABLE
[AUM] I_Tors: 1.485390 | State: STABLE
[AUM] I_Tors: 1.485483 | State: STABLE
[AUM] I_Tors: 1.485576 | State: STABLE
[AUM] I_Tors: 1.485668 | State: STABLE
[AUM] I_Tors: 1.485761 | State: STABLE
[AUM] I_Tors: 1.485853 | State: STABLE
[AUM] I_Tors: 1.485946 | State: STABLE
[AUM] I_Tors: 1.486038 | State: STABLE
[AUM] I_Tors: 1.486131 | State: STABLE
[AUM] I_Tors: 1.486223 | State: STABLE
[AUM] I_Tors: 1.486315 | State: STABLE
[AUM] I_Tors: 1.486408 | State: STABLE
[AUM] I_Tors: 1.486500 | State: STABLE
[AUM] I_Tors: 1.486592 | State: STABLE
[AUM] I_Tors: 1.486684 | State: STABLE
[AUM] I_Tors: 1.486776 | State: STABLE
[AUM] I_Tors: 1.486868 | State: STABLE
[AUM] I_Tors: 1.486960 | State: STABLE
[AUM] I_Tors: 1.487051 | State: STABLE
[AUM] I_Tors: 1.487143 | State: STABLE
[AUM] I_Tors: 1.487235 | State: STABLE
[AUM] I_Tors: 1.487326 | State: STABLE
[AUM] I_Tors: 1.487418 | State: STABLE
[AUM] I_Tors: 1.487509 | State: STABLE
[AUM] I_Tors: 1.487600 | State: STABLE
[AUM] I_Tors: 1.487692 | State: STABLE
[AUM] I_Tors: 1.487783 | State: STABLE
[AUM] I_Tors: 1.487874 | State: STABLE
[AUM] I_Tors: 1.487965 | State: STABLE
[AUM] I_Tors: 1.488056 | State: STABLE
[AUM] I_Tors: 1.488147 | State: STABLE
[AUM] I_Tors: 1.488238 | State: STABLE
[AUM] I_Tors: 1.488329 | State: STABLE
[AUM] I_Tors: 1.488420 | State: STABLE
[AUM] I_Tors: 1.488511 | State: STABLE
[AUM] I_Tors: 1.488601 | State: STABLE
[AUM] I_Tors: 1.488692 | State: STABLE
[AUM] I_Tors: 1.488782 | State: STABLE
[AUM] I_Tors: 1.488873 | State: STABLE
[AUM] I_Tors: 1.488963 | State: STABLE
[AUM] I_Tors: 1.489054 | State: STABLE
[AUM] I_Tors: 1.489144 | State: STABLE
[AUM] I_Tors: 1.489234 | State: STABLE
[AUM] I_Tors: 1.489324 | State: STABLE
[AUM] I_Tors: 1.489414 | State: STABLE
[AUM] I_Tors: 1.489504 | State: STABLE
[AUM] I_Tors: 1.489594 | State: STABLE
[AUM] I_Tors: 1.489684 | State: STABLE
[AUM] I_Tors: 1.489774 | State: STABLE
[AUM] I_Tors: 1.489864 | State: STABLE
[AUM] I_Tors: 1.489954 | State: STABLE
[AUM] I_Tors: 1.490043 | State: STABLE
[AUM] I_Tors: 1.490133 | State: STABLE
[AUM] I_Tors: 1.490222 | State: STABLE
[AUM] I_Tors: 1.490312 | State: STABLE
[AUM] I_Tors: 1.490401 | State: STABLE
[AUM] I_Tors: 1.490491 | State: STABLE
[AUM] I_Tors: 1.490580 | State: STABLE
[AUM] I_Tors: 1.490669 | State: STABLE
[AUM] I_Tors: 1.490758 | State: STABLE
[AUM] I_Tors: 1.490847 | State: STABLE
[AUM] I_Tors: 1.490936 | State: STABLE
[AUM] I_Tors: 1.491025 | State: STABLE
[AUM] I_Tors: 1.491114 | State: STABLE
[AUM] I_Tors: 1.491203 | State: STABLE
[AUM] I_Tors: 1.491292 | State: STABLE
[AUM] I_Tors: 1.491381 | State: STABLE
[AUM] I_Tors: 1.491469 | State: STABLE
[AUM] I_Tors: 1.491558 | State: STABLE
[AUM] I_Tors: 1.491646 | State: STABLE
[AUM] I_Tors: 1.491735 | State: STABLE
[AUM] I_Tors: 1.491823 | State: STABLE
[AUM] I_Tors: 1.491912 | State: STABLE
[AUM] I_Tors: 1.492000 | State: STABLE
[AUM] I_Tors: 1.492088 | State: STABLE
[AUM] I_Tors: 1.492176 | State: STABLE
[AUM] I_Tors: 1.492264 | State: STABLE
[AUM] I_Tors: 1.492353 | State: STABLE
[AUM] I_Tors: 1.492440 | State: STABLE
[AUM] I_Tors: 1.492528 | State: STABLE
[AUM] I_Tors: 1.492616 | State: STABLE
[AUM] I_Tors: 1.492704 | State: STABLE
[AUM] I_Tors: 1.492792 | State: STABLE
[AUM] I_Tors: 1.492879 | State: STABLE
[AUM] I_Tors: 1.492967 | State: STABLE
[AUM] I_Tors: 1.493055 | State: STABLE
[AUM] I_Tors: 1.493142 | State: STABLE
[AUM] I_Tors: 1.493230 | State: STABLE
[AUM] I_Tors: 1.493317 | State: STABLE
[AUM] I_Tors: 1.493404 | State: STABLE
[AUM] I_Tors: 1.493491 | State: STABLE
[AUM] I_Tors: 1.493579 | State: STABLE
[AUM] I_Tors: 1.493666 | State: STABLE
[AUM] I_Tors: 1.493753 | State: STABLE
[AUM] I_Tors: 1.493840 | State: STABLE
[AUM] I_Tors: 1.493927 | State: STABLE
[AUM] I_Tors: 1.494014 | State: STABLE
[AUM] I_Tors: 1.494100 | State: STABLE
[AUM] I_Tors: 1.494187 | State: STABLE
[AUM] I_Tors: 1.494274 | State: STABLE
[AUM] I_Tors: 1.494360 | State: STABLE
[AUM] I_Tors: 1.494447 | State: STABLE
[AUM] I_Tors: 1.494534 | State: STABLE
[AUM] I_Tors: 1.494620 | State: STABLE
[AUM] I_Tors: 1.494706 | State: STABLE
[AUM] I_Tors: 1.494793 | State: STABLE
[AUM] I_Tors: 1.494879 | State: STABLE
[AUM] I_Tors: 1.494965 | State: STABLE
[AUM] I_Tors: 1.495051 | State: STABLE
[AUM] I_Tors: 1.495137 | State: STABLE
[AUM] I_Tors: 1.495223 | State: STABLE
[AUM] I_Tors: 1.495309 | State: STABLE
[AUM] I_Tors: 1.495395 | State: STABLE
[AUM] I_Tors: 1.495481 | State: STABLE
[AUM] I_Tors: 1.495567 | State: STABLE
[AUM] I_Tors: 1.495653 | State: STABLE
[AUM] I_Tors: 1.495738 | State: STABLE
[AUM] I_Tors: 1.495824 | State: STABLE
[AUM] I_Tors: 1.495910 | State: STABLE
[AUM] I_Tors: 1.495995 | State: STABLE
[AUM] I_Tors: 1.496080 | State: STABLE
[AUM] I_Tors: 1.496166 | State: STABLE
[AUM] I_Tors: 1.496251 | State: STABLE
[AUM] I_Tors: 1.496336 | State: STABLE
[AUM] I_Tors: 1.496422 | State: STABLE
[AUM] I_Tors: 1.496507 | State: STABLE
[AUM] I_Tors: 1.496592 | State: STABLE
[AUM] I_Tors: 1.496677 | State: STABLE
[AUM] I_Tors: 1.496762 | State: STABLE
[AUM] I_Tors: 1.496847 | State: STABLE
[AUM] I_Tors: 1.496931 | State: STABLE
[AUM] I_Tors: 1.497016 | State: STABLE
[AUM] I_Tors: 1.497101 | State: STABLE
[AUM] I_Tors: 1.497186 | State: STABLE
[AUM] I_Tors: 1.497270 | State: STABLE
[AUM] I_Tors: 1.497355 | State: STABLE
[AUM] I_Tors: 1.497439 | State: STABLE
[AUM] I_Tors: 1.497524 | State: STABLE
[AUM] I_Tors: 1.497608 | State: STABLE
[AUM] I_Tors: 1.497692 | State: STABLE
[AUM] I_Tors: 1.497776 | State: STABLE
[AUM] I_Tors: 1.497861 | State: STABLE
[AUM] I_Tors: 1.497945 | State: STABLE
[AUM] I_Tors: 1.498029 | State: STABLE
[AUM] I_Tors: 1.498113 | State: STABLE
[AUM] I_Tors: 1.498197 | State: STABLE
[AUM] I_Tors: 1.498281 | State: STABLE
[AUM] I_Tors: 1.498365 | State: STABLE
[AUM] I_Tors: 1.498448 | State: STABLE
[AUM] I_Tors: 1.498532 | State: STABLE
[AUM] I_Tors: 1.498616 | State: STABLE
[AUM] I_Tors: 1.498699 | State: STABLE
[AUM] I_Tors: 1.498783 | State: STABLE
[AUM] I_Tors: 1.498866 | State: STABLE
[AUM] I_Tors: 1.498950 | State: STABLE
[AUM] I_Tors: 1.499033 | State: STABLE
[AUM] I_Tors: 1.499116 | State: STABLE
[AUM] I_Tors: 1.499200 | State: STABLE
[AUM] I_Tors: 1.499283 | State: STABLE
[AUM] I_Tors: 1.499366 | State: STABLE
[AUM] I_Tors: 1.499449 | State: STABLE
[AUM] I_Tors: 1.499532 | State: STABLE
[AUM] I_Tors: 1.499615 | State: STABLE
[AUM] I_Tors: 1.499698 | State: STABLE
[AUM] I_Tors: 1.499781 | State: STABLE
[AUM] I_Tors: 1.499863 | State: STABLE
[AUM] I_Tors: 1.499946 | State: STABLE
[AUM] I_Tors: 1.500029 | State: STABLE
[AUM] I_Tors: 1.500111 | State: STABLE
[AUM] I_Tors: 1.500194 | State: STABLE
[AUM] I_Tors: 1.500276 | State: STABLE
[AUM] I_Tors: 1.500359 | State: STABLE
[AUM] I_Tors: 1.500441 | State: STABLE
[AUM] I_Tors: 1.500524 | State: STABLE
[AUM] I_Tors: 1.500606 | State: STABLE
[AUM] I_Tors: 1.500688 | State: STABLE
[AUM] I_Tors: 1.500770 | State: STABLE
[AUM] I_Tors: 1.500852 | State: STABLE
[AUM] I_Tors: 1.500934 | State: STABLE
[AUM] I_Tors: 1.501016 | State: STABLE
[AUM] I_Tors: 1.501098 | State: STABLE
[AUM] I_Tors: 1.501180 | State: STABLE
[AUM] I_Tors: 1.501262 | State: STABLE
[AUM] I_Tors: 1.501344 | State: STABLE
[AUM] I_Tors: 1.501425 | State: STABLE
[AUM] I_Tors: 1.501507 | State: STABLE
[AUM] I_Tors: 1.501588 | State: STABLE
[AUM] I_Tors: 1.501670 | State: STABLE
[AUM] I_Tors: 1.501751 | State: STABLE
[AUM] I_Tors: 1.501833 | State: STABLE
[AUM] I_Tors: 1.501914 | State: STABLE
[AUM] I_Tors: 1.501995 | State: STABLE
[AUM] I_Tors: 1.502077 | State: STABLE
[AUM] I_Tors: 1.502158 | State: STABLE
[AUM] I_Tors: 1.502239 | State: STABLE
[AUM] I_Tors: 1.502320 | State: STABLE
[AUM] I_Tors: 1.502401 | State: STABLE
[AUM] I_Tors: 1.502482 | State: STABLE
[AUM] I_Tors: 1.502563 | State: STABLE
[AUM] I_Tors: 1.502644 | State: STABLE
[AUM] I_Tors: 1.502724 | State: STABLE
[AUM] I_Tors: 1.502805 | State: STABLE
[AUM] I_Tors: 1.502886 | State: STABLE
[AUM] I_Tors: 1.502966 | State: STABLE
[AUM] I_Tors: 1.503047 | State: STABLE
[AUM] I_Tors: 1.503127 | State: STABLE
[AUM] I_Tors: 1.503208 | State: STABLE
[AUM] I_Tors: 1.503288 | State: STABLE
[AUM] I_Tors: 1.503369 | State: STABLE
[AUM] I_Tors: 1.503449 | State: STABLE
[AUM] I_Tors: 1.503529 | State: STABLE
[AUM] I_Tors: 1.503609 | State: STABLE
[AUM] I_Tors: 1.503689 | State: STABLE
[AUM] I_Tors: 1.503769 | State: STABLE
[AUM] I_Tors: 1.503849 | State: STABLE
[AUM] I_Tors: 1.503929 | State: STABLE
[AUM] I_Tors: 1.504009 | State: STABLE
[AUM] I_Tors: 1.504089 | State: STABLE
[AUM] I_Tors: 1.504169 | State: STABLE
[AUM] I_Tors: 1.504248 | State: STABLE
[AUM] I_Tors: 1.504328 | State: STABLE
[AUM] I_Tors: 1.504408 | State: STABLE
[AUM] I_Tors: 1.504487 | State: STABLE
[AUM] I_Tors: 1.504567 | State: STABLE
[AUM] I_Tors: 1.504646 | State: STABLE
[AUM] I_Tors: 1.504725 | State: STABLE
[AUM] I_Tors: 1.504805 | State: STABLE
[AUM] I_Tors: 1.504884 | State: STABLE
[AUM] I_Tors: 1.504963 | State: STABLE
[AUM] I_Tors: 1.505042 | State: STABLE
[AUM] I_Tors: 1.505121 | State: STABLE
[AUM] I_Tors: 1.505201 | State: STABLE
[AUM] I_Tors: 1.505280 | State: STABLE
[AUM] I_Tors: 1.505358 | State: STABLE
[AUM] I_Tors: 1.505437 | State: STABLE
[AUM] I_Tors: 1.505516 | State: STABLE
[AUM] I_Tors: 1.505595 | State: STABLE
[AUM] I_Tors: 1.505674 | State: STABLE
[AUM] I_Tors: 1.505752 | State: STABLE
[AUM] I_Tors: 1.505831 | State: STABLE
[AUM] I_Tors: 1.505909 | State: STABLE
[AUM] I_Tors: 1.505988 | State: STABLE
[AUM] I_Tors: 1.506066 | State: STABLE
[AUM] I_Tors: 1.506145 | State: STABLE
[AUM] I_Tors: 1.506223 | State: STABLE
[AUM] I_Tors: 1.506301 | State: STABLE
[AUM] I_Tors: 1.506379 | State: STABLE
[AUM] I_Tors: 1.506458 | State: STABLE
[AUM] I_Tors: 1.506536 | State: STABLE
[AUM] I_Tors: 1.506614 | State: STABLE
[AUM] I_Tors: 1.506692 | State: STABLE
[AUM] I_Tors: 1.506770 | State: STABLE
[AUM] I_Tors: 1.506848 | State: STABLE
[AUM] I_Tors: 1.506925 | State: STABLE
[AUM] I_Tors: 1.507003 | State: STABLE
[AUM] I_Tors: 1.507081 | State: STABLE
[AUM] I_Tors: 1.507159 | State: STABLE
[AUM] I_Tors: 1.507236 | State: STABLE
[AUM] I_Tors: 1.507314 | State: STABLE
[AUM] I_Tors: 1.507391 | State: STABLE
[AUM] I_Tors: 1.507469 | State: STABLE
[AUM] I_Tors: 1.507546 | State: STABLE
[AUM] I_Tors: 1.507623 | State: STABLE
[AUM] I_Tors: 1.507701 | State: STABLE
[AUM] I_Tors: 1.507778 | State: STABLE
[AUM] I_Tors: 1.507855 | State: STABLE
[AUM] I_Tors: 1.507932 | State: STABLE
[AUM] I_Tors: 1.508009 | State: STABLE
[AUM] I_Tors: 1.508086 | State: STABLE
[AUM] I_Tors: 1.508163 | State: STABLE
[AUM] I_Tors: 1.508240 | State: STABLE
[AUM] I_Tors: 1.508317 | State: STABLE
[AUM] I_Tors: 1.508394 | State: STABLE
[AUM] I_Tors: 1.508471 | State: STABLE
[AUM] I_Tors: 1.508547 | State: STABLE
[AUM] I_Tors: 1.508624 | State: STABLE
[AUM] I_Tors: 1.508701 | State: STABLE
[AUM] I_Tors: 1.508777 | State: STABLE
[AUM] I_Tors: 1.508854 | State: STABLE
[AUM] I_Tors: 1.508930 | State: STABLE
[AUM] I_Tors: 1.509006 | State: STABLE
[AUM] I_Tors: 1.509083 | State: STABLE
[AUM] I_Tors: 1.509159 | State: STABLE
[AUM] I_Tors: 1.509235 | State: STABLE
[AUM] I_Tors: 1.509311 | State: STABLE
[AUM] I_Tors: 1.509387 | State: STABLE
[AUM] I_Tors: 1.509464 | State: STABLE
[AUM] I_Tors: 1.509540 | State: STABLE
[AUM] I_Tors: 1.509615 | State: STABLE
[AUM] I_Tors: 1.509691 | State: STABLE
[AUM] I_Tors: 1.509767 | State: STABLE
[AUM] I_Tors: 1.509843 | State: STABLE
[AUM] I_Tors: 1.509919 | State: STABLE
[AUM] I_Tors: 1.509994 | State: STABLE
[AUM] I_Tors: 1.510070 | State: STABLE
[AUM] I_Tors: 1.510146 | State: STABLE
[AUM] I_Tors: 1.510221 | State: STABLE
[AUM] I_Tors: 1.510297 | State: STABLE
[AUM] I_Tors: 1.510372 | State: STABLE
[AUM] I_Tors: 1.510447 | State: STABLE
[AUM] I_Tors: 1.510523 | State: STABLE
[AUM] I_Tors: 1.510598 | State: STABLE
[AUM] I_Tors: 1.510673 | State: STABLE
[AUM] I_Tors: 1.510748 | State: STABLE
[AUM] I_Tors: 1.510823 | State: STABLE
[AUM] I_Tors: 1.510898 | State: STABLE
[AUM] I_Tors: 1.510973 | State: STABLE
[AUM] I_Tors: 1.511048 | State: STABLE
[AUM] I_Tors: 1.511123 | State: STABLE
[AUM] I_Tors: 1.511198 | State: STABLE
[AUM] I_Tors: 1.511273 | State: STABLE
[AUM] I_Tors: 1.511348 | State: STABLE
[AUM] I_Tors: 1.511422 | State: STABLE
[AUM] I_Tors: 1.511497 | State: STABLE
[AUM] I_Tors: 1.511572 | State: STABLE
[AUM] I_Tors: 1.511646 | State: STABLE
[AUM] I_Tors: 1.511721 | State: STABLE
[AUM] I_Tors: 1.511795 | State: STABLE
[AUM] I_Tors: 1.511869 | State: STABLE
[AUM] I_Tors: 1.511944 | State: STABLE
[AUM] I_Tors: 1.512018 | State: STABLE
[AUM] I_Tors: 1.512092 | State: STABLE
[AUM] I_Tors: 1.512166 | State: STABLE
[AUM] I_Tors: 1.512240 | State: STABLE
[AUM] I_Tors: 1.512314 | State: STABLE
[AUM] I_Tors: 1.512388 | State: STABLE
[AUM] I_Tors: 1.512462 | State: STABLE
[AUM] I_Tors: 1.512536 | State: STABLE
[AUM] I_Tors: 1.512610 | State: STABLE
[AUM] I_Tors: 1.512684 | State: STABLE
[AUM] I_Tors: 1.512758 | State: STABLE
[AUM] I_Tors: 1.512831 | State: STABLE
[AUM] I_Tors: 1.512905 | State: STABLE
[AUM] I_Tors: 1.512979 | State: STABLE
[AUM] I_Tors: 1.513052 | State: STABLE
[AUM] I_Tors: 1.513126 | State: STABLE
[AUM] I_Tors: 1.513199 | State: STABLE
[AUM] I_Tors: 1.513272 | State: STABLE
[AUM] I_Tors: 1.513346 | State: STABLE
[AUM] I_Tors: 1.513419 | State: STABLE
[AUM] I_Tors: 1.513492 | State: STABLE
[AUM] I_Tors: 1.513565 | State: STABLE
[AUM] I_Tors: 1.513639 | State: STABLE
[AUM] I_Tors: 1.513712 | State: STABLE
[AUM] I_Tors: 1.513785 | State: STABLE
[AUM] I_Tors: 1.513858 | State: STABLE
[AUM] I_Tors: 1.513931 | State: STABLE
[AUM] I_Tors: 1.514003 | State: STABLE
[AUM] I_Tors: 1.514076 | State: STABLE
[AUM] I_Tors: 1.514149 | State: STABLE
[AUM] I_Tors: 1.514222 | State: STABLE
[AUM] I_Tors: 1.514294 | State: STABLE
[AUM] I_Tors: 1.514367 | State: STABLE
[AUM] I_Tors: 1.514440 | State: STABLE
[AUM] I_Tors: 1.514512 | State: STABLE
[AUM] I_Tors: 1.514585 | State: STABLE
[AUM] I_Tors: 1.514657 | State: STABLE
[AUM] I_Tors: 1.514729 | State: STABLE
[AUM] I_Tors: 1.514802 | State: STABLE
[AUM] I_Tors: 1.514874 | State: STABLE
[AUM] I_Tors: 1.514946 | State: STABLE
[AUM] I_Tors: 1.515018 | State: STABLE
[AUM] I_Tors: 1.515090 | State: STABLE
[AUM] I_Tors: 1.515162 | State: STABLE
[AUM] I_Tors: 1.515234 | State: STABLE
[AUM] I_Tors: 1.515306 | State: STABLE
[AUM] I_Tors: 1.515378 | State: STABLE
[AUM] I_Tors: 1.515450 | State: STABLE
[AUM] I_Tors: 1.515522 | State: STABLE
[AUM] I_Tors: 1.515594 | State: STABLE
[AUM] I_Tors: 1.515666 | State: STABLE
[AUM] I_Tors: 1.515737 | State: STABLE
[AUM] I_Tors: 1.515809 | State: STABLE
[AUM] I_Tors: 1.515880 | State: STABLE
[AUM] I_Tors: 1.515952 | State: STABLE
[AUM] I_Tors: 1.516023 | State: STABLE
[AUM] I_Tors: 1.516095 | State: STABLE
[AUM] I_Tors: 1.516166 | State: STABLE
[AUM] I_Tors: 1.516237 | State: STABLE
[AUM] I_Tors: 1.516309 | State: STABLE
[AUM] I_Tors: 1.516380 | State: STABLE
[AUM] I_Tors: 1.516451 | State: STABLE
[AUM] I_Tors: 1.516522 | State: STABLE
[AUM] I_Tors: 1.516593 | State: STABLE
[AUM] I_Tors: 1.516664 | State: STABLE
[AUM] I_Tors: 1.516735 | State: STABLE
[AUM] I_Tors: 1.516806 | State: STABLE
[AUM] I_Tors: 1.516877 | State: STABLE
[AUM] I_Tors: 1.516948 | State: STABLE
[AUM] I_Tors: 1.517018 | State: STABLE
[AUM] I_Tors: 1.517089 | State: STABLE
[AUM] I_Tors: 1.517160 | State: STABLE
[AUM] I_Tors: 1.517230 | State: STABLE
[AUM] I_Tors: 1.517301 | State: STABLE
[AUM] I_Tors: 1.517372 | State: STABLE
[AUM] I_Tors: 1.517442 | State: STABLE
[AUM] I_Tors: 1.517512 | State: STABLE
[AUM] I_Tors: 1.517583 | State: STABLE
[AUM] I_Tors: 1.517653 | State: STABLE
[AUM] I_Tors: 1.517723 | State: STABLE
[AUM] I_Tors: 1.517794 | State: STABLE
[AUM] I_Tors: 1.517864 | State: STABLE
[AUM] I_Tors: 1.517934 | State: STABLE
[AUM] I_Tors: 1.518004 | State: STABLE
[AUM] I_Tors: 1.518074 | State: STABLE
[AUM] I_Tors: 1.518144 | State: STABLE
[AUM] I_Tors: 1.518214 | State: STABLE
[AUM] I_Tors: 1.518284 | State: STABLE
[AUM] I_Tors: 1.518354 | State: STABLE
[AUM] I_Tors: 1.518423 | State: STABLE
[AUM] I_Tors: 1.518493 | State: STABLE
[AUM] I_Tors: 1.518563 | State: STABLE
[AUM] I_Tors: 1.518632 | State: STABLE
[AUM] I_Tors: 1.518702 | State: STABLE
[AUM] I_Tors: 1.518771 | State: STABLE
[AUM] I_Tors: 1.518841 | State: STABLE
[AUM] I_Tors: 1.518910 | State: STABLE
[AUM] I_Tors: 1.518980 | State: STABLE
[AUM] I_Tors: 1.519049 | State: STABLE
[AUM] I_Tors: 1.519118 | State: STABLE
[AUM] I_Tors: 1.519188 | State: STABLE
[AUM] I_Tors: 1.519257 | State: STABLE
[AUM] I_Tors: 1.519326 | State: STABLE
[AUM] I_Tors: 1.519395 | State: STABLE
[AUM] I_Tors: 1.519464 | State: STABLE
[AUM] I_Tors: 1.519533 | State: STABLE
[AUM] I_Tors: 1.519602 | State: STABLE
[AUM] I_Tors: 1.519671 | State: STABLE
[AUM] I_Tors: 1.519740 | State: STABLE
[AUM] I_Tors: 1.519809 | State: STABLE
[AUM] I_Tors: 1.519877 | State: STABLE
[AUM] I_Tors: 1.519946 | State: STABLE
[AUM] I_Tors: 1.520015 | State: STABLE
[AUM] I_Tors: 1.520083 | State: STABLE
[AUM] I_Tors: 1.520152 | State: STABLE
[AUM] I_Tors: 1.520220 | State: STABLE
[AUM] I_Tors: 1.520289 | State: STABLE
[AUM] I_Tors: 1.520357 | State: STABLE
[AUM] I_Tors: 1.520426 | State: STABLE
[AUM] I_Tors: 1.520494 | State: STABLE
[AUM] I_Tors: 1.520562 | State: STABLE
[AUM] I_Tors: 1.520631 | State: STABLE
[AUM] I_Tors: 1.520699 | State: STABLE
[AUM] I_Tors: 1.520767 | State: STABLE
[AUM] I_Tors: 1.520835 | State: STABLE
[AUM] I_Tors: 1.520903 | State: STABLE
[AUM] I_Tors: 1.520971 | State: STABLE
[AUM] I_Tors: 1.521039 | State: STABLE
[AUM] I_Tors: 1.521107 | State: STABLE
[AUM] I_Tors: 1.521175 | State: STABLE
[AUM] I_Tors: 1.521242 | State: STABLE
[AUM] I_Tors: 1.521310 | State: STABLE
[AUM] I_Tors: 1.521378 | State: STABLE
[AUM] I_Tors: 1.521446 | State: STABLE
[AUM] I_Tors: 1.521513 | State: STABLE
[AUM] I_Tors: 1.521581 | State: STABLE
[AUM] I_Tors: 1.521648 | State: STABLE
[AUM] I_Tors: 1.521716 | State: STABLE
[AUM] I_Tors: 1.521783 | State: STABLE
[AUM] I_Tors: 1.521851 | State: STABLE
[AUM] I_Tors: 1.521918 | State: STABLE
[AUM] I_Tors: 1.521985 | State: STABLE
[AUM] I_Tors: 1.522052 | State: STABLE
[AUM] I_Tors: 1.522120 | State: STABLE
[AUM] I_Tors: 1.522187 | State: STABLE
[AUM] I_Tors: 1.522254 | State: STABLE
[AUM] I_Tors: 1.522321 | State: STABLE
[AUM] I_Tors: 1.522388 | State: STABLE
[AUM] I_Tors: 1.522455 | State: STABLE
[AUM] I_Tors: 1.522522 | State: STABLE
[AUM] I_Tors: 1.522589 | State: STABLE
[AUM] I_Tors: 1.522655 | State: STABLE
[AUM] I_Tors: 1.522722 | State: STABLE
[AUM] I_Tors: 1.522789 | State: STABLE
[AUM] I_Tors: 1.522856 | State: STABLE
[AUM] I_Tors: 1.522922 | State: STABLE
[AUM] I_Tors: 1.522989 | State: STABLE
[AUM] I_Tors: 1.523055 | State: STABLE
[AUM] I_Tors: 1.523122 | State: STABLE
[AUM] I_Tors: 1.523188 | State: STABLE
[AUM] I_Tors: 1.523255 | State: STABLE
[AUM] I_Tors: 1.523321 | State: STABLE
[AUM] I_Tors: 1.523387 | State: STABLE
[AUM] I_Tors: 1.523453 | State: STABLE
[AUM] I_Tors: 1.523520 | State: STABLE
[AUM] I_Tors: 1.523586 | State: STABLE
[AUM] I_Tors: 1.523652 | State: STABLE
[AUM] I_Tors: 1.523718 | State: STABLE
[AUM] I_Tors: 1.523784 | State: STABLE
[AUM] I_Tors: 1.523850 | State: STABLE
[AUM] I_Tors: 1.523916 | State: STABLE
[AUM] I_Tors: 1.523982 | State: STABLE
[AUM] I_Tors: 1.524048 | State: STABLE
[AUM] I_Tors: 1.524113 | State: STABLE
[AUM] I_Tors: 1.524179 | State: STABLE
[AUM] I_Tors: 1.524245 | State: STABLE
[AUM] I_Tors: 1.524311 | State: STABLE
[AUM] I_Tors: 1.524376 | State: STABLE
[AUM] I_Tors: 1.524442 | State: STABLE
[AUM] I_Tors: 1.524507 | State: STABLE
[AUM] I_Tors: 1.524573 | State: STABLE
[AUM] I_Tors: 1.524638 | State: STABLE
[AUM] I_Tors: 1.524704 | State: STABLE
[AUM] I_Tors: 1.524769 | State: STABLE
[AUM] I_Tors: 1.524834 | State: STABLE
[AUM] I_Tors: 1.524899 | State: STABLE
[AUM] I_Tors: 1.524965 | State: STABLE
[AUM] I_Tors: 1.525030 | State: STABLE
[AUM] I_Tors: 1.525095 | State: STABLE
[AUM] I_Tors: 1.525160 | State: STABLE
[AUM] I_Tors: 1.525225 | State: STABLE
[AUM] I_Tors: 1.525290 | State: STABLE
[AUM] I_Tors: 1.525355 | State: STABLE
[AUM] I_Tors: 1.525420 | State: STABLE
[AUM] I_Tors: 1.525484 | State: STABLE
[AUM] I_Tors: 1.525549 | State: STABLE
[AUM] I_Tors: 1.525614 | State: STABLE
[AUM] I_Tors: 1.525679 | State: STABLE
[AUM] I_Tors: 1.525743 | State: STABLE
[AUM] I_Tors: 1.525808 | State: STABLE
[AUM] I_Tors: 1.525873 | State: STABLE
[AUM] I_Tors: 1.525937 | State: STABLE
[AUM] I_Tors: 1.526001 | State: STABLE
[AUM] I_Tors: 1.526066 | State: STABLE
[AUM] I_Tors: 1.526130 | State: STABLE
[AUM] I_Tors: 1.526195 | State: STABLE
[AUM] I_Tors: 1.526259 | State: STABLE
[AUM] I_Tors: 1.526323 | State: STABLE
[AUM] I_Tors: 1.526387 | State: STABLE
[AUM] I_Tors: 1.526452 | State: STABLE
[AUM] I_Tors: 1.526516 | State: STABLE
[AUM] I_Tors: 1.526580 | State: STABLE
[AUM] I_Tors: 1.526644 | State: STABLE
[AUM] I_Tors: 1.526708 | State: STABLE
[AUM] I_Tors: 1.526772 | State: STABLE
[AUM] I_Tors: 1.526835 | State: STABLE
[AUM] I_Tors: 1.526899 | State: STABLE
[AUM] I_Tors: 1.526963 | State: STABLE
[AUM] I_Tors: 1.527027 | State: STABLE
[AUM] I_Tors: 1.527091 | State: STABLE
[AUM] I_Tors: 1.527154 | State: STABLE
[AUM] I_Tors: 1.527218 | State: STABLE
[AUM] I_Tors: 1.527281 | State: STABLE
[AUM] I_Tors: 1.527345 | State: STABLE
[AUM] I_Tors: 1.527408 | State: STABLE
[AUM] I_Tors: 1.527472 | State: STABLE
[AUM] I_Tors: 1.527535 | State: STABLE
[AUM] I_Tors: 1.527599 | State: STABLE
[AUM] I_Tors: 1.527662 | State: STABLE
[AUM] I_Tors: 1.527725 | State: STABLE
[AUM] I_Tors: 1.527788 | State: STABLE
[AUM] I_Tors: 1.527852 | State: STABLE
[AUM] I_Tors: 1.527915 | State: STABLE
[AUM] I_Tors: 1.527978 | State: STABLE
[AUM] I_Tors: 1.528041 | State: STABLE
[AUM] I_Tors: 1.528104 | State: STABLE
[AUM] I_Tors: 1.528167 | State: STABLE
[AUM] I_Tors: 1.528230 | State: STABLE
[AUM] I_Tors: 1.528293 | State: STABLE
[AUM] I_Tors: 1.528355 | State: STABLE
[AUM] I_Tors: 1.528418 | State: STABLE
[AUM] I_Tors: 1.528481 | State: STABLE
[AUM] I_Tors: 1.528544 | State: STABLE
[AUM] I_Tors: 1.528606 | State: STABLE
[AUM] I_Tors: 1.528669 | State: STABLE
[AUM] I_Tors: 1.528731 | State: STABLE
[AUM] I_Tors: 1.528794 | State: STABLE
[AUM] I_Tors: 1.528856 | State: STABLE
[AUM] I_Tors: 1.528919 | State: STABLE
[AUM] I_Tors: 1.528981 | State: STABLE
[AUM] I_Tors: 1.529043 | State: STABLE
[AUM] I_Tors: 1.529106 | State: STABLE
[AUM] I_Tors: 1.529168 | State: STABLE
[AUM] I_Tors: 1.529230 | State: STABLE
[AUM] I_Tors: 1.529292 | State: STABLE
[AUM] I_Tors: 1.529354 | State: STABLE
[AUM] I_Tors: 1.529417 | State: STABLE
[AUM] I_Tors: 1.529479 | State: STABLE
[AUM] I_Tors: 1.529541 | State: STABLE
[AUM] I_Tors: 1.529603 | State: STABLE
[AUM] I_Tors: 1.529664 | State: STABLE
[AUM] I_Tors: 1.529726 | State: STABLE
[AUM] I_Tors: 1.529788 | State: STABLE
[AUM] I_Tors: 1.529850 | State: STABLE
[AUM] I_Tors: 1.529912 | State: STABLE
[AUM] I_Tors: 1.529973 | State: STABLE
[AUM] I_Tors: 1.530035 | State: STABLE
[AUM] I_Tors: 1.530097 | State: STABLE
[AUM] I_Tors: 1.530158 | State: STABLE
[AUM] I_Tors: 1.530220 | State: STABLE
[AUM] I_Tors: 1.530281 | State: STABLE
[AUM] I_Tors: 1.530343 | State: STABLE
[AUM] I_Tors: 1.530404 | State: STABLE
[AUM] I_Tors: 1.530465 | State: STABLE
[AUM] I_Tors: 1.530527 | State: STABLE
[AUM] I_Tors: 1.530588 | State: STABLE
[AUM] I_Tors: 1.530649 | State: STABLE
[AUM] I_Tors: 1.530710 | State: STABLE
[AUM] I_Tors: 1.530771 | State: STABLE
[AUM] I_Tors: 1.530832 | State: STABLE
[AUM] I_Tors: 1.530893 | State: STABLE
[AUM] I_Tors: 1.530954 | State: STABLE
[AUM] I_Tors: 1.531015 | State: STABLE
[AUM] I_Tors: 1.531076 | State: STABLE
[AUM] I_Tors: 1.531137 | State: STABLE
[AUM] I_Tors: 1.531198 | State: STABLE
[AUM] I_Tors: 1.531259 | State: STABLE
[AUM] I_Tors: 1.531320 | State: STABLE
[AUM] I_Tors: 1.531380 | State: STABLE
[AUM] I_Tors: 1.531441 | State: STABLE
[AUM] I_Tors: 1.531501 | State: STABLE
[AUM] I_Tors: 1.531562 | State: STABLE
[AUM] I_Tors: 1.531623 | State: STABLE
[AUM] I_Tors: 1.531683 | State: STABLE
[AUM] I_Tors: 1.531744 | State: STABLE
[AUM] I_Tors: 1.531804 | State: STABLE
[AUM] I_Tors: 1.531864 | State: STABLE
[AUM] I_Tors: 1.531925 | State: STABLE
[AUM] I_Tors: 1.531985 | State: STABLE
[AUM] I_Tors: 1.532045 | State: STABLE
[AUM] I_Tors: 1.532105 | State: STABLE
[AUM] I_Tors: 1.532165 | State: STABLE
[AUM] I_Tors: 1.532226 | State: STABLE
[AUM] I_Tors: 1.532286 | State: STABLE
[AUM] I_Tors: 1.532346 | State: STABLE
[AUM] I_Tors: 1.532406 | State: STABLE
[AUM] I_Tors: 1.532466 | State: STABLE
[AUM] I_Tors: 1.532525 | State: STABLE
[AUM] I_Tors: 1.532585 | State: STABLE
[AUM] I_Tors: 1.532645 | State: STABLE
[AUM] I_Tors: 1.532705 | State: STABLE
[AUM] I_Tors: 1.532765 | State: STABLE
[AUM] I_Tors: 1.532824 | State: STABLE
[AUM] I_Tors: 1.532884 | State: STABLE
[AUM] I_Tors: 1.532944 | State: STABLE
[AUM] I_Tors: 1.533003 | State: STABLE
[AUM] I_Tors: 1.533063 | State: STABLE
[AUM] I_Tors: 1.533122 | State: STABLE
[AUM] I_Tors: 1.533182 | State: STABLE
[AUM] I_Tors: 1.533241 | State: STABLE
[AUM] I_Tors: 1.533300 | State: STABLE
[AUM] I_Tors: 1.533360 | State: STABLE
[AUM] I_Tors: 1.533419 | State: STABLE
[AUM] I_Tors: 1.533478 | State: STABLE
[AUM] I_Tors: 1.533537 | State: STABLE
[AUM] I_Tors: 1.533596 | State: STABLE
[AUM] I_Tors: 1.533656 | State: STABLE
[AUM] I_Tors: 1.533715 | State: STABLE
[AUM] I_Tors: 1.533774 | State: STABLE
[AUM] I_Tors: 1.533833 | State: STABLE
[AUM] I_Tors: 1.533892 | State: STABLE
[AUM] I_Tors: 1.533951 | State: STABLE
[AUM] I_Tors: 1.534009 | State: STABLE
[AUM] I_Tors: 1.534068 | State: STABLE
[AUM] I_Tors: 1.534127 | State: STABLE
[AUM] I_Tors: 1.534186 | State: STABLE
[AUM] I_Tors: 1.534244 | State: STABLE
[AUM] I_Tors: 1.534303 | State: STABLE
[AUM] I_Tors: 1.534362 | State: STABLE
[AUM] I_Tors: 1.534420 | State: STABLE
[AUM] I_Tors: 1.534479 | State: STABLE
[AUM] I_Tors: 1.534537 | State: STABLE
[AUM] I_Tors: 1.534596 | State: STABLE
[AUM] I_Tors: 1.534654 | State: STABLE
[AUM] I_Tors: 1.534712 | State: STABLE
[AUM] I_Tors: 1.534771 | State: STABLE
[AUM] I_Tors: 1.534829 | State: STABLE
[AUM] I_Tors: 1.534887 | State: STABLE
[AUM] I_Tors: 1.534946 | State: STABLE
[AUM] I_Tors: 1.535004 | State: STABLE
[AUM] I_Tors: 1.535062 | State: STABLE
[AUM] I_Tors: 1.535120 | State: STABLE
[AUM] I_Tors: 1.535178 | State: STABLE
[AUM] I_Tors: 1.535236 | State: STABLE
[AUM] I_Tors: 1.535294 | State: STABLE
[AUM] I_Tors: 1.535352 | State: STABLE
[AUM] I_Tors: 1.535410 | State: STABLE
[AUM] I_Tors: 1.535468 | State: STABLE
[AUM] I_Tors: 1.535525 | State: STABLE
[AUM] I_Tors: 1.535583 | State: STABLE
[AUM] I_Tors: 1.535641 | State: STABLE
[AUM] I_Tors: 1.535698 | State: STABLE
[AUM] I_Tors: 1.535756 | State: STABLE
[AUM] I_Tors: 1.535814 | State: STABLE
[AUM] I_Tors: 1.535871 | State: STABLE
[AUM] I_Tors: 1.535929 | State: STABLE
[AUM] I_Tors: 1.535986 | State: STABLE
[AUM] I_Tors: 1.536044 | State: STABLE
[AUM] I_Tors: 1.536101 | State: STABLE
[AUM] I_Tors: 1.536158 | State: STABLE
[AUM] I_Tors: 1.536216 | State: STABLE
[AUM] I_Tors: 1.536273 | State: STABLE
[AUM] I_Tors: 1.536330 | State: STABLE
[AUM] I_Tors: 1.536387 | State: STABLE
[AUM] I_Tors: 1.536445 | State: STABLE
[AUM] I_Tors: 1.536502 | State: STABLE
[AUM] I_Tors: 1.536559 | State: STABLE
[AUM] I_Tors: 1.536616 | State: STABLE
[AUM] I_Tors: 1.536673 | State: STABLE
[AUM] I_Tors: 1.536730 | State: STABLE
[AUM] I_Tors: 1.536787 | State: STABLE
[AUM] I_Tors: 1.536844 | State: STABLE
[AUM] I_Tors: 1.536900 | State: STABLE
[AUM] I_Tors: 1.536957 | State: STABLE
[AUM] I_Tors: 1.537014 | State: STABLE
[AUM] I_Tors: 1.537071 | State: STABLE
[AUM] I_Tors: 1.537127 | State: STABLE
[AUM] I_Tors: 1.537184 | State: STABLE
[AUM] I_Tors: 1.537241 | State: STABLE
[AUM] I_Tors: 1.537297 | State: STABLE
[AUM] I_Tors: 1.537354 | State: STABLE
[AUM] I_Tors: 1.537410 | State: STABLE
[AUM] I_Tors: 1.537467 | State: STABLE
[AUM] I_Tors: 1.537523 | State: STABLE
[AUM] I_Tors: 1.537579 | State: STABLE
[AUM] I_Tors: 1.537636 | State: STABLE
[AUM] I_Tors: 1.537692 | State: STABLE
[AUM] I_Tors: 1.537748 | State: STABLE
[AUM] I_Tors: 1.537804 | State: STABLE
[AUM] I_Tors: 1.537860 | State: STABLE
[AUM] I_Tors: 1.537917 | State: STABLE
[AUM] I_Tors: 1.537973 | State: STABLE
[AUM] I_Tors: 1.538029 | State: STABLE
[AUM] I_Tors: 1.538085 | State: STABLE
[AUM] I_Tors: 1.538141 | State: STABLE
[AUM] I_Tors: 1.538197 | State: STABLE
[AUM] I_Tors: 1.538252 | State: STABLE
[AUM] I_Tors: 1.538308 | State: STABLE
[AUM] I_Tors: 1.538364 | State: STABLE
[AUM] I_Tors: 1.538420 | State: STABLE
[AUM] I_Tors: 1.538476 | State: STABLE
[AUM] I_Tors: 1.538531 | State: STABLE
[AUM] I_Tors: 1.538587 | State: STABLE
[AUM] I_Tors: 1.538643 | State: STABLE
[AUM] I_Tors: 1.538698 | State: STABLE
[AUM] I_Tors: 1.538754 | State: STABLE
[AUM] I_Tors: 1.538809 | State: STABLE
[AUM] I_Tors: 1.538865 | State: STABLE
[AUM] I_Tors: 1.538920 | State: STABLE
[AUM] I_Tors: 1.538975 | State: STABLE
[AUM] I_Tors: 1.539031 | State: STABLE
[AUM] I_Tors: 1.539086 | State: STABLE
[AUM] I_Tors: 1.539141 | State: STABLE
[AUM] I_Tors: 1.539197 | State: STABLE
[AUM] I_Tors: 1.539252 | State: STABLE
[AUM] I_Tors: 1.539307 | State: STABLE
[AUM] I_Tors: 1.539362 | State: STABLE
[AUM] I_Tors: 1.539417 | State: STABLE
[AUM] I_Tors: 1.539472 | State: STABLE
[AUM] I_Tors: 1.539527 | State: STABLE
[AUM] I_Tors: 1.539582 | State: STABLE
[AUM] I_Tors: 1.539637 | State: STABLE
[AUM] I_Tors: 1.539692 | State: STABLE
[AUM] I_Tors: 1.539747 | State: STABLE
[AUM] I_Tors: 1.539802 | State: STABLE
[AUM] I_Tors: 1.539856 | State: STABLE
[AUM] I_Tors: 1.539911 | State: STABLE
[AUM] I_Tors: 1.539966 | State: STABLE
[AUM] I_Tors: 1.540020 | State: STABLE
[AUM] I_Tors: 1.540075 | State: STABLE
[AUM] I_Tors: 1.540130 | State: STABLE
[AUM] I_Tors: 1.540184 | State: STABLE
[AUM] I_Tors: 1.540239 | State: STABLE
[AUM] I_Tors: 1.540293 | State: STABLE
[AUM] I_Tors: 1.540347 | State: STABLE
[AUM] I_Tors: 1.540402 | State: STABLE
[AUM] I_Tors: 1.540456 | State: STABLE
[AUM] I_Tors: 1.540510 | State: STABLE
[AUM] I_Tors: 1.540565 | State: STABLE
[AUM] I_Tors: 1.540619 | State: STABLE
[AUM] I_Tors: 1.540673 | State: STABLE
[AUM] I_Tors: 1.540727 | State: STABLE
[AUM] I_Tors: 1.540781 | State: STABLE
[AUM] I_Tors: 1.540835 | State: STABLE
[AUM] I_Tors: 1.540890 | State: STABLE
[AUM] I_Tors: 1.540944 | State: STABLE
[AUM] I_Tors: 1.540997 | State: STABLE
[AUM] I_Tors: 1.541051 | State: STABLE
[AUM] I_Tors: 1.541105 | State: STABLE
[AUM] I_Tors: 1.541159 | State: STABLE
[AUM] I_Tors: 1.541213 | State: STABLE
[AUM] I_Tors: 1.541267 | State: STABLE
[AUM] I_Tors: 1.541320 | State: STABLE
[AUM] I_Tors: 1.541374 | State: STABLE
[AUM] I_Tors: 1.541428 | State: STABLE
[AUM] I_Tors: 1.541481 | State: STABLE
[AUM] I_Tors: 1.541535 | State: STABLE
[AUM] I_Tors: 1.541589 | State: STABLE
[AUM] I_Tors: 1.541642 | State: STABLE
[AUM] I_Tors: 1.541696 | State: STABLE
[AUM] I_Tors: 1.541749 | State: STABLE
[AUM] I_Tors: 1.541802 | State: STABLE
[AUM] I_Tors: 1.541856 | State: STABLE
[AUM] I_Tors: 1.541909 | State: STABLE
[AUM] I_Tors: 1.541962 | State: STABLE
[AUM] I_Tors: 1.542016 | State: STABLE
[AUM] I_Tors: 1.542069 | State: STABLE
[AUM] I_Tors: 1.542122 | State: STABLE
[AUM] I_Tors: 1.542175 | State: STABLE
[AUM] I_Tors: 1.542228 | State: STABLE
[AUM] I_Tors: 1.542281 | State: STABLE
[AUM] I_Tors: 1.542334 | State: STABLE
[AUM] I_Tors: 1.542387 | State: STABLE
[AUM] I_Tors: 1.542440 | State: STABLE
[AUM] I_Tors: 1.542493 | State: STABLE
[AUM] I_Tors: 1.542546 | State: STABLE
[AUM] I_Tors: 1.542599 | State: STABLE
[AUM] I_Tors: 1.542652 | State: STABLE
[AUM] I_Tors: 1.542705 | State: STABLE
[AUM] I_Tors: 1.542757 | State: STABLE
[AUM] I_Tors: 1.542810 | State: STABLE
[AUM] I_Tors: 1.542863 | State: STABLE
[AUM] I_Tors: 1.542915 | State: STABLE
[AUM] I_Tors: 1.542968 | State: STABLE
[AUM] I_Tors: 1.543020 | State: STABLE
[AUM] I_Tors: 1.543073 | State: STABLE
[AUM] I_Tors: 1.543125 | State: STABLE
[AUM] I_Tors: 1.543178 | State: STABLE
[AUM] I_Tors: 1.543230 | State: STABLE
[AUM] I_Tors: 1.543283 | State: STABLE
[AUM] I_Tors: 1.543335 | State: STABLE
[AUM] I_Tors: 1.543387 | State: STABLE
[AUM] I_Tors: 1.543439 | State: STABLE
[AUM] I_Tors: 1.543492 | State: STABLE
[AUM] I_Tors: 1.543544 | State: STABLE
[AUM] I_Tors: 1.543596 | State: STABLE
[AUM] I_Tors: 1.543648 | State: STABLE
[AUM] I_Tors: 1.543700 | State: STABLE
[AUM] I_Tors: 1.543752 | State: STABLE
[AUM] I_Tors: 1.543804 | State: STABLE
[AUM] I_Tors: 1.543856 | State: STABLE
[AUM] I_Tors: 1.543908 | State: STABLE
[AUM] I_Tors: 1.543960 | State: STABLE
[AUM] I_Tors: 1.544012 | State: STABLE
[AUM] I_Tors: 1.544064 | State: STABLE
[AUM] I_Tors: 1.544115 | State: STABLE
[AUM] I_Tors: 1.544167 | State: STABLE
[AUM] I_Tors: 1.544219 | State: STABLE
[AUM] I_Tors: 1.544270 | State: STABLE
[AUM] I_Tors: 1.544322 | State: STABLE
[AUM] I_Tors: 1.544374 | State: STABLE
[AUM] I_Tors: 1.544425 | State: STABLE
[AUM] I_Tors: 1.544477 | State: STABLE
[AUM] I_Tors: 1.544528 | State: STABLE
[AUM] I_Tors: 1.544580 | State: STABLE
[AUM] I_Tors: 1.544631 | State: STABLE
[AUM] I_Tors: 1.544683 | State: STABLE
[AUM] I_Tors: 1.544734 | State: STABLE
[AUM] I_Tors: 1.544785 | State: STABLE
[AUM] I_Tors: 1.544836 | State: STABLE
[AUM] I_Tors: 1.544888 | State: STABLE
[AUM] I_Tors: 1.544939 | State: STABLE
[AUM] I_Tors: 1.544990 | State: STABLE
[AUM] I_Tors: 1.545041 | State: STABLE
[AUM] I_Tors: 1.545092 | State: STABLE
[AUM] I_Tors: 1.545143 | State: STABLE
[AUM] I_Tors: 1.545194 | State: STABLE
[AUM] I_Tors: 1.545245 | State: STABLE
[AUM] I_Tors: 1.545296 | State: STABLE
[AUM] I_Tors: 1.545347 | State: STABLE
[AUM] I_Tors: 1.545398 | State: STABLE
[AUM] I_Tors: 1.545449 | State: STABLE
[AUM] I_Tors: 1.545500 | State: STABLE
[AUM] I_Tors: 1.545551 | State: STABLE
[AUM] I_Tors: 1.545601 | State: STABLE
[AUM] I_Tors: 1.545652 | State: STABLE
[AUM] I_Tors: 1.545703 | State: STABLE
[AUM] I_Tors: 1.545753 | State: STABLE
[AUM] I_Tors: 1.545804 | State: STABLE
[AUM] I_Tors: 1.545854 | State: STABLE
[AUM] I_Tors: 1.545905 | State: STABLE
[AUM] I_Tors: 1.545955 | State: STABLE
[AUM] I_Tors: 1.546006 | State: STABLE
[AUM] I_Tors: 1.546056 | State: STABLE
[AUM] I_Tors: 1.546107 | State: STABLE
[AUM] I_Tors: 1.546157 | State: STABLE
[AUM] I_Tors: 1.546207 | State: STABLE
[AUM] I_Tors: 1.546258 | State: STABLE
[AUM] I_Tors: 1.546308 | State: STABLE
[AUM] I_Tors: 1.546358 | State: STABLE
[AUM] I_Tors: 1.546408 | State: STABLE
[AUM] I_Tors: 1.546458 | State: STABLE
[AUM] I_Tors: 1.546509 | State: STABLE
[AUM] I_Tors: 1.546559 | State: STABLE
[AUM] I_Tors: 1.546609 | State: STABLE
[AUM] I_Tors: 1.546659 | State: STABLE
[AUM] I_Tors: 1.546709 | State: STABLE
[AUM] I_Tors: 1.546759 | State: STABLE
[AUM] I_Tors: 1.546808 | State: STABLE
[AUM] I_Tors: 1.546858 | State: STABLE
[AUM] I_Tors: 1.546908 | State: STABLE
[AUM] I_Tors: 1.546958 | State: STABLE
[AUM] I_Tors: 1.547008 | State: STABLE
[AUM] I_Tors: 1.547057 | State: STABLE
[AUM] I_Tors: 1.547107 | State: STABLE
[AUM] I_Tors: 1.547157 | State: STABLE
[AUM] I_Tors: 1.547206 | State: STABLE
[AUM] I_Tors: 1.547256 | State: STABLE
[AUM] I_Tors: 1.547305 | State: STABLE
[AUM] I_Tors: 1.547355 | State: STABLE
[AUM] I_Tors: 1.547404 | State: STABLE
[AUM] I_Tors: 1.547454 | State: STABLE
[AUM] I_Tors: 1.547503 | State: STABLE
[AUM] I_Tors: 1.547553 | State: STABLE
[AUM] I_Tors: 1.547602 | State: STABLE
[AUM] I_Tors: 1.547651 | State: STABLE
[AUM] I_Tors: 1.547701 | State: STABLE
[AUM] I_Tors: 1.547750 | State: STABLE
[AUM] I_Tors: 1.547799 | State: STABLE
[AUM] I_Tors: 1.547848 | State: STABLE
[AUM] I_Tors: 1.547897 | State: STABLE
[AUM] I_Tors: 1.547946 | State: STABLE
[AUM] I_Tors: 1.547995 | State: STABLE
[AUM] I_Tors: 1.548044 | State: STABLE
[AUM] I_Tors: 1.548093 | State: STABLE
[AUM] I_Tors: 1.548142 | State: STABLE
[AUM] I_Tors: 1.548191 | State: STABLE
[AUM] I_Tors: 1.548240 | State: STABLE
[AUM] I_Tors: 1.548289 | State: STABLE
[AUM] I_Tors: 1.548338 | State: STABLE
[AUM] I_Tors: 1.548387 | State: STABLE
[AUM] I_Tors: 1.548435 | State: STABLE
[AUM] I_Tors: 1.548484 | State: STABLE
[AUM] I_Tors: 1.548533 | State: STABLE
[AUM] I_Tors: 1.548581 | State: STABLE
[AUM] I_Tors: 1.548630 | State: STABLE
[AUM] I_Tors: 1.548679 | State: STABLE
[AUM] I_Tors: 1.548727 | State: STABLE
[AUM] I_Tors: 1.548776 | State: STABLE
[AUM] I_Tors: 1.548824 | State: STABLE
[AUM] I_Tors: 1.548873 | State: STABLE
[AUM] I_Tors: 1.548921 | State: STABLE
[AUM] I_Tors: 1.548969 | State: STABLE
[AUM] I_Tors: 1.549018 | State: STABLE
[AUM] I_Tors: 1.549066 | State: STABLE
[AUM] I_Tors: 1.549114 | State: STABLE
[AUM] I_Tors: 1.549163 | State: STABLE
[AUM] I_Tors: 1.549211 | State: STABLE
[AUM] I_Tors: 1.549259 | State: STABLE
[AUM] I_Tors: 1.549307 | State: STABLE
[AUM] I_Tors: 1.549355 | State: STABLE
[AUM] I_Tors: 1.549403 | State: STABLE
[AUM] I_Tors: 1.549451 | State: STABLE
[AUM] I_Tors: 1.549499 | State: STABLE
[AUM] I_Tors: 1.549547 | State: STABLE
[AUM] I_Tors: 1.549595 | State: STABLE
[AUM] I_Tors: 1.549643 | State: STABLE
[AUM] I_Tors: 1.549691 | State: STABLE
[AUM] I_Tors: 1.549739 | State: STABLE
[AUM] I_Tors: 1.549787 | State: STABLE
[AUM] I_Tors: 1.549835 | State: STABLE
[AUM] I_Tors: 1.549882 | State: STABLE
[AUM] I_Tors: 1.549930 | State: STABLE
[AUM] I_Tors: 1.549978 | State: STABLE
[AUM] I_Tors: 1.550025 | State: STABLE
[AUM] I_Tors: 1.550073 | State: STABLE
[AUM] I_Tors: 1.550120 | State: STABLE
[AUM] I_Tors: 1.550168 | State: STABLE
[AUM] I_Tors: 1.550216 | State: STABLE
[AUM] I_Tors: 1.550263 | State: STABLE
[AUM] I_Tors: 1.550310 | State: STABLE
[AUM] I_Tors: 1.550358 | State: STABLE
[AUM] I_Tors: 1.550405 | State: STABLE
[AUM] I_Tors: 1.550453 | State: STABLE
[AUM] I_Tors: 1.550500 | State: STABLE
[AUM] I_Tors: 1.550547 | State: STABLE
[AUM] I_Tors: 1.550594 | State: STABLE
[AUM] I_Tors: 1.550642 | State: STABLE
[AUM] I_Tors: 1.550689 | State: STABLE
[AUM] I_Tors: 1.550736 | State: STABLE
[AUM] I_Tors: 1.550783 | State: STABLE
[AUM] I_Tors: 1.550830 | State: STABLE
[AUM] I_Tors: 1.550877 | State: STABLE
[AUM] I_Tors: 1.550924 | State: STABLE
[AUM] I_Tors: 1.550971 | State: STABLE
[AUM] I_Tors: 1.551018 | State: STABLE
[AUM] I_Tors: 1.551065 | State: STABLE
[AUM] I_Tors: 1.551112 | State: STABLE
[AUM] I_Tors: 1.551159 | State: STABLE
[AUM] I_Tors: 1.551205 | State: STABLE
[AUM] I_Tors: 1.551252 | State: STABLE
[AUM] I_Tors: 1.551299 | State: STABLE
[AUM] I_Tors: 1.551346 | State: STABLE
[AUM] I_Tors: 1.551392 | State: STABLE
[AUM] I_Tors: 1.551439 | State: STABLE
[AUM] I_Tors: 1.551486 | State: STABLE
[AUM] I_Tors: 1.551532 | State: STABLE
[AUM] I_Tors: 1.551579 | State: STABLE
[AUM] I_Tors: 1.551625 | State: STABLE
[AUM] I_Tors: 1.551672 | State: STABLE
[AUM] I_Tors: 1.551718 | State: STABLE
[AUM] I_Tors: 1.551765 | State: STABLE
[AUM] I_Tors: 1.551811 | State: STABLE
[AUM] I_Tors: 1.551857 | State: STABLE
[AUM] I_Tors: 1.551904 | State: STABLE
[AUM] I_Tors: 1.551950 | State: STABLE
[AUM] I_Tors: 1.551996 | State: STABLE
[AUM] I_Tors: 1.552043 | State: STABLE
[AUM] I_Tors: 1.552089 | State: STABLE
[AUM] I_Tors: 1.552135 | State: STABLE
[AUM] I_Tors: 1.552181 | State: STABLE
[AUM] I_Tors: 1.552227 | State: STABLE
[AUM] I_Tors: 1.552273 | State: STABLE
[AUM] I_Tors: 1.552319 | State: STABLE
[AUM] I_Tors: 1.552365 | State: STABLE
[AUM] I_Tors: 1.552411 | State: STABLE
[AUM] I_Tors: 1.552457 | State: STABLE
[AUM] I_Tors: 1.552503 | State: STABLE
[AUM] I_Tors: 1.552549 | State: STABLE
[AUM] I_Tors: 1.552595 | State: STABLE
[AUM] I_Tors: 1.552641 | State: STABLE
[AUM] I_Tors: 1.552686 | State: STABLE
[AUM] I_Tors: 1.552732 | State: STABLE
[AUM] I_Tors: 1.552778 | State: STABLE
[AUM] I_Tors: 1.552823 | State: STABLE
[AUM] I_Tors: 1.552869 | State: STABLE
[AUM] I_Tors: 1.552915 | State: STABLE
[AUM] I_Tors: 1.552960 | State: STABLE
[AUM] I_Tors: 1.553006 | State: STABLE
[AUM] I_Tors: 1.553051 | State: STABLE
[AUM] I_Tors: 1.553097 | State: STABLE
[AUM] I_Tors: 1.553142 | State: STABLE
[AUM] I_Tors: 1.553188 | State: STABLE
[AUM] I_Tors: 1.553233 | State: STABLE
[AUM] I_Tors: 1.553278 | State: STABLE
[AUM] I_Tors: 1.553324 | State: STABLE
[AUM] I_Tors: 1.553369 | State: STABLE
[AUM] I_Tors: 1.553414 | State: STABLE
[AUM] I_Tors: 1.553460 | State: STABLE
[AUM] I_Tors: 1.553505 | State: STABLE
[AUM] I_Tors: 1.553550 | State: STABLE
[AUM] I_Tors: 1.553595 | State: STABLE
[AUM] I_Tors: 1.553640 | State: STABLE
[AUM] I_Tors: 1.553685 | State: STABLE
[AUM] I_Tors: 1.553730 | State: STABLE
[AUM] I_Tors: 1.553775 | State: STABLE
[AUM] I_Tors: 1.553820 | State: STABLE
[AUM] I_Tors: 1.553865 | State: STABLE
[AUM] I_Tors: 1.553910 | State: STABLE
[AUM] I_Tors: 1.553955 | State: STABLE
[AUM] I_Tors: 1.554000 | State: STABLE
[AUM] I_Tors: 1.554045 | State: STABLE
[AUM] I_Tors: 1.554090 | State: STABLE
[AUM] I_Tors: 1.554134 | State: STABLE
[AUM] I_Tors: 1.554179 | State: STABLE
[AUM] I_Tors: 1.554224 | State: STABLE
[AUM] I_Tors: 1.554268 | State: STABLE
[AUM] I_Tors: 1.554313 | State: STABLE
[AUM] I_Tors: 1.554358 | State: STABLE
[AUM] I_Tors: 1.554402 | State: STABLE
[AUM] I_Tors: 1.554447 | State: STABLE
[AUM] I_Tors: 1.554491 | State: STABLE
[AUM] I_Tors: 1.554536 | State: STABLE
[AUM] I_Tors: 1.554580 | State: STABLE
[AUM] I_Tors: 1.554625 | State: STABLE
[AUM] I_Tors: 1.554669 | State: STABLE
[AUM] I_Tors: 1.554713 | State: STABLE
[AUM] I_Tors: 1.554758 | State: STABLE
[AUM] I_Tors: 1.554802 | State: STABLE
[AUM] I_Tors: 1.554846 | State: STABLE
[AUM] I_Tors: 1.554890 | State: STABLE
[AUM] I_Tors: 1.554935 | State: STABLE
[AUM] I_Tors: 1.554979 | State: STABLE
[AUM] I_Tors: 1.555023 | State: STABLE
[AUM] I_Tors: 1.555067 | State: STABLE
[AUM] I_Tors: 1.555111 | State: STABLE
[AUM] I_Tors: 1.555155 | State: STABLE
[AUM] I_Tors: 1.555199 | State: STABLE
[AUM] I_Tors: 1.555243 | State: STABLE
[AUM] I_Tors: 1.555287 | State: STABLE
[AUM] I_Tors: 1.555331 | State: STABLE
[AUM] I_Tors: 1.555375 | State: STABLE
[AUM] I_Tors: 1.555419 | State: STABLE
[AUM] I_Tors: 1.555463 | State: STABLE
[AUM] I_Tors: 1.555506 | State: STABLE
[AUM] I_Tors: 1.555550 | State: STABLE
[AUM] I_Tors: 1.555594 | State: STABLE
[AUM] I_Tors: 1.555638 | State: STABLE
[AUM] I_Tors: 1.555681 | State: STABLE
[AUM] I_Tors: 1.555725 | State: STABLE
[AUM] I_Tors: 1.555769 | State: STABLE
[AUM] I_Tors: 1.555812 | State: STABLE
[AUM] I_Tors: 1.555856 | State: STABLE
[AUM] I_Tors: 1.555899 | State: STABLE
[AUM] I_Tors: 1.555943 | State: STABLE
[AUM] I_Tors: 1.555986 | State: STABLE
[AUM] I_Tors: 1.556030 | State: STABLE
[AUM] I_Tors: 1.556073 | State: STABLE
[AUM] I_Tors: 1.556116 | State: STABLE
[AUM] I_Tors: 1.556160 | State: STABLE
[AUM] I_Tors: 1.556203 | State: STABLE
[AUM] I_Tors: 1.556246 | State: STABLE
[AUM] I_Tors: 1.556290 | State: STABLE
[AUM] I_Tors: 1.556333 | State: STABLE
[AUM] I_Tors: 1.556376 | State: STABLE
[AUM] I_Tors: 1.556419 | State: STABLE
[AUM] I_Tors: 1.556462 | State: STABLE
[AUM] I_Tors: 1.556505 | State: STABLE
[AUM] I_Tors: 1.556549 | State: STABLE
[AUM] I_Tors: 1.556592 | State: STABLE
[AUM] I_Tors: 1.556635 | State: STABLE
[AUM] I_Tors: 1.556678 | State: STABLE
[AUM] I_Tors: 1.556721 | State: STABLE
[AUM] I_Tors: 1.556763 | State: STABLE
[AUM] I_Tors: 1.556806 | State: STABLE
[AUM] I_Tors: 1.556849 | State: STABLE
[AUM] I_Tors: 1.556892 | State: STABLE
[AUM] I_Tors: 1.556935 | State: STABLE
[AUM] I_Tors: 1.556978 | State: STABLE
[AUM] I_Tors: 1.557020 | State: STABLE
[AUM] I_Tors: 1.557063 | State: STABLE
[AUM] I_Tors: 1.557106 | State: STABLE
[AUM] I_Tors: 1.557148 | State: STABLE
[AUM] I_Tors: 1.557191 | State: STABLE
[AUM] I_Tors: 1.557234 | State: STABLE
[AUM] I_Tors: 1.557276 | State: STABLE
[AUM] I_Tors: 1.557319 | State: STABLE
[AUM] I_Tors: 1.557361 | State: STABLE
[AUM] I_Tors: 1.557404 | State: STABLE
[AUM] I_Tors: 1.557446 | State: STABLE
[AUM] I_Tors: 1.557488 | State: STABLE
[AUM] I_Tors: 1.557531 | State: STABLE
[AUM] I_Tors: 1.557573 | State: STABLE
[AUM] I_Tors: 1.557616 | State: STABLE
[AUM] I_Tors: 1.557658 | State: STABLE
[AUM] I_Tors: 1.557700 | State: STABLE
[AUM] I_Tors: 1.557742 | State: STABLE
[AUM] I_Tors: 1.557785 | State: STABLE
[AUM] I_Tors: 1.557827 | State: STABLE
[AUM] I_Tors: 1.557869 | State: STABLE
[AUM] I_Tors: 1.557911 | State: STABLE
[AUM] I_Tors: 1.557953 | State: STABLE
[AUM] I_Tors: 1.557995 | State: STABLE
[AUM] I_Tors: 1.558037 | State: STABLE
[AUM] I_Tors: 1.558079 | State: STABLE
[AUM] I_Tors: 1.558121 | State: STABLE
[AUM] I_Tors: 1.558163 | State: STABLE
[AUM] I_Tors: 1.558205 | State: STABLE
[AUM] I_Tors: 1.558247 | State: STABLE
[AUM] I_Tors: 1.558289 | State: STABLE
[AUM] I_Tors: 1.558331 | State: STABLE
[AUM] I_Tors: 1.558372 | State: STABLE
[AUM] I_Tors: 1.558414 | State: STABLE
[AUM] I_Tors: 1.558456 | State: STABLE
[AUM] I_Tors: 1.558498 | State: STABLE
[AUM] I_Tors: 1.558539 | State: STABLE
[AUM] I_Tors: 1.558581 | State: STABLE
[AUM] I_Tors: 1.558622 | State: STABLE
[AUM] I_Tors: 1.558664 | State: STABLE
[AUM] I_Tors: 1.558706 | State: STABLE
[AUM] I_Tors: 1.558747 | State: STABLE
[AUM] I_Tors: 1.558789 | State: STABLE
[AUM] I_Tors: 1.558830 | State: STABLE
[AUM] I_Tors: 1.558872 | State: STABLE
[AUM] I_Tors: 1.558913 | State: STABLE
[AUM] I_Tors: 1.558954 | State: STABLE
[AUM] I_Tors: 1.558996 | State: STABLE
[AUM] I_Tors: 1.559037 | State: STABLE
[AUM] I_Tors: 1.559078 | State: STABLE
[AUM] I_Tors: 1.559120 | State: STABLE
[AUM] I_Tors: 1.559161 | State: STABLE
[AUM] I_Tors: 1.559202 | State: STABLE
[AUM] I_Tors: 1.559243 | State: STABLE
[AUM] I_Tors: 1.559284 | State: STABLE
[AUM] I_Tors: 1.559326 | State: STABLE
[AUM] I_Tors: 1.559367 | State: STABLE
[AUM] I_Tors: 1.559408 | State: STABLE
[AUM] I_Tors: 1.559449 | State: STABLE
[AUM] I_Tors: 1.559490 | State: STABLE
[AUM] I_Tors: 1.559531 | State: STABLE
[AUM] I_Tors: 1.559572 | State: STABLE
[AUM] I_Tors: 1.559613 | State: STABLE
[AUM] I_Tors: 1.559653 | State: STABLE
[AUM] I_Tors: 1.559694 | State: STABLE
[AUM] I_Tors: 1.559735 | State: STABLE
[AUM] I_Tors: 1.559776 | State: STABLE
[AUM] I_Tors: 1.559817 | State: STABLE
[AUM] I_Tors: 1.559858 | State: STABLE
[AUM] I_Tors: 1.559898 | State: STABLE
[AUM] I_Tors: 1.559939 | State: STABLE
[AUM] I_Tors: 1.559980 | State: STABLE
[AUM] I_Tors: 1.560020 | State: STABLE
[AUM] I_Tors: 1.560061 | State: STABLE
[AUM] I_Tors: 1.560101 | State: STABLE
[AUM] I_Tors: 1.560142 | State: STABLE
[AUM] I_Tors: 1.560183 | State: STABLE
[AUM] I_Tors: 1.560223 | State: STABLE
[AUM] I_Tors: 1.560263 | State: STABLE
[AUM] I_Tors: 1.560304 | State: STABLE
[AUM] I_Tors: 1.560344 | State: STABLE
[AUM] I_Tors: 1.560385 | State: STABLE
[AUM] I_Tors: 1.560425 | State: STABLE
[AUM] I_Tors: 1.560465 | State: STABLE
[AUM] I_Tors: 1.560506 | State: STABLE
[AUM] I_Tors: 1.560546 | State: STABLE
[AUM] I_Tors: 1.560586 | State: STABLE
[AUM] I_Tors: 1.560626 | State: STABLE
[AUM] I_Tors: 1.560667 | State: STABLE
[AUM] I_Tors: 1.560707 | State: STABLE
[AUM] I_Tors: 1.560747 | State: STABLE
[AUM] I_Tors: 1.560787 | State: STABLE
[AUM] I_Tors: 1.560827 | State: STABLE
[AUM] I_Tors: 1.560867 | State: STABLE
[AUM] I_Tors: 1.560907 | State: STABLE
[AUM] I_Tors: 1.560947 | State: STABLE
[AUM] I_Tors: 1.560987 | State: STABLE
[AUM] I_Tors: 1.561027 | State: STABLE
[AUM] I_Tors: 1.561067 | State: STABLE
[AUM] I_Tors: 1.561107 | State: STABLE
[AUM] I_Tors: 1.561147 | State: STABLE
[AUM] I_Tors: 1.561186 | State: STABLE
[AUM] I_Tors: 1.561226 | State: STABLE
[AUM] I_Tors: 1.561266 | State: STABLE
[AUM] I_Tors: 1.561306 | State: STABLE
[AUM] I_Tors: 1.561345 | State: STABLE
[AUM] I_Tors: 1.561385 | State: STABLE
[AUM] I_Tors: 1.561425 | State: STABLE
[AUM] I_Tors: 1.561464 | State: STABLE
[AUM] I_Tors: 1.561504 | State: STABLE
[AUM] I_Tors: 1.561544 | State: STABLE
[AUM] I_Tors: 1.561583 | State: STABLE
[AUM] I_Tors: 1.561623 | State: STABLE
[AUM] I_Tors: 1.561662 | State: STABLE
[AUM] I_Tors: 1.561702 | State: STABLE
[AUM] I_Tors: 1.561741 | State: STABLE
[AUM] I_Tors: 1.561780 | State: STABLE
[AUM] I_Tors: 1.561820 | State: STABLE
[AUM] I_Tors: 1.561859 | State: STABLE
[AUM] I_Tors: 1.561898 | State: STABLE
[AUM] I_Tors: 1.561938 | State: STABLE
[AUM] I_Tors: 1.561977 | State: STABLE
[AUM] I_Tors: 1.562016 | State: STABLE
[AUM] I_Tors: 1.562055 | State: STABLE
[AUM] I_Tors: 1.562095 | State: STABLE
[AUM] I_Tors: 1.562134 | State: STABLE
[AUM] I_Tors: 1.562173 | State: STABLE
[AUM] I_Tors: 1.562212 | State: STABLE
[AUM] I_Tors: 1.562251 | State: STABLE
[AUM] I_Tors: 1.562290 | State: STABLE
[AUM] I_Tors: 1.562329 | State: STABLE
[AUM] I_Tors: 1.562368 | State: STABLE
[AUM] I_Tors: 1.562407 | State: STABLE
[AUM] I_Tors: 1.562446 | State: STABLE
[AUM] I_Tors: 1.562485 | State: STABLE
[AUM] I_Tors: 1.562524 | State: STABLE
[AUM] I_Tors: 1.562563 | State: STABLE
[AUM] I_Tors: 1.562602 | State: STABLE
[AUM] I_Tors: 1.562640 | State: STABLE
[AUM] I_Tors: 1.562679 | State: STABLE
[AUM] I_Tors: 1.562718 | State: STABLE
[AUM] I_Tors: 1.562757 | State: STABLE
[AUM] I_Tors: 1.562795 | State: STABLE
[AUM] I_Tors: 1.562834 | State: STABLE
[AUM] I_Tors: 1.562873 | State: STABLE
[AUM] I_Tors: 1.562911 | State: STABLE
[AUM] I_Tors: 1.562950 | State: STABLE
[AUM] I_Tors: 1.562988 | State: STABLE
[AUM] I_Tors: 1.563027 | State: STABLE
[AUM] I_Tors: 1.563065 | State: STABLE
[AUM] I_Tors: 1.563104 | State: STABLE
[AUM] I_Tors: 1.563142 | State: STABLE
[AUM] I_Tors: 1.563181 | State: STABLE
[AUM] I_Tors: 1.563219 | State: STABLE
[AUM] I_Tors: 1.563258 | State: STABLE
[AUM] I_Tors: 1.563296 | State: STABLE
[AUM] I_Tors: 1.563334 | State: STABLE
[AUM] I_Tors: 1.563373 | State: STABLE
[AUM] I_Tors: 1.563411 | State: STABLE
[AUM] I_Tors: 1.563449 | State: STABLE
[AUM] I_Tors: 1.563487 | State: STABLE
[AUM] I_Tors: 1.563525 | State: STABLE
[AUM] I_Tors: 1.563564 | State: STABLE
[AUM] I_Tors: 1.563602 | State: STABLE
[AUM] I_Tors: 1.563640 | State: STABLE
[AUM] I_Tors: 1.563678 | State: STABLE
[AUM] I_Tors: 1.563716 | State: STABLE
[AUM] I_Tors: 1.563754 | State: STABLE
[AUM] I_Tors: 1.563792 | State: STABLE
[AUM] I_Tors: 1.563830 | State: STABLE
[AUM] I_Tors: 1.563868 | State: STABLE
[AUM] I_Tors: 1.563906 | State: STABLE
[AUM] I_Tors: 1.563944 | State: STABLE
[AUM] I_Tors: 1.563982 | State: STABLE
[AUM] I_Tors: 1.564019 | State: STABLE
[AUM] I_Tors: 1.564057 | State: STABLE
[AUM] I_Tors: 1.564095 | State: STABLE
[AUM] I_Tors: 1.564133 | State: STABLE
[AUM] I_Tors: 1.564170 | State: STABLE
[AUM] I_Tors: 1.564208 | State: STABLE
[AUM] I_Tors: 1.564246 | State: STABLE
[AUM] I_Tors: 1.564283 | State: STABLE
[AUM] I_Tors: 1.564321 | State: STABLE
[AUM] I_Tors: 1.564359 | State: STABLE
[AUM] I_Tors: 1.564396 | State: STABLE
[AUM] I_Tors: 1.564434 | State: STABLE
[AUM] I_Tors: 1.564471 | State: STABLE
[AUM] I_Tors: 1.564509 | State: STABLE
[AUM] I_Tors: 1.564546 | State: STABLE
[AUM] I_Tors: 1.564584 | State: STABLE
[AUM] I_Tors: 1.564621 | State: STABLE
[AUM] I_Tors: 1.564659 | State: STABLE
[AUM] I_Tors: 1.564696 | State: STABLE
[AUM] I_Tors: 1.564733 | State: STABLE
[AUM] I_Tors: 1.564771 | State: STABLE
[AUM] I_Tors: 1.564808 | State: STABLE
[AUM] I_Tors: 1.564845 | State: STABLE
[AUM] I_Tors: 1.564882 | State: STABLE
[AUM] I_Tors: 1.564920 | State: STABLE
[AUM] I_Tors: 1.564957 | State: STABLE
[AUM] I_Tors: 1.564994 | State: STABLE
[AUM] I_Tors: 1.565031 | State: STABLE
[AUM] I_Tors: 1.565068 | State: STABLE
[AUM] I_Tors: 1.565105 | State: STABLE
[AUM] I_Tors: 1.565142 | State: STABLE
[AUM] I_Tors: 1.565179 | State: STABLE
[AUM] I_Tors: 1.565216 | State: STABLE
[AUM] I_Tors: 1.565253 | State: STABLE
[AUM] I_Tors: 1.565290 | State: STABLE
[AUM] I_Tors: 1.565327 | State: STABLE
[AUM] I_Tors: 1.565364 | State: STABLE
[AUM] I_Tors: 1.565401 | State: STABLE
[AUM] I_Tors: 1.565438 | State: STABLE
[AUM] I_Tors: 1.565475 | State: STABLE
[AUM] I_Tors: 1.565511 | State: STABLE
[AUM] I_Tors: 1.565548 | State: STABLE
[AUM] I_Tors: 1.565585 | State: STABLE
[AUM] I_Tors: 1.565622 | State: STABLE
[AUM] I_Tors: 1.565658 | State: STABLE
[AUM] I_Tors: 1.565695 | State: STABLE
[AUM] I_Tors: 1.565732 | State: STABLE
[AUM] I_Tors: 1.565768 | State: STABLE
[AUM] I_Tors: 1.565805 | State: STABLE
[AUM] I_Tors: 1.565841 | State: STABLE
[AUM] I_Tors: 1.565878 | State: STABLE
[AUM] I_Tors: 1.565914 | State: STABLE
[AUM] I_Tors: 1.565951 | State: STABLE
[AUM] I_Tors: 1.565987 | State: STABLE
[AUM] I_Tors: 1.566024 | State: STABLE
[AUM] I_Tors: 1.566060 | State: STABLE
[AUM] I_Tors: 1.566096 | State: STABLE
[AUM] I_Tors: 1.566133 | State: STABLE
[AUM] I_Tors: 1.566169 | State: STABLE
[AUM] I_Tors: 1.566205 | State: STABLE
[AUM] I_Tors: 1.566242 | State: STABLE
[AUM] I_Tors: 1.566278 | State: STABLE
[AUM] I_Tors: 1.566314 | State: STABLE
[AUM] I_Tors: 1.566350 | State: STABLE
[AUM] I_Tors: 1.566387 | State: STABLE
[AUM] I_Tors: 1.566423 | State: STABLE
[AUM] I_Tors: 1.566459 | State: STABLE
[AUM] I_Tors: 1.566495 | State: STABLE
[AUM] I_Tors: 1.566531 | State: STABLE
[AUM] I_Tors: 1.566567 | State: STABLE
[AUM] I_Tors: 1.566603 | State: STABLE
[AUM] I_Tors: 1.566639 | State: STABLE
[AUM] I_Tors: 1.566675 | State: STABLE
[AUM] I_Tors: 1.566711 | State: STABLE
[AUM] I_Tors: 1.566747 | State: STABLE
[AUM] I_Tors: 1.566783 | State: STABLE
[AUM] I_Tors: 1.566819 | State: STABLE
[AUM] I_Tors: 1.566855 | State: STABLE
[AUM] I_Tors: 1.566890 | State: STABLE
[AUM] I_Tors: 1.566926 | State: STABLE
[AUM] I_Tors: 1.566962 | State: STABLE
[AUM] I_Tors: 1.566998 | State: STABLE
[AUM] I_Tors: 1.567034 | State: STABLE
[AUM] I_Tors: 1.567069 | State: STABLE
[AUM] I_Tors: 1.567105 | State: STABLE
[AUM] I_Tors: 1.567141 | State: STABLE
[AUM] I_Tors: 1.567176 | State: STABLE
[AUM] I_Tors: 1.567212 | State: STABLE
[AUM] I_Tors: 1.567247 | State: STABLE
[AUM] I_Tors: 1.567283 | State: STABLE
[AUM] I_Tors: 1.567318 | State: STABLE
[AUM] I_Tors: 1.567354 | State: STABLE
[AUM] I_Tors: 1.567389 | State: STABLE
[AUM] I_Tors: 1.567425 | State: STABLE
[AUM] I_Tors: 1.567460 | State: STABLE
[AUM] I_Tors: 1.567496 | State: STABLE
[AUM] I_Tors: 1.567531 | State: STABLE
[AUM] I_Tors: 1.567566 | State: STABLE
[AUM] I_Tors: 1.567602 | State: STABLE
[AUM] I_Tors: 1.567637 | State: STABLE
[AUM] I_Tors: 1.567672 | State: STABLE
[AUM] I_Tors: 1.567708 | State: STABLE
[AUM] I_Tors: 1.567743 | State: STABLE
[AUM] I_Tors: 1.567778 | State: STABLE
[AUM] I_Tors: 1.567813 | State: STABLE
[AUM] I_Tors: 1.567848 | State: STABLE
[AUM] I_Tors: 1.567883 | State: STABLE
[AUM] I_Tors: 1.567919 | State: STABLE
[AUM] I_Tors: 1.567954 | State: STABLE
[AUM] I_Tors: 1.567989 | State: STABLE
[AUM] I_Tors: 1.568024 | State: STABLE
[AUM] I_Tors: 1.568059 | State: STABLE
[AUM] I_Tors: 1.568094 | State: STABLE
[AUM] I_Tors: 1.568129 | State: STABLE
[AUM] I_Tors: 1.568164 | State: STABLE
[AUM] I_Tors: 1.568199 | State: STABLE
[AUM] I_Tors: 1.568233 | State: STABLE
[AUM] I_Tors: 1.568268 | State: STABLE
[AUM] I_Tors: 1.568303 | State: STABLE
[AUM] I_Tors: 1.568338 | State: STABLE
[AUM] I_Tors: 1.568373 | State: STABLE
[AUM] I_Tors: 1.568407 | State: STABLE
[AUM] I_Tors: 1.568442 | State: STABLE
[AUM] I_Tors: 1.568477 | State: STABLE
[AUM] I_Tors: 1.568512 | State: STABLE
[AUM] I_Tors: 1.568546 | State: STABLE
[AUM] I_Tors: 1.568581 | State: STABLE
[AUM] I_Tors: 1.568616 | State: STABLE
[AUM] I_Tors: 1.568650 | State: STABLE
[AUM] I_Tors: 1.568685 | State: STABLE
[AUM] I_Tors: 1.568719 | State: STABLE
[AUM] I_Tors: 1.568754 | State: STABLE
[AUM] I_Tors: 1.568788 | State: STABLE
[AUM] I_Tors: 1.568823 | State: STABLE
[AUM] I_Tors: 1.568857 | State: STABLE
[AUM] I_Tors: 1.568892 | State: STABLE
[AUM] I_Tors: 1.568926 | State: STABLE
[AUM] I_Tors: 1.568960 | State: STABLE
[AUM] I_Tors: 1.568995 | State: STABLE
[AUM] I_Tors: 1.569029 | State: STABLE
[AUM] I_Tors: 1.569063 | State: STABLE
[AUM] I_Tors: 1.569098 | State: STABLE
[AUM] I_Tors: 1.569132 | State: STABLE
[AUM] I_Tors: 1.569166 | State: STABLE
[AUM] I_Tors: 1.569200 | State: STABLE
[AUM] I_Tors: 1.569235 | State: STABLE
[AUM] I_Tors: 1.569269 | State: STABLE
[AUM] I_Tors: 1.569303 | State: STABLE
[AUM] I_Tors: 1.569337 | State: STABLE
[AUM] I_Tors: 1.569371 | State: STABLE
[AUM] I_Tors: 1.569405 | State: STABLE
[AUM] I_Tors: 1.569439 | State: STABLE
[AUM] I_Tors: 1.569473 | State: STABLE
[AUM] I_Tors: 1.569507 | State: STABLE
[AUM] I_Tors: 1.569541 | State: STABLE
[AUM] I_Tors: 1.569575 | State: STABLE
[AUM] I_Tors: 1.569609 | State: STABLE
[AUM] I_Tors: 1.569643 | State: STABLE
[AUM] I_Tors: 1.569677 | State: STABLE
[AUM] I_Tors: 1.569711 | State: STABLE
[AUM] I_Tors: 1.569744 | State: STABLE
[AUM] I_Tors: 1.569778 | State: STABLE
[AUM] I_Tors: 1.569812 | State: STABLE
[AUM] I_Tors: 1.569846 | State: STABLE
[AUM] I_Tors: 1.569879 | State: STABLE
[AUM] I_Tors: 1.569913 | State: STABLE
[AUM] I_Tors: 1.569947 | State: STABLE
[AUM] I_Tors: 1.569981 | State: STABLE
[AUM] I_Tors: 1.570014 | State: STABLE
[AUM] I_Tors: 1.570048 | State: STABLE
[AUM] I_Tors: 1.570081 | State: STABLE
[AUM] I_Tors: 1.570115 | State: STABLE
[AUM] I_Tors: 1.570148 | State: STABLE
[AUM] I_Tors: 1.570182 | State: STABLE
[AUM] I_Tors: 1.570215 | State: STABLE
[AUM] I_Tors: 1.570249 | State: STABLE
[AUM] I_Tors: 1.570282 | State: STABLE
[AUM] I_Tors: 1.570316 | State: STABLE
[AUM] I_Tors: 1.570349 | State: STABLE
[AUM] I_Tors: 1.570383 | State: STABLE
[AUM] I_Tors: 1.570416 | State: STABLE
[AUM] I_Tors: 1.570449 | State: STABLE
[AUM] I_Tors: 1.570483 | State: STABLE
[AUM] I_Tors: 1.570516 | State: STABLE
[AUM] I_Tors: 1.570549 | State: STABLE
[AUM] I_Tors: 1.570582 | State: STABLE
[AUM] I_Tors: 1.570616 | State: STABLE
[AUM] I_Tors: 1.570649 | State: STABLE
[AUM] I_Tors: 1.570682 | State: STABLE
[AUM] I_Tors: 1.570715 | State: STABLE
[AUM] I_Tors: 1.570748 | State: STABLE
[AUM] I_Tors: 1.570781 | State: STABLE
[AUM] I_Tors: 1.570814 | State: STABLE
[AUM] I_Tors: 1.570847 | State: STABLE
[AUM] I_Tors: 1.570881 | State: STABLE
[AUM] I_Tors: 1.570914 | State: STABLE
[AUM] I_Tors: 1.570947 | State: STABLE
[AUM] I_Tors: 1.570979 | State: STABLE
[AUM] I_Tors: 1.571012 | State: STABLE
[AUM] I_Tors: 1.571045 | State: STABLE
[AUM] I_Tors: 1.571078 | State: STABLE
[AUM] I_Tors: 1.571111 | State: STABLE
[AUM] I_Tors: 1.571144 | State: STABLE
[AUM] I_Tors: 1.571177 | State: STABLE
[AUM] I_Tors: 1.571210 | State: STABLE
[AUM] I_Tors: 1.571242 | State: STABLE
[AUM] I_Tors: 1.571275 | State: STABLE
[AUM] I_Tors: 1.571308 | State: STABLE
[AUM] I_Tors: 1.571341 | State: STABLE
[AUM] I_Tors: 1.571373 | State: STABLE
[AUM] I_Tors: 1.571406 | State: STABLE
[AUM] I_Tors: 1.571439 | State: STABLE
[AUM] I_Tors: 1.571471 | State: STABLE
[AUM] I_Tors: 1.571504 | State: STABLE
[AUM] I_Tors: 1.571536 | State: STABLE
[AUM] I_Tors: 1.571569 | State: STABLE
[AUM] I_Tors: 1.571601 | State: STABLE
[AUM] I_Tors: 1.571634 | State: STABLE
[AUM] I_Tors: 1.571666 | State: STABLE
[AUM] I_Tors: 1.571699 | State: STABLE
[AUM] I_Tors: 1.571731 | State: STABLE
[AUM] I_Tors: 1.571764 | State: STABLE
[AUM] I_Tors: 1.571796 | State: STABLE
[AUM] I_Tors: 1.571828 | State: STABLE
[AUM] I_Tors: 1.571861 | State: STABLE
[AUM] I_Tors: 1.571893 | State: STABLE
[AUM] I_Tors: 1.571925 | State: STABLE
[AUM] I_Tors: 1.571958 | State: STABLE
[AUM] I_Tors: 1.571990 | State: STABLE
[AUM] I_Tors: 1.572022 | State: STABLE
[AUM] I_Tors: 1.572054 | State: STABLE
[AUM] I_Tors: 1.572087 | State: STABLE
[AUM] I_Tors: 1.572119 | State: STABLE
[AUM] I_Tors: 1.572151 | State: STABLE
[AUM] I_Tors: 1.572183 | State: STABLE
[AUM] I_Tors: 1.572215 | State: STABLE
[AUM] I_Tors: 1.572247 | State: STABLE
[AUM] I_Tors: 1.572279 | State: STABLE
[AUM] I_Tors: 1.572311 | State: STABLE
[AUM] I_Tors: 1.572343 | State: STABLE
[AUM] I_Tors: 1.572375 | State: STABLE
[AUM] I_Tors: 1.572407 | State: STABLE
[AUM] I_Tors: 1.572439 | State: STABLE
[AUM] I_Tors: 1.572471 | State: STABLE
[AUM] I_Tors: 1.572503 | State: STABLE
[AUM] I_Tors: 1.572535 | State: STABLE
[AUM] I_Tors: 1.572567 | State: STABLE
[AUM] I_Tors: 1.572598 | State: STABLE
[AUM] I_Tors: 1.572630 | State: STABLE
[AUM] I_Tors: 1.572662 | State: STABLE
[AUM] I_Tors: 1.572694 | State: STABLE
[AUM] I_Tors: 1.572726 | State: STABLE
[AUM] I_Tors: 1.572757 | State: STABLE
[AUM] I_Tors: 1.572789 | State: STABLE
[AUM] I_Tors: 1.572821 | State: STABLE
[AUM] I_Tors: 1.572852 | State: STABLE
[AUM] I_Tors: 1.572884 | State: STABLE
[AUM] I_Tors: 1.572915 | State: STABLE
[AUM] I_Tors: 1.572947 | State: STABLE
[AUM] I_Tors: 1.572979 | State: STABLE
[AUM] I_Tors: 1.573010 | State: STABLE
[AUM] I_Tors: 1.573042 | State: STABLE
[AUM] I_Tors: 1.573073 | State: STABLE
[AUM] I_Tors: 1.573105 | State: STABLE
[AUM] I_Tors: 1.573136 | State: STABLE
[AUM] I_Tors: 1.573168 | State: STABLE
[AUM] I_Tors: 1.573199 | State: STABLE
[AUM] I_Tors: 1.573230 | State: STABLE
[AUM] I_Tors: 1.573262 | State: STABLE
[AUM] I_Tors: 1.573293 | State: STABLE
[AUM] I_Tors: 1.573324 | State: STABLE
[AUM] I_Tors: 1.573356 | State: STABLE
[AUM] I_Tors: 1.573387 | State: STABLE
[AUM] I_Tors: 1.573418 | State: STABLE
[AUM] I_Tors: 1.573449 | State: STABLE
[AUM] I_Tors: 1.573481 | State: STABLE
[AUM] I_Tors: 1.573512 | State: STABLE
[AUM] I_Tors: 1.573543 | State: STABLE
[AUM] I_Tors: 1.573574 | State: STABLE
[AUM] I_Tors: 1.573605 | State: STABLE
[AUM] I_Tors: 1.573636 | State: STABLE
[AUM] I_Tors: 1.573667 | State: STABLE
[AUM] I_Tors: 1.573698 | State: STABLE
[AUM] I_Tors: 1.573730 | State: STABLE
[AUM] I_Tors: 1.573761 | State: STABLE
[AUM] I_Tors: 1.573792 | State: STABLE
[AUM] I_Tors: 1.573822 | State: STABLE
[AUM] I_Tors: 1.573853 | State: STABLE
[AUM] I_Tors: 1.573884 | State: STABLE
[AUM] I_Tors: 1.573915 | State: STABLE
[AUM] I_Tors: 1.573946 | State: STABLE
[AUM] I_Tors: 1.573977 | State: STABLE
[AUM] I_Tors: 1.574008 | State: STABLE
[AUM] I_Tors: 1.574039 | State: STABLE
[AUM] I_Tors: 1.574069 | State: STABLE
[AUM] I_Tors: 1.574100 | State: STABLE
[AUM] I_Tors: 1.574131 | State: STABLE
[AUM] I_Tors: 1.574162 | State: STABLE
[AUM] I_Tors: 1.574192 | State: STABLE
[AUM] I_Tors: 1.574223 | State: STABLE
[AUM] I_Tors: 1.574254 | State: STABLE
[AUM] I_Tors: 1.574284 | State: STABLE
[AUM] I_Tors: 1.574315 | State: STABLE
[AUM] I_Tors: 1.574346 | State: STABLE
[AUM] I_Tors: 1.574376 | State: STABLE
[AUM] I_Tors: 1.574407 | State: STABLE
[AUM] I_Tors: 1.574437 | State: STABLE
[AUM] I_Tors: 1.574468 | State: STABLE
[AUM] I_Tors: 1.574498 | State: STABLE
[AUM] I_Tors: 1.574529 | State: STABLE
[AUM] I_Tors: 1.574559 | State: STABLE
[AUM] I_Tors: 1.574590 | State: STABLE
[AUM] I_Tors: 1.574620 | State: STABLE
[AUM] I_Tors: 1.574651 | State: STABLE
[AUM] I_Tors: 1.574681 | State: STABLE
[AUM] I_Tors: 1.574711 | State: STABLE
[AUM] I_Tors: 1.574742 | State: STABLE
[AUM] I_Tors: 1.574772 | State: STABLE
[AUM] I_Tors: 1.574802 | State: STABLE
[AUM] I_Tors: 1.574832 | State: STABLE
[AUM] I_Tors: 1.574863 | State: STABLE
[AUM] I_Tors: 1.574893 | State: STABLE
[AUM] I_Tors: 1.574923 | State: STABLE
[AUM] I_Tors: 1.574953 | State: STABLE
[AUM] I_Tors: 1.574983 | State: STABLE
[AUM] I_Tors: 1.575014 | State: STABLE
[AUM] I_Tors: 1.575044 | State: STABLE
[AUM] I_Tors: 1.575074 | State: STABLE
[AUM] I_Tors: 1.575104 | State: STABLE
[AUM] I_Tors: 1.575134 | State: STABLE
[AUM] I_Tors: 1.575164 | State: STABLE
[AUM] I_Tors: 1.575194 | State: STABLE
[AUM] I_Tors: 1.575224 | State: STABLE
[AUM] I_Tors: 1.575254 | State: STABLE
[AUM] I_Tors: 1.575284 | State: STABLE
[AUM] I_Tors: 1.575314 | State: STABLE
[AUM] I_Tors: 1.575344 | State: STABLE
[AUM] I_Tors: 1.575374 | State: STABLE
[AUM] I_Tors: 1.575403 | State: STABLE
[AUM] I_Tors: 1.575433 | State: STABLE
[AUM] I_Tors: 1.575463 | State: STABLE
[AUM] I_Tors: 1.575493 | State: STABLE
[AUM] I_Tors: 1.575523 | State: STABLE
[AUM] I_Tors: 1.575552 | State: STABLE
[AUM] I_Tors: 1.575582 | State: STABLE
[AUM] I_Tors: 1.575612 | State: STABLE
[AUM] I_Tors: 1.575642 | State: STABLE
[AUM] I_Tors: 1.575671 | State: STABLE
[AUM] I_Tors: 1.575701 | State: STABLE
[AUM] I_Tors: 1.575730 | State: STABLE
[AUM] I_Tors: 1.575760 | State: STABLE
[AUM] I_Tors: 1.575790 | State: STABLE
[AUM] I_Tors: 1.575819 | State: STABLE
[AUM] I_Tors: 1.575849 | State: STABLE
[AUM] I_Tors: 1.575878 | State: STABLE
[AUM] I_Tors: 1.575908 | State: STABLE
[AUM] I_Tors: 1.575937 | State: STABLE
[AUM] I_Tors: 1.575967 | State: STABLE
[AUM] I_Tors: 1.575996 | State: STABLE
[AUM] I_Tors: 1.576026 | State: STABLE
[AUM] I_Tors: 1.576055 | State: STABLE
[AUM] I_Tors: 1.576084 | State: STABLE
[AUM] I_Tors: 1.576114 | State: STABLE
[AUM] I_Tors: 1.576143 | State: STABLE
[AUM] I_Tors: 1.576173 | State: STABLE
[AUM] I_Tors: 1.576202 | State: STABLE
[AUM] I_Tors: 1.576231 | State: STABLE
[AUM] I_Tors: 1.576260 | State: STABLE
[AUM] I_Tors: 1.576290 | State: STABLE
[AUM] I_Tors: 1.576319 | State: STABLE
[AUM] I_Tors: 1.576348 | State: STABLE
[AUM] I_Tors: 1.576377 | State: STABLE
[AUM] I_Tors: 1.576406 | State: STABLE
[AUM] I_Tors: 1.576436 | State: STABLE
[AUM] I_Tors: 1.576465 | State: STABLE
[AUM] I_Tors: 1.576494 | State: STABLE
[AUM] I_Tors: 1.576523 | State: STABLE
[AUM] I_Tors: 1.576552 | State: STABLE
[AUM] I_Tors: 1.576581 | State: STABLE
[AUM] I_Tors: 1.576610 | State: STABLE
[AUM] I_Tors: 1.576639 | State: STABLE
[AUM] I_Tors: 1.576668 | State: STABLE
[AUM] I_Tors: 1.576697 | State: STABLE
[AUM] I_Tors: 1.576726 | State: STABLE
[AUM] I_Tors: 1.576755 | State: STABLE
[AUM] I_Tors: 1.576784 | State: STABLE
[AUM] I_Tors: 1.576812 | State: STABLE
[AUM] I_Tors: 1.576841 | State: STABLE
[AUM] I_Tors: 1.576870 | State: STABLE
[AUM] I_Tors: 1.576899 | State: STABLE
[AUM] I_Tors: 1.576928 | State: STABLE
[AUM] I_Tors: 1.576957 | State: STABLE
[AUM] I_Tors: 1.576985 | State: STABLE
[AUM] I_Tors: 1.577014 | State: STABLE
[AUM] I_Tors: 1.577043 | State: STABLE
[AUM] I_Tors: 1.577071 | State: STABLE
[AUM] I_Tors: 1.577100 | State: STABLE
[AUM] I_Tors: 1.577129 | State: STABLE
[AUM] I_Tors: 1.577157 | State: STABLE
[AUM] I_Tors: 1.577186 | State: STABLE
[AUM] I_Tors: 1.577215 | State: STABLE
[AUM] I_Tors: 1.577243 | State: STABLE
[AUM] I_Tors: 1.577272 | State: STABLE
[AUM] I_Tors: 1.577300 | State: STABLE
[AUM] I_Tors: 1.577329 | State: STABLE
[AUM] I_Tors: 1.577357 | State: STABLE
[AUM] I_Tors: 1.577386 | State: STABLE
[AUM] I_Tors: 1.577414 | State: STABLE
[AUM] I_Tors: 1.577443 | State: STABLE
[AUM] I_Tors: 1.577471 | State: STABLE
[AUM] I_Tors: 1.577499 | State: STABLE
[AUM] I_Tors: 1.577528 | State: STABLE
[AUM] I_Tors: 1.577556 | State: STABLE
[AUM] I_Tors: 1.577585 | State: STABLE
[AUM] I_Tors: 1.577613 | State: STABLE
[AUM] I_Tors: 1.577641 | State: STABLE
[AUM] I_Tors: 1.577669 | State: STABLE
[AUM] I_Tors: 1.577698 | State: STABLE
[AUM] I_Tors: 1.577726 | State: STABLE
[AUM] I_Tors: 1.577754 | State: STABLE
[AUM] I_Tors: 1.577782 | State: STABLE
[AUM] I_Tors: 1.577810 | State: STABLE
[AUM] I_Tors: 1.577839 | State: STABLE
[AUM] I_Tors: 1.577867 | State: STABLE
[AUM] I_Tors: 1.577895 | State: STABLE
[AUM] I_Tors: 1.577923 | State: STABLE
[AUM] I_Tors: 1.577951 | State: STABLE
[AUM] I_Tors: 1.577979 | State: STABLE
[AUM] I_Tors: 1.578007 | State: STABLE
[AUM] I_Tors: 1.578035 | State: STABLE
[AUM] I_Tors: 1.578063 | State: STABLE
[AUM] I_Tors: 1.578091 | State: STABLE
[AUM] I_Tors: 1.578119 | State: STABLE
[AUM] I_Tors: 1.578147 | State: STABLE
[AUM] I_Tors: 1.578175 | State: STABLE
[AUM] I_Tors: 1.578203 | State: STABLE
[AUM] I_Tors: 1.578231 | State: STABLE
[AUM] I_Tors: 1.578259 | State: STABLE
[AUM] I_Tors: 1.578286 | State: STABLE
[AUM] I_Tors: 1.578314 | State: STABLE
[AUM] I_Tors: 1.578342 | State: STABLE
[AUM] I_Tors: 1.578370 | State: STABLE
[AUM] I_Tors: 1.578398 | State: STABLE
[AUM] I_Tors: 1.578425 | State: STABLE
[AUM] I_Tors: 1.578453 | State: STABLE
[AUM] I_Tors: 1.578481 | State: STABLE
[AUM] I_Tors: 1.578508 | State: STABLE
[AUM] I_Tors: 1.578536 | State: STABLE
[AUM] I_Tors: 1.578564 | State: STABLE
[AUM] I_Tors: 1.578591 | State: STABLE
[AUM] I_Tors: 1.578619 | State: STABLE
[AUM] I_Tors: 1.578647 | State: STABLE
[AUM] I_Tors: 1.578674 | State: STABLE
[AUM] I_Tors: 1.578702 | State: STABLE
[AUM] I_Tors: 1.578729 | State: STABLE
[AUM] I_Tors: 1.578757 | State: STABLE
[AUM] I_Tors: 1.578784 | State: STABLE
[AUM] I_Tors: 1.578812 | State: STABLE
[AUM] I_Tors: 1.578839 | State: STABLE
[AUM] I_Tors: 1.578867 | State: STABLE
[AUM] I_Tors: 1.578894 | State: STABLE
[AUM] I_Tors: 1.578921 | State: STABLE
[AUM] I_Tors: 1.578949 | State: STABLE
[AUM] I_Tors: 1.578976 | State: STABLE
[AUM] I_Tors: 1.579004 | State: STABLE
[AUM] I_Tors: 1.579031 | State: STABLE
[AUM] I_Tors: 1.579058 | State: STABLE
[AUM] I_Tors: 1.579085 | State: STABLE
[AUM] I_Tors: 1.579113 | State: STABLE
[AUM] I_Tors: 1.579140 | State: STABLE
[AUM] I_Tors: 1.579167 | State: STABLE
[AUM] I_Tors: 1.579194 | State: STABLE
[AUM] I_Tors: 1.579222 | State: STABLE
[AUM] I_Tors: 1.579249 | State: STABLE
[AUM] I_Tors: 1.579276 | State: STABLE
[AUM] I_Tors: 1.579303 | State: STABLE
[AUM] I_Tors: 1.579330 | State: STABLE
[AUM] I_Tors: 1.579357 | State: STABLE
[AUM] I_Tors: 1.579384 | State: STABLE
[AUM] I_Tors: 1.579411 | State: STABLE
[AUM] I_Tors: 1.579438 | State: STABLE
[AUM] I_Tors: 1.579465 | State: STABLE
[AUM] I_Tors: 1.579492 | State: STABLE
[AUM] I_Tors: 1.579519 | State: STABLE
[AUM] I_Tors: 1.579546 | State: STABLE
[AUM] I_Tors: 1.579573 | State: STABLE
[AUM] I_Tors: 1.579600 | State: STABLE
[AUM] I_Tors: 1.579627 | State: STABLE
[AUM] I_Tors: 1.579654 | State: STABLE
[AUM] I_Tors: 1.579681 | State: STABLE
[AUM] I_Tors: 1.579708 | State: STABLE
[AUM] I_Tors: 1.579735 | State: STABLE
[AUM] I_Tors: 1.579761 | State: STABLE
[AUM] I_Tors: 1.579788 | State: STABLE
[AUM] I_Tors: 1.579815 | State: STABLE
[AUM] I_Tors: 1.579842 | State: STABLE
[AUM] I_Tors: 1.579868 | State: STABLE
[AUM] I_Tors: 1.579895 | State: STABLE
[AUM] I_Tors: 1.579922 | State: STABLE
[AUM] I_Tors: 1.579949 | State: STABLE
[AUM] I_Tors: 1.579975 | State: STABLE
[AUM] I_Tors: 1.580002 | State: STABLE
[AUM] I_Tors: 1.580028 | State: STABLE
[AUM] I_Tors: 1.580055 | State: STABLE
[AUM] I_Tors: 1.580082 | State: STABLE
[AUM] I_Tors: 1.580108 | State: STABLE
[AUM] I_Tors: 1.580135 | State: STABLE
[AUM] I_Tors: 1.580161 | State: STABLE
[AUM] I_Tors: 1.580188 | State: STABLE
[AUM] I_Tors: 1.580214 | State: STABLE
[AUM] I_Tors: 1.580241 | State: STABLE
[AUM] I_Tors: 1.580267 | State: STABLE
[AUM] I_Tors: 1.580294 | State: STABLE
[AUM] I_Tors: 1.580320 | State: STABLE
[AUM] I_Tors: 1.580346 | State: STABLE
[AUM] I_Tors: 1.580373 | State: STABLE
[AUM] I_Tors: 1.580399 | State: STABLE
[AUM] I_Tors: 1.580426 | State: STABLE
[AUM] I_Tors: 1.580452 | State: STABLE
[AUM] I_Tors: 1.580478 | State: STABLE
[AUM] I_Tors: 1.580504 | State: STABLE
[AUM] I_Tors: 1.580531 | State: STABLE
[AUM] I_Tors: 1.580557 | State: STABLE
[AUM] I_Tors: 1.580583 | State: STABLE
[AUM] I_Tors: 1.580609 | State: STABLE
[AUM] I_Tors: 1.580636 | State: STABLE
[AUM] I_Tors: 1.580662 | State: STABLE
[AUM] I_Tors: 1.580688 | State: STABLE
[AUM] I_Tors: 1.580714 | State: STABLE
[AUM] I_Tors: 1.580740 | State: STABLE
[AUM] I_Tors: 1.580766 | State: STABLE
[AUM] I_Tors: 1.580792 | State: STABLE
[AUM] I_Tors: 1.580819 | State: STABLE
[AUM] I_Tors: 1.580845 | State: STABLE
[AUM] I_Tors: 1.580871 | State: STABLE
[AUM] I_Tors: 1.580897 | State: STABLE
[AUM] I_Tors: 1.580923 | State: STABLE
[AUM] I_Tors: 1.580949 | State: STABLE
[AUM] I_Tors: 1.580975 | State: STABLE
[AUM] I_Tors: 1.581000 | State: STABLE
[AUM] I_Tors: 1.581026 | State: STABLE
[AUM] I_Tors: 1.581052 | State: STABLE
[AUM] I_Tors: 1.581078 | State: STABLE
[AUM] I_Tors: 1.581104 | State: STABLE
[AUM] I_Tors: 1.581130 | State: STABLE
[AUM] I_Tors: 1.581156 | State: STABLE
[AUM] I_Tors: 1.581182 | State: STABLE
[AUM] I_Tors: 1.581207 | State: STABLE
[AUM] I_Tors: 1.581233 | State: STABLE
[AUM] I_Tors: 1.581259 | State: STABLE
[AUM] I_Tors: 1.581285 | State: STABLE
[AUM] I_Tors: 1.581310 | State: STABLE
[AUM] I_Tors: 1.581336 | State: STABLE
[AUM] I_Tors: 1.581362 | State: STABLE
[AUM] I_Tors: 1.581387 | State: STABLE
[AUM] I_Tors: 1.581413 | State: STABLE
[AUM] I_Tors: 1.581439 | State: STABLE
[AUM] I_Tors: 1.581464 | State: STABLE
[AUM] I_Tors: 1.581490 | State: STABLE
[AUM] I_Tors: 1.581516 | State: STABLE
[AUM] I_Tors: 1.581541 | State: STABLE
[AUM] I_Tors: 1.581567 | State: STABLE
[AUM] I_Tors: 1.581592 | State: STABLE
[AUM] I_Tors: 1.581618 | State: STABLE
[AUM] I_Tors: 1.581643 | State: STABLE
[AUM] I_Tors: 1.581669 | State: STABLE
[AUM] I_Tors: 1.581694 | State: STABLE
[AUM] I_Tors: 1.581720 | State: STABLE
[AUM] I_Tors: 1.581745 | State: STABLE
[AUM] I_Tors: 1.581770 | State: STABLE
[AUM] I_Tors: 1.581796 | State: STABLE
[AUM] I_Tors: 1.581821 | State: STABLE
[AUM] I_Tors: 1.581846 | State: STABLE
[AUM] I_Tors: 1.581872 | State: STABLE
[AUM] I_Tors: 1.581897 | State: STABLE
[AUM] I_Tors: 1.581922 | State: STABLE
[AUM] I_Tors: 1.581948 | State: STABLE
[AUM] I_Tors: 1.581973 | State: STABLE
[AUM] I_Tors: 1.581998 | State: STABLE
[AUM] I_Tors: 1.582023 | State: STABLE
[AUM] I_Tors: 1.582049 | State: STABLE
[AUM] I_Tors: 1.582074 | State: STABLE
[AUM] I_Tors: 1.582099 | State: STABLE
[AUM] I_Tors: 1.582124 | State: STABLE
[AUM] I_Tors: 1.582149 | State: STABLE
[AUM] I_Tors: 1.582174 | State: STABLE
[AUM] I_Tors: 1.582199 | State: STABLE
[AUM] I_Tors: 1.582225 | State: STABLE
[AUM] I_Tors: 1.582250 | State: STABLE
[AUM] I_Tors: 1.582275 | State: STABLE
[AUM] I_Tors: 1.582300 | State: STABLE
[AUM] I_Tors: 1.582325 | State: STABLE
[AUM] I_Tors: 1.582350 | State: STABLE
[AUM] I_Tors: 1.582375 | State: STABLE
[AUM] I_Tors: 1.582400 | State: STABLE
[AUM] I_Tors: 1.582425 | State: STABLE
[AUM] I_Tors: 1.582450 | State: STABLE
[AUM] I_Tors: 1.582474 | State: STABLE
[AUM] I_Tors: 1.582499 | State: STABLE
[AUM] I_Tors: 1.582524 | State: STABLE
[AUM] I_Tors: 1.582549 | State: STABLE
[AUM] I_Tors: 1.582574 | State: STABLE
[AUM] I_Tors: 1.582599 | State: STABLE
[AUM] I_Tors: 1.582624 | State: STABLE
[AUM] I_Tors: 1.582648 | State: STABLE
[AUM] I_Tors: 1.582673 | State: STABLE
[AUM] I_Tors: 1.582698 | State: STABLE
[AUM] I_Tors: 1.582723 | State: STABLE
[AUM] I_Tors: 1.582747 | State: STABLE
[AUM] I_Tors: 1.582772 | State: STABLE
[AUM] I_Tors: 1.582797 | State: STABLE
[AUM] I_Tors: 1.582821 | State: STABLE
[AUM] I_Tors: 1.582846 | State: STABLE
[AUM] I_Tors: 1.582871 | State: STABLE
[AUM] I_Tors: 1.582895 | State: STABLE
[AUM] I_Tors: 1.582920 | State: STABLE
[AUM] I_Tors: 1.582944 | State: STABLE
[AUM] I_Tors: 1.582969 | State: STABLE
[AUM] I_Tors: 1.582994 | State: STABLE
[AUM] I_Tors: 1.583018 | State: STABLE
[AUM] I_Tors: 1.583043 | State: STABLE
[AUM] I_Tors: 1.583067 | State: STABLE
[AUM] I_Tors: 1.583092 | State: STABLE
[AUM] I_Tors: 1.583116 | State: STABLE
[AUM] I_Tors: 1.583140 | State: STABLE
[AUM] I_Tors: 1.583165 | State: STABLE
[AUM] I_Tors: 1.583189 | State: STABLE
[AUM] I_Tors: 1.583214 | State: STABLE
[AUM] I_Tors: 1.583238 | State: STABLE
[AUM] I_Tors: 1.583262 | State: STABLE
[AUM] I_Tors: 1.583287 | State: STABLE
[AUM] I_Tors: 1.583311 | State: STABLE
[AUM] I_Tors: 1.583335 | State: STABLE
[AUM] I_Tors: 1.583360 | State: STABLE
[AUM] I_Tors: 1.583384 | State: STABLE
[AUM] I_Tors: 1.583408 | State: STABLE
[AUM] I_Tors: 1.583432 | State: STABLE
[AUM] I_Tors: 1.583457 | State: STABLE
[AUM] I_Tors: 1.583481 | State: STABLE
[AUM] I_Tors: 1.583505 | State: STABLE
[AUM] I_Tors: 1.583529 | State: STABLE
[AUM] I_Tors: 1.583553 | State: STABLE
[AUM] I_Tors: 1.583577 | State: STABLE
[AUM] I_Tors: 1.583602 | State: STABLE
[AUM] I_Tors: 1.583626 | State: STABLE
[AUM] I_Tors: 1.583650 | State: STABLE
[AUM] I_Tors: 1.583674 | State: STABLE
[AUM] I_Tors: 1.583698 | State: STABLE
[AUM] I_Tors: 1.583722 | State: STABLE
[AUM] I_Tors: 1.583746 | State: STABLE
[AUM] I_Tors: 1.583770 | State: STABLE
[AUM] I_Tors: 1.583794 | State: STABLE
[AUM] I_Tors: 1.583818 | State: STABLE
[AUM] I_Tors: 1.583842 | State: STABLE
[AUM] I_Tors: 1.583866 | State: STABLE
[AUM] I_Tors: 1.583890 | State: STABLE
[AUM] I_Tors: 1.583914 | State: STABLE
[AUM] I_Tors: 1.583938 | State: STABLE
[AUM] I_Tors: 1.583961 | State: STABLE
[AUM] I_Tors: 1.583985 | State: STABLE
[AUM] I_Tors: 1.584009 | State: STABLE
[AUM] I_Tors: 1.584033 | State: STABLE
[AUM] I_Tors: 1.584057 | State: STABLE
[AUM] I_Tors: 1.584080 | State: STABLE
[AUM] I_Tors: 1.584104 | State: STABLE
[AUM] I_Tors: 1.584128 | State: STABLE
[AUM] I_Tors: 1.584152 | State: STABLE
[AUM] I_Tors: 1.584175 | State: STABLE
[AUM] I_Tors: 1.584199 | State: STABLE
[AUM] I_Tors: 1.584223 | State: STABLE
[AUM] I_Tors: 1.584246 | State: STABLE
[AUM] I_Tors: 1.584270 | State: STABLE
[AUM] I_Tors: 1.584294 | State: STABLE
[AUM] I_Tors: 1.584317 | State: STABLE
[AUM] I_Tors: 1.584341 | State: STABLE
[AUM] I_Tors: 1.584365 | State: STABLE
[AUM] I_Tors: 1.584388 | State: STABLE
[AUM] I_Tors: 1.584412 | State: STABLE
[AUM] I_Tors: 1.584435 | State: STABLE
[AUM] I_Tors: 1.584459 | State: STABLE
[AUM] I_Tors: 1.584482 | State: STABLE
[AUM] I_Tors: 1.584506 | State: STABLE
[AUM] I_Tors: 1.584529 | State: STABLE
[AUM] I_Tors: 1.584553 | State: STABLE
[AUM] I_Tors: 1.584576 | State: STABLE
[AUM] I_Tors: 1.584600 | State: STABLE
[AUM] I_Tors: 1.584623 | State: STABLE
[AUM] I_Tors: 1.584646 | State: STABLE
[AUM] I_Tors: 1.584670 | State: STABLE
[AUM] I_Tors: 1.584693 | State: STABLE
[AUM] I_Tors: 1.584716 | State: STABLE
[AUM] I_Tors: 1.584740 | State: STABLE
[AUM] I_Tors: 1.584763 | State: STABLE
[AUM] I_Tors: 1.584786 | State: STABLE
[AUM] I_Tors: 1.584810 | State: STABLE
[AUM] I_Tors: 1.584833 | State: STABLE
[AUM] I_Tors: 1.584856 | State: STABLE
[AUM] I_Tors: 1.584879 | State: STABLE
[AUM] I_Tors: 1.584903 | State: STABLE
[AUM] I_Tors: 1.584926 | State: STABLE
[AUM] I_Tors: 1.584949 | State: STABLE
[AUM] I_Tors: 1.584972 | State: STABLE
[AUM] I_Tors: 1.584995 | State: STABLE
[AUM] I_Tors: 1.585018 | State: STABLE
[AUM] I_Tors: 1.585041 | State: STABLE
[AUM] I_Tors: 1.585065 | State: STABLE
[AUM] I_Tors: 1.585088 | State: STABLE
[AUM] I_Tors: 1.585111 | State: STABLE
[AUM] I_Tors: 1.585134 | State: STABLE
[AUM] I_Tors: 1.585157 | State: STABLE
[AUM] I_Tors: 1.585180 | State: STABLE
[AUM] I_Tors: 1.585203 | State: STABLE
[AUM] I_Tors: 1.585226 | State: STABLE
[AUM] I_Tors: 1.585249 | State: STABLE
[AUM] I_Tors: 1.585272 | State: STABLE
[AUM] I_Tors: 1.585295 | State: STABLE
[AUM] I_Tors: 1.585317 | State: STABLE
[AUM] I_Tors: 1.585340 | State: STABLE
[AUM] I_Tors: 1.585363 | State: STABLE
[AUM] I_Tors: 1.585386 | State: STABLE
[AUM] I_Tors: 1.585409 | State: STABLE
[AUM] I_Tors: 1.585432 | State: STABLE
[AUM] I_Tors: 1.585455 | State: STABLE
[AUM] I_Tors: 1.585477 | State: STABLE
[AUM] I_Tors: 1.585500 | State: STABLE
[AUM] I_Tors: 1.585523 | State: STABLE
[AUM] I_Tors: 1.585546 | State: STABLE
[AUM] I_Tors: 1.585569 | State: STABLE
[AUM] I_Tors: 1.585591 | State: STABLE
[AUM] I_Tors: 1.585614 | State: STABLE
[AUM] I_Tors: 1.585637 | State: STABLE
[AUM] I_Tors: 1.585659 | State: STABLE
[AUM] I_Tors: 1.585682 | State: STABLE
[AUM] I_Tors: 1.585705 | State: STABLE
[AUM] I_Tors: 1.585727 | State: STABLE
[AUM] I_Tors: 1.585750 | State: STABLE
[AUM] I_Tors: 1.585772 | State: STABLE
[AUM] I_Tors: 1.585795 | State: STABLE
[AUM] I_Tors: 1.585818 | State: STABLE
[AUM] I_Tors: 1.585840 | State: STABLE
[AUM] I_Tors: 1.585863 | State: STABLE
[AUM] I_Tors: 1.585885 | State: STABLE
[AUM] I_Tors: 1.585908 | State: STABLE
[AUM] I_Tors: 1.585930 | State: STABLE
[AUM] I_Tors: 1.585953 | State: STABLE
[AUM] I_Tors: 1.585975 | State: STABLE
[AUM] I_Tors: 1.585998 | State: STABLE
[AUM] I_Tors: 1.586020 | State: STABLE
[AUM] I_Tors: 1.586042 | State: STABLE
[AUM] I_Tors: 1.586065 | State: STABLE
[AUM] I_Tors: 1.586087 | State: STABLE
[AUM] I_Tors: 1.586110 | State: STABLE
[AUM] I_Tors: 1.586132 | State: STABLE
[AUM] I_Tors: 1.586154 | State: STABLE
[AUM] I_Tors: 1.586177 | State: STABLE
[AUM] I_Tors: 1.586199 | State: STABLE
[AUM] I_Tors: 1.586221 | State: STABLE
[AUM] I_Tors: 1.586243 | State: STABLE
[AUM] I_Tors: 1.586266 | State: STABLE
[AUM] I_Tors: 1.586288 | State: STABLE
[AUM] I_Tors: 1.586310 | State: STABLE
[AUM] I_Tors: 1.586332 | State: STABLE
[AUM] I_Tors: 1.586355 | State: STABLE
[AUM] I_Tors: 1.586377 | State: STABLE
[AUM] I_Tors: 1.586399 | State: STABLE
[AUM] I_Tors: 1.586421 | State: STABLE
[AUM] I_Tors: 1.586443 | State: STABLE
[AUM] I_Tors: 1.586465 | State: STABLE
[AUM] I_Tors: 1.586487 | State: STABLE
[AUM] I_Tors: 1.586509 | State: STABLE
[AUM] I_Tors: 1.586532 | State: STABLE
[AUM] I_Tors: 1.586554 | State: STABLE
[AUM] I_Tors: 1.586576 | State: STABLE
[AUM] I_Tors: 1.586598 | State: STABLE
[AUM] I_Tors: 1.586620 | State: STABLE
[AUM] I_Tors: 1.586642 | State: STABLE
[AUM] I_Tors: 1.586664 | State: STABLE
[AUM] I_Tors: 1.586686 | State: STABLE
[AUM] I_Tors: 1.586707 | State: STABLE
[AUM] I_Tors: 1.586729 | State: STABLE
[AUM] I_Tors: 1.586751 | State: STABLE
[AUM] I_Tors: 1.586773 | State: STABLE
[AUM] I_Tors: 1.586795 | State: STABLE
[AUM] I_Tors: 1.586817 | State: STABLE
[AUM] I_Tors: 1.586839 | State: STABLE
[AUM] I_Tors: 1.586861 | State: STABLE
[AUM] I_Tors: 1.586882 | State: STABLE
[AUM] I_Tors: 1.586904 | State: STABLE
[AUM] I_Tors: 1.586926 | State: STABLE
[AUM] I_Tors: 1.586948 | State: STABLE
[AUM] I_Tors: 1.586970 | State: STABLE
[AUM] I_Tors: 1.586991 | State: STABLE
[AUM] I_Tors: 1.587013 | State: STABLE
[AUM] I_Tors: 1.587035 | State: STABLE
[AUM] I_Tors: 1.587057 | State: STABLE
[AUM] I_Tors: 1.587078 | State: STABLE
[AUM] I_Tors: 1.587100 | State: STABLE
[AUM] I_Tors: 1.587122 | State: STABLE
[AUM] I_Tors: 1.587143 | State: STABLE
[AUM] I_Tors: 1.587165 | State: STABLE
[AUM] I_Tors: 1.587186 | State: STABLE
[AUM] I_Tors: 1.587208 | State: STABLE
[AUM] I_Tors: 1.587230 | State: STABLE
[AUM] I_Tors: 1.587251 | State: STABLE
[AUM] I_Tors: 1.587273 | State: STABLE
[AUM] I_Tors: 1.587294 | State: STABLE
[AUM] I_Tors: 1.587316 | State: STABLE
[AUM] I_Tors: 1.587337 | State: STABLE
[AUM] I_Tors: 1.587359 | State: STABLE
[AUM] I_Tors: 1.587380 | State: STABLE
[AUM] I_Tors: 1.587402 | State: STABLE
[AUM] I_Tors: 1.587423 | State: STABLE
[AUM] I_Tors: 1.587445 | State: STABLE
[AUM] I_Tors: 1.587466 | State: STABLE
[AUM] I_Tors: 1.587487 | State: STABLE
[AUM] I_Tors: 1.587509 | State: STABLE
[AUM] I_Tors: 1.587530 | State: STABLE
[AUM] I_Tors: 1.587551 | State: STABLE
[AUM] I_Tors: 1.587573 | State: STABLE
[AUM] I_Tors: 1.587594 | State: STABLE
[AUM] I_Tors: 1.587615 | State: STABLE
[AUM] I_Tors: 1.587637 | State: STABLE
[AUM] I_Tors: 1.587658 | State: STABLE
[AUM] I_Tors: 1.587679 | State: STABLE
[AUM] I_Tors: 1.587700 | State: STABLE
[AUM] I_Tors: 1.587722 | State: STABLE
[AUM] I_Tors: 1.587743 | State: STABLE
[AUM] I_Tors: 1.587764 | State: STABLE
[AUM] I_Tors: 1.587785 | State: STABLE
[AUM] I_Tors: 1.587806 | State: STABLE
[AUM] I_Tors: 1.587828 | State: STABLE
[AUM] I_Tors: 1.587849 | State: STABLE
[AUM] I_Tors: 1.587870 | State: STABLE
[AUM] I_Tors: 1.587891 | State: STABLE
[AUM] I_Tors: 1.587912 | State: STABLE
[AUM] I_Tors: 1.587933 | State: STABLE
[AUM] I_Tors: 1.587954 | State: STABLE
[AUM] I_Tors: 1.587975 | State: STABLE
[AUM] I_Tors: 1.587996 | State: STABLE
[AUM] I_Tors: 1.588017 | State: STABLE
[AUM] I_Tors: 1.588038 | State: STABLE
[AUM] I_Tors: 1.588059 | State: STABLE
[AUM] I_Tors: 1.588080 | State: STABLE
[AUM] I_Tors: 1.588101 | State: STABLE
[AUM] I_Tors: 1.588122 | State: STABLE
[AUM] I_Tors: 1.588143 | State: STABLE
[AUM] I_Tors: 1.588164 | State: STABLE
[AUM] I_Tors: 1.588185 | State: STABLE
[AUM] I_Tors: 1.588206 | State: STABLE
[AUM] I_Tors: 1.588227 | State: STABLE
[AUM] I_Tors: 1.588248 | State: STABLE
[AUM] I_Tors: 1.588269 | State: STABLE
[AUM] I_Tors: 1.588289 | State: STABLE
[AUM] I_Tors: 1.588310 | State: STABLE
[AUM] I_Tors: 1.588331 | State: STABLE
[AUM] I_Tors: 1.588352 | State: STABLE
[AUM] I_Tors: 1.588373 | State: STABLE
[AUM] I_Tors: 1.588393 | State: STABLE
[AUM] I_Tors: 1.588414 | State: STABLE
[AUM] I_Tors: 1.588435 | State: STABLE
[AUM] I_Tors: 1.588456 | State: STABLE
[AUM] I_Tors: 1.588476 | State: STABLE
[AUM] I_Tors: 1.588497 | State: STABLE
[AUM] I_Tors: 1.588518 | State: STABLE
[AUM] I_Tors: 1.588538 | State: STABLE
[AUM] I_Tors: 1.588559 | State: STABLE
[AUM] I_Tors: 1.588580 | State: STABLE
[AUM] I_Tors: 1.588600 | State: STABLE
[AUM] I_Tors: 1.588621 | State: STABLE
[AUM] I_Tors: 1.588641 | State: STABLE
[AUM] I_Tors: 1.588662 | State: STABLE
[AUM] I_Tors: 1.588683 | State: STABLE
[AUM] I_Tors: 1.588703 | State: STABLE
[AUM] I_Tors: 1.588724 | State: STABLE
[AUM] I_Tors: 1.588744 | State: STABLE
[AUM] I_Tors: 1.588765 | State: STABLE
[AUM] I_Tors: 1.588785 | State: STABLE
[AUM] I_Tors: 1.588806 | State: STABLE
[AUM] I_Tors: 1.588826 | State: STABLE
[AUM] I_Tors: 1.588847 | State: STABLE
[AUM] I_Tors: 1.588867 | State: STABLE
[AUM] I_Tors: 1.588887 | State: STABLE
[AUM] I_Tors: 1.588908 | State: STABLE
[AUM] I_Tors: 1.588928 | State: STABLE
[AUM] I_Tors: 1.588949 | State: STABLE
[AUM] I_Tors: 1.588969 | State: STABLE
[AUM] I_Tors: 1.588989 | State: STABLE
[AUM] I_Tors: 1.589010 | State: STABLE
[AUM] I_Tors: 1.589030 | State: STABLE
[AUM] I_Tors: 1.589050 | State: STABLE
[AUM] I_Tors: 1.589070 | State: STABLE
[AUM] I_Tors: 1.589091 | State: STABLE
[AUM] I_Tors: 1.589111 | State: STABLE
[AUM] I_Tors: 1.589131 | State: STABLE
[AUM] I_Tors: 1.589151 | State: STABLE
[AUM] I_Tors: 1.589172 | State: STABLE
[AUM] I_Tors: 1.589192 | State: STABLE
[AUM] I_Tors: 1.589212 | State: STABLE
[AUM] I_Tors: 1.589232 | State: STABLE
[AUM] I_Tors: 1.589252 | State: STABLE
[AUM] I_Tors: 1.589273 | State: STABLE
[AUM] I_Tors: 1.589293 | State: STABLE
[AUM] I_Tors: 1.589313 | State: STABLE
[AUM] I_Tors: 1.589333 | State: STABLE
[AUM] I_Tors: 1.589353 | State: STABLE
[AUM] I_Tors: 1.589373 | State: STABLE
[AUM] I_Tors: 1.589393 | State: STABLE
[AUM] I_Tors: 1.589413 | State: STABLE
[AUM] I_Tors: 1.589433 | State: STABLE
[AUM] I_Tors: 1.589453 | State: STABLE
[AUM] I_Tors: 1.589473 | State: STABLE
[AUM] I_Tors: 1.589493 | State: STABLE
[AUM] I_Tors: 1.589513 | State: STABLE
[AUM] I_Tors: 1.589533 | State: STABLE
[AUM] I_Tors: 1.589553 | State: STABLE
[AUM] I_Tors: 1.589573 | State: STABLE
[AUM] I_Tors: 1.589593 | State: STABLE
[AUM] I_Tors: 1.589613 | State: STABLE
[AUM] I_Tors: 1.589633 | State: STABLE
[AUM] I_Tors: 1.589653 | State: STABLE
[AUM] I_Tors: 1.589673 | State: STABLE
[AUM] I_Tors: 1.589692 | State: STABLE
[AUM] I_Tors: 1.589712 | State: STABLE
[AUM] I_Tors: 1.589732 | State: STABLE
[AUM] I_Tors: 1.589752 | State: STABLE
[AUM] I_Tors: 1.589772 | State: STABLE
[AUM] I_Tors: 1.589791 | State: STABLE
[AUM] I_Tors: 1.589811 | State: STABLE
[AUM] I_Tors: 1.589831 | State: STABLE
[AUM] I_Tors: 1.589851 | State: STABLE
[AUM] I_Tors: 1.589870 | State: STABLE
[AUM] I_Tors: 1.589890 | State: STABLE
[AUM] I_Tors: 1.589910 | State: STABLE
[AUM] I_Tors: 1.589930 | State: STABLE
[AUM] I_Tors: 1.589949 | State: STABLE
[AUM] I_Tors: 1.589969 | State: STABLE
[AUM] I_Tors: 1.589989 | State: STABLE
[AUM] I_Tors: 1.590008 | State: STABLE
[AUM] I_Tors: 1.590028 | State: STABLE
[AUM] I_Tors: 1.590047 | State: STABLE
[AUM] I_Tors: 1.590067 | State: STABLE
[AUM] I_Tors: 1.590087 | State: STABLE
[AUM] I_Tors: 1.590106 | State: STABLE
[AUM] I_Tors: 1.590126 | State: STABLE
[AUM] I_Tors: 1.590145 | State: STABLE
[AUM] I_Tors: 1.590165 | State: STABLE
[AUM] I_Tors: 1.590184 | State: STABLE
[AUM] I_Tors: 1.590204 | State: STABLE
[AUM] I_Tors: 1.590223 | State: STABLE
[AUM] I_Tors: 1.590243 | State: STABLE
[AUM] I_Tors: 1.590262 | State: STABLE
[AUM] I_Tors: 1.590282 | State: STABLE
[AUM] I_Tors: 1.590301 | State: STABLE
[AUM] I_Tors: 1.590320 | State: STABLE
[AUM] I_Tors: 1.590340 | State: STABLE
[AUM] I_Tors: 1.590359 | State: STABLE
[AUM] I_Tors: 1.590379 | State: STABLE
[AUM] I_Tors: 1.590398 | State: STABLE
[AUM] I_Tors: 1.590417 | State: STABLE
[AUM] I_Tors: 1.590437 | State: STABLE
[AUM] I_Tors: 1.590456 | State: STABLE
[AUM] I_Tors: 1.590475 | State: STABLE
[AUM] I_Tors: 1.590495 | State: STABLE
[AUM] I_Tors: 1.590514 | State: STABLE
[AUM] I_Tors: 1.590533 | State: STABLE
[AUM] I_Tors: 1.590552 | State: STABLE
[AUM] I_Tors: 1.590572 | State: STABLE
[AUM] I_Tors: 1.590591 | State: STABLE
[AUM] I_Tors: 1.590610 | State: STABLE
[AUM] I_Tors: 1.590629 | State: STABLE
[AUM] I_Tors: 1.590648 | State: STABLE
[AUM] I_Tors: 1.590668 | State: STABLE
[AUM] I_Tors: 1.590687 | State: STABLE
[AUM] I_Tors: 1.590706 | State: STABLE
[AUM] I_Tors: 1.590725 | State: STABLE
[AUM] I_Tors: 1.590744 | State: STABLE
[AUM] I_Tors: 1.590763 | State: STABLE
[AUM] I_Tors: 1.590782 | State: STABLE
[AUM] I_Tors: 1.590801 | State: STABLE
[AUM] I_Tors: 1.590820 | State: STABLE
[AUM] I_Tors: 1.590839 | State: STABLE
[AUM] I_Tors: 1.590859 | State: STABLE
[AUM] I_Tors: 1.590878 | State: STABLE
[AUM] I_Tors: 1.590897 | State: STABLE
[AUM] I_Tors: 1.590916 | State: STABLE
[AUM] I_Tors: 1.590935 | State: STABLE
[AUM] I_Tors: 1.590954 | State: STABLE
[AUM] I_Tors: 1.590972 | State: STABLE
[AUM] I_Tors: 1.590991 | State: STABLE
[AUM] I_Tors: 1.591010 | State: STABLE
[AUM] I_Tors: 1.591029 | State: STABLE
[AUM] I_Tors: 1.591048 | State: STABLE
[AUM] I_Tors: 1.591067 | State: STABLE
[AUM] I_Tors: 1.591086 | State: STABLE
[AUM] I_Tors: 1.591105 | State: STABLE
[AUM] I_Tors: 1.591124 | State: STABLE
[AUM] I_Tors: 1.591142 | State: STABLE
[AUM] I_Tors: 1.591161 | State: STABLE
[AUM] I_Tors: 1.591180 | State: STABLE
[AUM] I_Tors: 1.591199 | State: STABLE
[AUM] I_Tors: 1.591218 | State: STABLE
[AUM] I_Tors: 1.591236 | State: STABLE
[AUM] I_Tors: 1.591255 | State: STABLE
[AUM] I_Tors: 1.591274 | State: STABLE
[AUM] I_Tors: 1.591293 | State: STABLE
[AUM] I_Tors: 1.591311 | State: STABLE
[AUM] I_Tors: 1.591330 | State: STABLE
[AUM] I_Tors: 1.591349 | State: STABLE
[AUM] I_Tors: 1.591367 | State: STABLE
[AUM] I_Tors: 1.591386 | State: STABLE
[AUM] I_Tors: 1.591405 | State: STABLE
[AUM] I_Tors: 1.591423 | State: STABLE
[AUM] I_Tors: 1.591442 | State: STABLE
[AUM] I_Tors: 1.591461 | State: STABLE
[AUM] I_Tors: 1.591479 | State: STABLE
[AUM] I_Tors: 1.591498 | State: STABLE
[AUM] I_Tors: 1.591516 | State: STABLE
[AUM] I_Tors: 1.591535 | State: STABLE
[AUM] I_Tors: 1.591554 | State: STABLE
[AUM] I_Tors: 1.591572 | State: STABLE
[AUM] I_Tors: 1.591591 | State: STABLE
[AUM] I_Tors: 1.591609 | State: STABLE
[AUM] I_Tors: 1.591628 | State: STABLE
[AUM] I_Tors: 1.591646 | State: STABLE
[AUM] I_Tors: 1.591665 | State: STABLE
[AUM] I_Tors: 1.591683 | State: STABLE
[AUM] I_Tors: 1.591701 | State: STABLE
[AUM] I_Tors: 1.591720 | State: STABLE
[AUM] I_Tors: 1.591738 | State: STABLE
[AUM] I_Tors: 1.591757 | State: STABLE
[AUM] I_Tors: 1.591775 | State: STABLE
[AUM] I_Tors: 1.591794 | State: STABLE
[AUM] I_Tors: 1.591812 | State: STABLE
[AUM] I_Tors: 1.591830 | State: STABLE
[AUM] I_Tors: 1.591849 | State: STABLE
[AUM] I_Tors: 1.591867 | State: STABLE
[AUM] I_Tors: 1.591885 | State: STABLE
[AUM] I_Tors: 1.591904 | State: STABLE
[AUM] I_Tors: 1.591922 | State: STABLE
[AUM] I_Tors: 1.591940 | State: STABLE
[AUM] I_Tors: 1.591958 | State: STABLE
[AUM] I_Tors: 1.591977 | State: STABLE
[AUM] I_Tors: 1.591995 | State: STABLE
[AUM] I_Tors: 1.592013 | State: STABLE
[AUM] I_Tors: 1.592031 | State: STABLE
[AUM] I_Tors: 1.592050 | State: STABLE
[AUM] I_Tors: 1.592068 | State: STABLE
[AUM] I_Tors: 1.592086 | State: STABLE
[AUM] I_Tors: 1.592104 | State: STABLE
[AUM] I_Tors: 1.592122 | State: STABLE
[AUM] I_Tors: 1.592140 | State: STABLE
[AUM] I_Tors: 1.592158 | State: STABLE
[AUM] I_Tors: 1.592177 | State: STABLE
[AUM] I_Tors: 1.592195 | State: STABLE
[AUM] I_Tors: 1.592213 | State: STABLE
[AUM] I_Tors: 1.592231 | State: STABLE
[AUM] I_Tors: 1.592249 | State: STABLE
[AUM] I_Tors: 1.592267 | State: STABLE
[AUM] I_Tors: 1.592285 | State: STABLE
[AUM] I_Tors: 1.592303 | State: STABLE
[AUM] I_Tors: 1.592321 | State: STABLE
[AUM] I_Tors: 1.592339 | State: STABLE
[AUM] I_Tors: 1.592357 | State: STABLE
[AUM] I_Tors: 1.592375 | State: STABLE
[AUM] I_Tors: 1.592393 | State: STABLE
[AUM] I_Tors: 1.592411 | State: STABLE
[AUM] I_Tors: 1.592429 | State: STABLE
[AUM] I_Tors: 1.592447 | State: STABLE
[AUM] I_Tors: 1.592465 | State: STABLE
[AUM] I_Tors: 1.592483 | State: STABLE
[AUM] I_Tors: 1.592500 | State: STABLE
[AUM] I_Tors: 1.592518 | State: STABLE
[AUM] I_Tors: 1.592536 | State: STABLE
[AUM] I_Tors: 1.592554 | State: STABLE
[AUM] I_Tors: 1.592572 | State: STABLE
[AUM] I_Tors: 1.592590 | State: STABLE
[AUM] I_Tors: 1.592608 | State: STABLE
[AUM] I_Tors: 1.592625 | State: STABLE
[AUM] I_Tors: 1.592643 | State: STABLE
[AUM] I_Tors: 1.592661 | State: STABLE
[AUM] I_Tors: 1.592679 | State: STABLE
[AUM] I_Tors: 1.592696 | State: STABLE
[AUM] I_Tors: 1.592714 | State: STABLE
[AUM] I_Tors: 1.592732 | State: STABLE
[AUM] I_Tors: 1.592750 | State: STABLE
[AUM] I_Tors: 1.592767 | State: STABLE
[AUM] I_Tors: 1.592785 | State: STABLE
[AUM] I_Tors: 1.592803 | State: STABLE
[AUM] I_Tors: 1.592820 | State: STABLE
[AUM] I_Tors: 1.592838 | State: STABLE
[AUM] I_Tors: 1.592856 | State: STABLE
[AUM] I_Tors: 1.592873 | State: STABLE
[AUM] I_Tors: 1.592891 | State: STABLE
[AUM] I_Tors: 1.592908 | State: STABLE
[AUM] I_Tors: 1.592926 | State: STABLE
[AUM] I_Tors: 1.592944 | State: STABLE
[AUM] I_Tors: 1.592961 | State: STABLE
[AUM] I_Tors: 1.592979 | State: STABLE
[AUM] I_Tors: 1.592996 | State: STABLE
[AUM] I_Tors: 1.593014 | State: STABLE
[AUM] I_Tors: 1.593031 | State: STABLE
[AUM] I_Tors: 1.593049 | State: STABLE
[AUM] I_Tors: 1.593066 | State: STABLE
[AUM] I_Tors: 1.593084 | State: STABLE
[AUM] I_Tors: 1.593101 | State: STABLE
[AUM] I_Tors: 1.593119 | State: STABLE
[AUM] I_Tors: 1.593136 | State: STABLE
[AUM] I_Tors: 1.593154 | State: STABLE
[AUM] I_Tors: 1.593171 | State: STABLE
[AUM] I_Tors: 1.593188 | State: STABLE
[AUM] I_Tors: 1.593206 | State: STABLE
[AUM] I_Tors: 1.593223 | State: STABLE
[AUM] I_Tors: 1.593240 | State: STABLE
[AUM] I_Tors: 1.593258 | State: STABLE
[AUM] I_Tors: 1.593275 | State: STABLE
[AUM] I_Tors: 1.593292 | State: STABLE
[AUM] I_Tors: 1.593310 | State: STABLE
[AUM] I_Tors: 1.593327 | State: STABLE
[AUM] I_Tors: 1.593344 | State: STABLE
[AUM] I_Tors: 1.593362 | State: STABLE
[AUM] I_Tors: 1.593379 | State: STABLE
[AUM] I_Tors: 1.593396 | State: STABLE
[AUM] I_Tors: 1.593413 | State: STABLE
[AUM] I_Tors: 1.593431 | State: STABLE
[AUM] I_Tors: 1.593448 | State: STABLE
[AUM] I_Tors: 1.593465 | State: STABLE
[AUM] I_Tors: 1.593482 | State: STABLE
[AUM] I_Tors: 1.593500 | State: STABLE
[AUM] I_Tors: 1.593517 | State: STABLE
[AUM] I_Tors: 1.593534 | State: STABLE
[AUM] I_Tors: 1.593551 | State: STABLE
[AUM] I_Tors: 1.593568 | State: STABLE
[AUM] I_Tors: 1.593585 | State: STABLE
[AUM] I_Tors: 1.593602 | State: STABLE
[AUM] I_Tors: 1.593619 | State: STABLE
[AUM] I_Tors: 1.593637 | State: STABLE
[AUM] I_Tors: 1.593654 | State: STABLE
[AUM] I_Tors: 1.593671 | State: STABLE
[AUM] I_Tors: 1.593688 | State: STABLE
[AUM] I_Tors: 1.593705 | State: STABLE
[AUM] I_Tors: 1.593722 | State: STABLE
[AUM] I_Tors: 1.593739 | State: STABLE
[AUM] I_Tors: 1.593756 | State: STABLE
[AUM] I_Tors: 1.593773 | State: STABLE
[AUM] I_Tors: 1.593790 | State: STABLE
[AUM] I_Tors: 1.593807 | State: STABLE
[AUM] I_Tors: 1.593824 | State: STABLE
[AUM] I_Tors: 1.593841 | State: STABLE
[AUM] I_Tors: 1.593858 | State: STABLE
[AUM] I_Tors: 1.593875 | State: STABLE
[AUM] I_Tors: 1.593892 | State: STABLE
[AUM] I_Tors: 1.593908 | State: STABLE
[AUM] I_Tors: 1.593925 | State: STABLE
[AUM] I_Tors: 1.593942 | State: STABLE
[AUM] I_Tors: 1.593959 | State: STABLE
[AUM] I_Tors: 1.593976 | State: STABLE
[AUM] I_Tors: 1.593993 | State: STABLE
[AUM] I_Tors: 1.594010 | State: STABLE
[AUM] I_Tors: 1.594026 | State: STABLE
[AUM] I_Tors: 1.594043 | State: STABLE
[AUM] I_Tors: 1.594060 | State: STABLE
[AUM] I_Tors: 1.594077 | State: STABLE
[AUM] I_Tors: 1.594094 | State: STABLE
[AUM] I_Tors: 1.594110 | State: STABLE
[AUM] I_Tors: 1.594127 | State: STABLE
[AUM] I_Tors: 1.594144 | State: STABLE
[AUM] I_Tors: 1.594160 | State: STABLE
[AUM] I_Tors: 1.594177 | State: STABLE
[AUM] I_Tors: 1.594194 | State: STABLE
[AUM] I_Tors: 1.594211 | State: STABLE
[AUM] I_Tors: 1.594227 | State: STABLE
[AUM] I_Tors: 1.594244 | State: STABLE
[AUM] I_Tors: 1.594261 | State: STABLE
[AUM] I_Tors: 1.594277 | State: STABLE
[AUM] I_Tors: 1.594294 | State: STABLE
[AUM] I_Tors: 1.594310 | State: STABLE
[AUM] I_Tors: 1.594327 | State: STABLE
[AUM] I_Tors: 1.594344 | State: STABLE
[AUM] I_Tors: 1.594360 | State: STABLE
[AUM] I_Tors: 1.594377 | State: STABLE
[AUM] I_Tors: 1.594393 | State: STABLE
[AUM] I_Tors: 1.594410 | State: STABLE
[AUM] I_Tors: 1.594426 | State: STABLE
[AUM] I_Tors: 1.594443 | State: STABLE
[AUM] I_Tors: 1.594460 | State: STABLE
[AUM] I_Tors: 1.594476 | State: STABLE
[AUM] I_Tors: 1.594492 | State: STABLE
[AUM] I_Tors: 1.594509 | State: STABLE
[AUM] I_Tors: 1.594525 | State: STABLE
[AUM] I_Tors: 1.594542 | State: STABLE
[AUM] I_Tors: 1.594558 | State: STABLE
[AUM] I_Tors: 1.594575 | State: STABLE
[AUM] I_Tors: 1.594591 | State: STABLE
[AUM] I_Tors: 1.594608 | State: STABLE
[AUM] I_Tors: 1.594624 | State: STABLE
[AUM] I_Tors: 1.594640 | State: STABLE
[AUM] I_Tors: 1.594657 | State: STABLE
[AUM] I_Tors: 1.594673 | State: STABLE
[AUM] I_Tors: 1.594689 | State: STABLE
[AUM] I_Tors: 1.594706 | State: STABLE
[AUM] I_Tors: 1.594722 | State: STABLE
[AUM] I_Tors: 1.594738 | State: STABLE
[AUM] I_Tors: 1.594755 | State: STABLE
[AUM] I_Tors: 1.594771 | State: STABLE
[AUM] I_Tors: 1.594787 | State: STABLE
[AUM] I_Tors: 1.594804 | State: STABLE
[AUM] I_Tors: 1.594820 | State: STABLE
[AUM] I_Tors: 1.594836 | State: STABLE
[AUM] I_Tors: 1.594852 | State: STABLE
[AUM] I_Tors: 1.594869 | State: STABLE
[AUM] I_Tors: 1.594885 | State: STABLE
[AUM] I_Tors: 1.594901 | State: STABLE
[AUM] I_Tors: 1.594917 | State: STABLE
[AUM] I_Tors: 1.594933 | State: STABLE
[AUM] I_Tors: 1.594950 | State: STABLE
[AUM] I_Tors: 1.594966 | State: STABLE
[AUM] I_Tors: 1.594982 | State: STABLE
[AUM] I_Tors: 1.594998 | State: STABLE
[AUM] I_Tors: 1.595014 | State: STABLE
[AUM] I_Tors: 1.595030 | State: STABLE
[AUM] I_Tors: 1.595046 | State: STABLE
[AUM] I_Tors: 1.595062 | State: STABLE
[AUM] I_Tors: 1.595079 | State: STABLE
[AUM] I_Tors: 1.595095 | State: STABLE
[AUM] I_Tors: 1.595111 | State: STABLE
[AUM] I_Tors: 1.595127 | State: STABLE
[AUM] I_Tors: 1.595143 | State: STABLE
[AUM] I_Tors: 1.595159 | State: STABLE
[AUM] I_Tors: 1.595175 | State: STABLE
[AUM] I_Tors: 1.595191 | State: STABLE
[AUM] I_Tors: 1.595207 | State: STABLE
[AUM] I_Tors: 1.595223 | State: STABLE
[AUM] I_Tors: 1.595239 | State: STABLE
[AUM] I_Tors: 1.595255 | State: STABLE
[AUM] I_Tors: 1.595271 | State: STABLE
[AUM] I_Tors: 1.595287 | State: STABLE
[AUM] I_Tors: 1.595302 | State: STABLE
[AUM] I_Tors: 1.595318 | State: STABLE
[AUM] I_Tors: 1.595334 | State: STABLE
[AUM] I_Tors: 1.595350 | State: STABLE
[AUM] I_Tors: 1.595366 | State: STABLE
[AUM] I_Tors: 1.595382 | State: STABLE
[AUM] I_Tors: 1.595398 | State: STABLE
[AUM] I_Tors: 1.595414 | State: STABLE
[AUM] I_Tors: 1.595429 | State: STABLE
[AUM] I_Tors: 1.595445 | State: STABLE
[AUM] I_Tors: 1.595461 | State: STABLE
[AUM] I_Tors: 1.595477 | State: STABLE
[AUM] I_Tors: 1.595493 | State: STABLE
[AUM] I_Tors: 1.595508 | State: STABLE
[AUM] I_Tors: 1.595524 | State: STABLE
[AUM] I_Tors: 1.595540 | State: STABLE
[AUM] I_Tors: 1.595556 | State: STABLE
[AUM] I_Tors: 1.595571 | State: STABLE
[AUM] I_Tors: 1.595587 | State: STABLE
[AUM] I_Tors: 1.595603 | State: STABLE
[AUM] I_Tors: 1.595619 | State: STABLE
[AUM] I_Tors: 1.595634 | State: STABLE
[AUM] I_Tors: 1.595650 | State: STABLE
[AUM] I_Tors: 1.595666 | State: STABLE
[AUM] I_Tors: 1.595681 | State: STABLE
[AUM] I_Tors: 1.595697 | State: STABLE
[AUM] I_Tors: 1.595713 | State: STABLE
[AUM] I_Tors: 1.595728 | State: STABLE
[AUM] I_Tors: 1.595744 | State: STABLE
[AUM] I_Tors: 1.595759 | State: STABLE
[AUM] I_Tors: 1.595775 | State: STABLE
[AUM] I_Tors: 1.595791 | State: STABLE
[AUM] I_Tors: 1.595806 | State: STABLE
[AUM] I_Tors: 1.595822 | State: STABLE
[AUM] I_Tors: 1.595837 | State: STABLE
[AUM] I_Tors: 1.595853 | State: STABLE
[AUM] I_Tors: 1.595868 | State: STABLE
[AUM] I_Tors: 1.595884 | State: STABLE
[AUM] I_Tors: 1.595899 | State: STABLE
[AUM] I_Tors: 1.595915 | State: STABLE
[AUM] I_Tors: 1.595930 | State: STABLE
[AUM] I_Tors: 1.595946 | State: STABLE
[AUM] I_Tors: 1.595961 | State: STABLE
[AUM] I_Tors: 1.595977 | State: STABLE
[AUM] I_Tors: 1.595992 | State: STABLE
[AUM] I_Tors: 1.596008 | State: STABLE
[AUM] I_Tors: 1.596023 | State: STABLE
[AUM] I_Tors: 1.596038 | State: STABLE
[AUM] I_Tors: 1.596054 | State: STABLE
[AUM] I_Tors: 1.596069 | State: STABLE
[AUM] I_Tors: 1.596085 | State: STABLE
[AUM] I_Tors: 1.596100 | State: STABLE
[AUM] I_Tors: 1.596115 | State: STABLE
[AUM] I_Tors: 1.596131 | State: STABLE
[AUM] I_Tors: 1.596146 | State: STABLE
[AUM] I_Tors: 1.596161 | State: STABLE
[AUM] I_Tors: 1.596177 | State: STABLE
[AUM] I_Tors: 1.596192 | State: STABLE
[AUM] I_Tors: 1.596207 | State: STABLE
[AUM] I_Tors: 1.596222 | State: STABLE
[AUM] I_Tors: 1.596238 | State: STABLE
[AUM] I_Tors: 1.596253 | State: STABLE
[AUM] I_Tors: 1.596268 | State: STABLE
[AUM] I_Tors: 1.596283 | State: STABLE
[AUM] I_Tors: 1.596299 | State: STABLE
[AUM] I_Tors: 1.596314 | State: STABLE
[AUM] I_Tors: 1.596329 | State: STABLE
[AUM] I_Tors: 1.596344 | State: STABLE
[AUM] I_Tors: 1.596360 | State: STABLE
[AUM] I_Tors: 1.596375 | State: STABLE
[AUM] I_Tors: 1.596390 | State: STABLE
[AUM] I_Tors: 1.596405 | State: STABLE
[AUM] I_Tors: 1.596420 | State: STABLE
[AUM] I_Tors: 1.596435 | State: STABLE
[AUM] I_Tors: 1.596450 | State: STABLE
[AUM] I_Tors: 1.596465 | State: STABLE
[AUM] I_Tors: 1.596481 | State: STABLE
[AUM] I_Tors: 1.596496 | State: STABLE
[AUM] I_Tors: 1.596511 | State: STABLE
[AUM] I_Tors: 1.596526 | State: STABLE
[AUM] I_Tors: 1.596541 | State: STABLE
[AUM] I_Tors: 1.596556 | State: STABLE
[AUM] I_Tors: 1.596571 | State: STABLE
[AUM] I_Tors: 1.596586 | State: STABLE
[AUM] I_Tors: 1.596601 | State: STABLE
[AUM] I_Tors: 1.596616 | State: STABLE
[AUM] I_Tors: 1.596631 | State: STABLE
[AUM] I_Tors: 1.596646 | State: STABLE
[AUM] I_Tors: 1.596661 | State: STABLE
[AUM] I_Tors: 1.596676 | State: STABLE
[AUM] I_Tors: 1.596691 | State: STABLE
[AUM] I_Tors: 1.596706 | State: STABLE
[AUM] I_Tors: 1.596721 | State: STABLE
[AUM] I_Tors: 1.596736 | State: STABLE
[AUM] I_Tors: 1.596751 | State: STABLE
[AUM] I_Tors: 1.596765 | State: STABLE
[AUM] I_Tors: 1.596780 | State: STABLE
[AUM] I_Tors: 1.596795 | State: STABLE
[AUM] I_Tors: 1.596810 | State: STABLE
[AUM] I_Tors: 1.596825 | State: STABLE
[AUM] I_Tors: 1.596840 | State: STABLE
[AUM] I_Tors: 1.596855 | State: STABLE
[AUM] I_Tors: 1.596869 | State: STABLE
[AUM] I_Tors: 1.596884 | State: STABLE
[AUM] I_Tors: 1.596899 | State: STABLE
[AUM] I_Tors: 1.596914 | State: STABLE
[AUM] I_Tors: 1.596929 | State: STABLE
[AUM] I_Tors: 1.596943 | State: STABLE
[AUM] I_Tors: 1.596958 | State: STABLE
[AUM] I_Tors: 1.596973 | State: STABLE
[AUM] I_Tors: 1.596988 | State: STABLE
[AUM] I_Tors: 1.597002 | State: STABLE
[AUM] I_Tors: 1.597017 | State: STABLE
[AUM] I_Tors: 1.597032 | State: STABLE
[AUM] I_Tors: 1.597047 | State: STABLE
[AUM] I_Tors: 1.597061 | State: STABLE
[AUM] I_Tors: 1.597076 | State: STABLE
[AUM] I_Tors: 1.597091 | State: STABLE
[AUM] I_Tors: 1.597105 | State: STABLE
[AUM] I_Tors: 1.597120 | State: STABLE
[AUM] I_Tors: 1.597135 | State: STABLE
[AUM] I_Tors: 1.597149 | State: STABLE
[AUM] I_Tors: 1.597164 | State: STABLE
[AUM] I_Tors: 1.597178 | State: STABLE
[AUM] I_Tors: 1.597193 | State: STABLE
[AUM] I_Tors: 1.597208 | State: STABLE
[AUM] I_Tors: 1.597222 | State: STABLE
[AUM] I_Tors: 1.597237 | State: STABLE
[AUM] I_Tors: 1.597251 | State: STABLE
[AUM] I_Tors: 1.597266 | State: STABLE
[AUM] I_Tors: 1.597280 | State: STABLE
[AUM] I_Tors: 1.597295 | State: STABLE
[AUM] I_Tors: 1.597309 | State: STABLE
[AUM] I_Tors: 1.597324 | State: STABLE
[AUM] I_Tors: 1.597338 | State: STABLE
[AUM] I_Tors: 1.597353 | State: STABLE
[AUM] I_Tors: 1.597367 | State: STABLE
[AUM] I_Tors: 1.597382 | State: STABLE
[AUM] I_Tors: 1.597396 | State: STABLE
[AUM] I_Tors: 1.597411 | State: STABLE
[AUM] I_Tors: 1.597425 | State: STABLE
[AUM] I_Tors: 1.597440 | State: STABLE
[AUM] I_Tors: 1.597454 | State: STABLE
[AUM] I_Tors: 1.597468 | State: STABLE
[AUM] I_Tors: 1.597483 | State: STABLE
[AUM] I_Tors: 1.597497 | State: STABLE
[AUM] I_Tors: 1.597512 | State: STABLE
[AUM] I_Tors: 1.597526 | State: STABLE
[AUM] I_Tors: 1.597540 | State: STABLE
[AUM] I_Tors: 1.597555 | State: STABLE
[AUM] I_Tors: 1.597569 | State: STABLE
[AUM] I_Tors: 1.597583 | State: STABLE
[AUM] I_Tors: 1.597598 | State: STABLE
[AUM] I_Tors: 1.597612 | State: STABLE
[AUM] I_Tors: 1.597626 | State: STABLE
[AUM] I_Tors: 1.597641 | State: STABLE
[AUM] I_Tors: 1.597655 | State: STABLE
[AUM] I_Tors: 1.597669 | State: STABLE
[AUM] I_Tors: 1.597683 | State: STABLE
[AUM] I_Tors: 1.597698 | State: STABLE
[AUM] I_Tors: 1.597712 | State: STABLE
[AUM] I_Tors: 1.597726 | State: STABLE
[AUM] I_Tors: 1.597740 | State: STABLE
[AUM] I_Tors: 1.597754 | State: STABLE
[AUM] I_Tors: 1.597769 | State: STABLE
[AUM] I_Tors: 1.597783 | State: STABLE
[AUM] I_Tors: 1.597797 | State: STABLE
[AUM] I_Tors: 1.597811 | State: STABLE
[AUM] I_Tors: 1.597825 | State: STABLE
[AUM] I_Tors: 1.597839 | State: STABLE
[AUM] I_Tors: 1.597854 | State: STABLE
[AUM] I_Tors: 1.597868 | State: STABLE
[AUM] I_Tors: 1.597882 | State: STABLE
[AUM] I_Tors: 1.597896 | State: STABLE
[AUM] I_Tors: 1.597910 | State: STABLE
[AUM] I_Tors: 1.597924 | State: STABLE
[AUM] I_Tors: 1.597938 | State: STABLE
[AUM] I_Tors: 1.597952 | State: STABLE
[AUM] I_Tors: 1.597966 | State: STABLE
[AUM] I_Tors: 1.597980 | State: STABLE
[AUM] I_Tors: 1.597994 | State: STABLE
[AUM] I_Tors: 1.598008 | State: STABLE
[AUM] I_Tors: 1.598022 | State: STABLE
[AUM] I_Tors: 1.598036 | State: STABLE
[AUM] I_Tors: 1.598050 | State: STABLE
[AUM] I_Tors: 1.598064 | State: STABLE
[AUM] I_Tors: 1.598078 | State: STABLE
[AUM] I_Tors: 1.598092 | State: STABLE
[AUM] I_Tors: 1.598106 | State: STABLE
[AUM] I_Tors: 1.598120 | State: STABLE
[AUM] I_Tors: 1.598134 | State: STABLE
[AUM] I_Tors: 1.598148 | State: STABLE
[AUM] I_Tors: 1.598162 | State: STABLE
[AUM] I_Tors: 1.598176 | State: STABLE
[AUM] I_Tors: 1.598190 | State: STABLE
[AUM] I_Tors: 1.598204 | State: STABLE
[AUM] I_Tors: 1.598218 | State: STABLE
[AUM] I_Tors: 1.598232 | State: STABLE
[AUM] I_Tors: 1.598245 | State: STABLE
[AUM] I_Tors: 1.598259 | State: STABLE
[AUM] I_Tors: 1.598273 | State: STABLE
[AUM] I_Tors: 1.598287 | State: STABLE
[AUM] I_Tors: 1.598301 | State: STABLE
[AUM] I_Tors: 1.598315 | State: STABLE
[AUM] I_Tors: 1.598328 | State: STABLE
[AUM] I_Tors: 1.598342 | State: STABLE
[AUM] I_Tors: 1.598356 | State: STABLE
[AUM] I_Tors: 1.598370 | State: STABLE
[AUM] I_Tors: 1.598384 | State: STABLE
[AUM] I_Tors: 1.598397 | State: STABLE
[AUM] I_Tors: 1.598411 | State: STABLE
[AUM] I_Tors: 1.598425 | State: STABLE
[AUM] I_Tors: 1.598438 | State: STABLE
[AUM] I_Tors: 1.598452 | State: STABLE
[AUM] I_Tors: 1.598466 | State: STABLE
[AUM] I_Tors: 1.598480 | State: STABLE
[AUM] I_Tors: 1.598493 | State: STABLE
[AUM] I_Tors: 1.598507 | State: STABLE
[AUM] I_Tors: 1.598521 | State: STABLE
[AUM] I_Tors: 1.598534 | State: STABLE
[AUM] I_Tors: 1.598548 | State: STABLE
[AUM] I_Tors: 1.598562 | State: STABLE
[AUM] I_Tors: 1.598575 | State: STABLE
[AUM] I_Tors: 1.598589 | State: STABLE
[AUM] I_Tors: 1.598602 | State: STABLE
[AUM] I_Tors: 1.598616 | State: STABLE
[AUM] I_Tors: 1.598630 | State: STABLE
[AUM] I_Tors: 1.598643 | State: STABLE
[AUM] I_Tors: 1.598657 | State: STABLE
[AUM] I_Tors: 1.598670 | State: STABLE
[AUM] I_Tors: 1.598684 | State: STABLE
[AUM] I_Tors: 1.598697 | State: STABLE
[AUM] I_Tors: 1.598711 | State: STABLE
[AUM] I_Tors: 1.598725 | State: STABLE
[AUM] I_Tors: 1.598738 | State: STABLE
[AUM] I_Tors: 1.598752 | State: STABLE
[AUM] I_Tors: 1.598765 | State: STABLE
[AUM] I_Tors: 1.598779 | State: STABLE
[AUM] I_Tors: 1.598792 | State: STABLE
[AUM] I_Tors: 1.598805 | State: STABLE
[AUM] I_Tors: 1.598819 | State: STABLE
[AUM] I_Tors: 1.598832 | State: STABLE
[AUM] I_Tors: 1.598846 | State: STABLE
[AUM] I_Tors: 1.598859 | State: STABLE
[AUM] I_Tors: 1.598873 | State: STABLE
[AUM] I_Tors: 1.598886 | State: STABLE
[AUM] I_Tors: 1.598900 | State: STABLE
[AUM] I_Tors: 1.598913 | State: STABLE
[AUM] I_Tors: 1.598926 | State: STABLE
[AUM] I_Tors: 1.598940 | State: STABLE
[AUM] I_Tors: 1.598953 | State: STABLE
[AUM] I_Tors: 1.598966 | State: STABLE
[AUM] I_Tors: 1.598980 | State: STABLE
[AUM] I_Tors: 1.598993 | State: STABLE
[AUM] I_Tors: 1.599006 | State: STABLE
[AUM] I_Tors: 1.599020 | State: STABLE
[AUM] I_Tors: 1.599033 | State: STABLE
[AUM] I_Tors: 1.599046 | State: STABLE
[AUM] I_Tors: 1.599060 | State: STABLE
[AUM] I_Tors: 1.599073 | State: STABLE
[AUM] I_Tors: 1.599086 | State: STABLE
[AUM] I_Tors: 1.599099 | State: STABLE
[AUM] I_Tors: 1.599113 | State: STABLE
[AUM] I_Tors: 1.599126 | State: STABLE
[AUM] I_Tors: 1.599139 | State: STABLE
[AUM] I_Tors: 1.599152 | State: STABLE
[AUM] I_Tors: 1.599166 | State: STABLE
[AUM] I_Tors: 1.599179 | State: STABLE
[AUM] I_Tors: 1.599192 | State: STABLE
[AUM] I_Tors: 1.599205 | State: STABLE
[AUM] I_Tors: 1.599218 | State: STABLE
[AUM] I_Tors: 1.599232 | State: STABLE
[AUM] I_Tors: 1.599245 | State: STABLE
[AUM] I_Tors: 1.599258 | State: STABLE
[AUM] I_Tors: 1.599271 | State: STABLE
[AUM] I_Tors: 1.599284 | State: STABLE
[AUM] I_Tors: 1.599297 | State: STABLE
[AUM] I_Tors: 1.599310 | State: STABLE
[AUM] I_Tors: 1.599324 | State: STABLE
[AUM] I_Tors: 1.599337 | State: STABLE
[AUM] I_Tors: 1.599350 | State: STABLE
[AUM] I_Tors: 1.599363 | State: STABLE
[AUM] I_Tors: 1.599376 | State: STABLE
[AUM] I_Tors: 1.599389 | State: STABLE
[AUM] I_Tors: 1.599402 | State: STABLE
[AUM] I_Tors: 1.599415 | State: STABLE
[AUM] I_Tors: 1.599428 | State: STABLE
[AUM] I_Tors: 1.599441 | State: STABLE
[AUM] I_Tors: 1.599454 | State: STABLE
[AUM] I_Tors: 1.599467 | State: STABLE
[AUM] I_Tors: 1.599480 | State: STABLE
[AUM] I_Tors: 1.599493 | State: STABLE
[AUM] I_Tors: 1.599506 | State: STABLE
[AUM] I_Tors: 1.599519 | State: STABLE
[AUM] I_Tors: 1.599532 | State: STABLE
[AUM] I_Tors: 1.599545 | State: STABLE
[AUM] I_Tors: 1.599558 | State: STABLE
[AUM] I_Tors: 1.599571 | State: STABLE
[AUM] I_Tors: 1.599584 | State: STABLE
[AUM] I_Tors: 1.599597 | State: STABLE
[AUM] I_Tors: 1.599610 | State: STABLE
[AUM] I_Tors: 1.599622 | State: STABLE
[AUM] I_Tors: 1.599635 | State: STABLE
[AUM] I_Tors: 1.599648 | State: STABLE
[AUM] I_Tors: 1.599661 | State: STABLE
[AUM] I_Tors: 1.599674 | State: STABLE
[AUM] I_Tors: 1.599687 | State: STABLE
[AUM] I_Tors: 1.599700 | State: STABLE
[AUM] I_Tors: 1.599712 | State: STABLE
[AUM] I_Tors: 1.599725 | State: STABLE
[AUM] I_Tors: 1.599738 | State: STABLE
[AUM] I_Tors: 1.599751 | State: STABLE
[AUM] I_Tors: 1.599764 | State: STABLE
[AUM] I_Tors: 1.599776 | State: STABLE
[AUM] I_Tors: 1.599789 | State: STABLE
[AUM] I_Tors: 1.599802 | State: STABLE
[AUM] I_Tors: 1.599815 | State: STABLE
[AUM] I_Tors: 1.599828 | State: STABLE
[AUM] I_Tors: 1.599840 | State: STABLE
[AUM] I_Tors: 1.599853 | State: STABLE
[AUM] I_Tors: 1.599866 | State: STABLE
[AUM] I_Tors: 1.599878 | State: STABLE
[AUM] I_Tors: 1.599891 | State: STABLE
[AUM] I_Tors: 1.599904 | State: STABLE
[AUM] I_Tors: 1.599917 | State: STABLE
[AUM] I_Tors: 1.599929 | State: STABLE
[AUM] I_Tors: 1.599942 | State: STABLE
[AUM] I_Tors: 1.599955 | State: STABLE
[AUM] I_Tors: 1.599967 | State: STABLE
[AUM] I_Tors: 1.599980 | State: STABLE
[AUM] I_Tors: 1.599993 | State: STABLE
[AUM] I_Tors: 1.600005 | State: STABLE
[AUM] I_Tors: 1.600018 | State: STABLE
[AUM] I_Tors: 1.600030 | State: STABLE
[AUM] I_Tors: 1.600043 | State: STABLE
[AUM] I_Tors: 1.600056 | State: STABLE
[AUM] I_Tors: 1.600068 | State: STABLE
[AUM] I_Tors: 1.600081 | State: STABLE
[AUM] I_Tors: 1.600093 | State: STABLE
[AUM] I_Tors: 1.600106 | State: STABLE
[AUM] I_Tors: 1.600118 | State: STABLE
[AUM] I_Tors: 1.600131 | State: STABLE
[AUM] I_Tors: 1.600144 | State: STABLE
[AUM] I_Tors: 1.600156 | State: STABLE
[AUM] I_Tors: 1.600169 | State: STABLE
[AUM] I_Tors: 1.600181 | State: STABLE
[AUM] I_Tors: 1.600194 | State: STABLE
[AUM] I_Tors: 1.600206 | State: STABLE
[AUM] I_Tors: 1.600219 | State: STABLE
[AUM] I_Tors: 1.600231 | State: STABLE
[AUM] I_Tors: 1.600243 | State: STABLE
[AUM] I_Tors: 1.600256 | State: STABLE
[AUM] I_Tors: 1.600268 | State: STABLE
[AUM] I_Tors: 1.600281 | State: STABLE
[AUM] I_Tors: 1.600293 | State: STABLE
[AUM] I_Tors: 1.600306 | State: STABLE
[AUM] I_Tors: 1.600318 | State: STABLE
[AUM] I_Tors: 1.600330 | State: STABLE
[AUM] I_Tors: 1.600343 | State: STABLE
[AUM] I_Tors: 1.600355 | State: STABLE
[AUM] I_Tors: 1.600368 | State: STABLE
[AUM] I_Tors: 1.600380 | State: STABLE
[AUM] I_Tors: 1.600392 | State: STABLE
[AUM] I_Tors: 1.600405 | State: STABLE
[AUM] I_Tors: 1.600417 | State: STABLE
[AUM] I_Tors: 1.600429 | State: STABLE
[AUM] I_Tors: 1.600442 | State: STABLE
[AUM] I_Tors: 1.600454 | State: STABLE
[AUM] I_Tors: 1.600466 | State: STABLE
[AUM] I_Tors: 1.600479 | State: STABLE
[AUM] I_Tors: 1.600491 | State: STABLE
[AUM] I_Tors: 1.600503 | State: STABLE
[AUM] I_Tors: 1.600515 | State: STABLE
[AUM] I_Tors: 1.600528 | State: STABLE
[AUM] I_Tors: 1.600540 | State: STABLE
[AUM] I_Tors: 1.600552 | State: STABLE
[AUM] I_Tors: 1.600564 | State: STABLE
[AUM] I_Tors: 1.600577 | State: STABLE
[AUM] I_Tors: 1.600589 | State: STABLE
[AUM] I_Tors: 1.600601 | State: STABLE
[AUM] I_Tors: 1.600613 | State: STABLE
[AUM] I_Tors: 1.600625 | State: STABLE
[AUM] I_Tors: 1.600638 | State: STABLE
[AUM] I_Tors: 1.600650 | State: STABLE
[AUM] I_Tors: 1.600662 | State: STABLE
[AUM] I_Tors: 1.600674 | State: STABLE
[AUM] I_Tors: 1.600686 | State: STABLE
[AUM] I_Tors: 1.600698 | State: STABLE
[AUM] I_Tors: 1.600711 | State: STABLE
[AUM] I_Tors: 1.600723 | State: STABLE
[AUM] I_Tors: 1.600735 | State: STABLE
[AUM] I_Tors: 1.600747 | State: STABLE
[AUM] I_Tors: 1.600759 | State: STABLE
[AUM] I_Tors: 1.600771 | State: STABLE
[AUM] I_Tors: 1.600783 | State: STABLE
[AUM] I_Tors: 1.600795 | State: STABLE
[AUM] I_Tors: 1.600807 | State: STABLE
[AUM] I_Tors: 1.600819 | State: STABLE
[AUM] I_Tors: 1.600831 | State: STABLE
[AUM] I_Tors: 1.600844 | State: STABLE
[AUM] I_Tors: 1.600856 | State: STABLE
[AUM] I_Tors: 1.600868 | State: STABLE
[AUM] I_Tors: 1.600880 | State: STABLE
[AUM] I_Tors: 1.600892 | State: STABLE
[AUM] I_Tors: 1.600904 | State: STABLE
[AUM] I_Tors: 1.600916 | State: STABLE
[AUM] I_Tors: 1.600928 | State: STABLE
[AUM] I_Tors: 1.600940 | State: STABLE
[AUM] I_Tors: 1.600952 | State: STABLE
[AUM] I_Tors: 1.600963 | State: STABLE
[AUM] I_Tors: 1.600975 | State: STABLE
[AUM] I_Tors: 1.600987 | State: STABLE
[AUM] I_Tors: 1.600999 | State: STABLE
[AUM] I_Tors: 1.601011 | State: STABLE
[AUM] I_Tors: 1.601023 | State: STABLE
[AUM] I_Tors: 1.601035 | State: STABLE
[AUM] I_Tors: 1.601047 | State: STABLE
[AUM] I_Tors: 1.601059 | State: STABLE
[AUM] I_Tors: 1.601071 | State: STABLE
[AUM] I_Tors: 1.601083 | State: STABLE
[AUM] I_Tors: 1.601094 | State: STABLE
[AUM] I_Tors: 1.601106 | State: STABLE
[AUM] I_Tors: 1.601118 | State: STABLE
[AUM] I_Tors: 1.601130 | State: STABLE
[AUM] I_Tors: 1.601142 | State: STABLE
[AUM] I_Tors: 1.601154 | State: STABLE
[AUM] I_Tors: 1.601165 | State: STABLE
[AUM] I_Tors: 1.601177 | State: STABLE
[AUM] I_Tors: 1.601189 | State: STABLE
[AUM] I_Tors: 1.601201 | State: STABLE
[AUM] I_Tors: 1.601213 | State: STABLE
[AUM] I_Tors: 1.601224 | State: STABLE
[AUM] I_Tors: 1.601236 | State: STABLE
[AUM] I_Tors: 1.601248 | State: STABLE
[AUM] I_Tors: 1.601260 | State: STABLE
[AUM] I_Tors: 1.601271 | State: STABLE
[AUM] I_Tors: 1.601283 | State: STABLE
[AUM] I_Tors: 1.601295 | State: STABLE
[AUM] I_Tors: 1.601307 | State: STABLE
[AUM] I_Tors: 1.601318 | State: STABLE
[AUM] I_Tors: 1.601330 | State: STABLE
[AUM] I_Tors: 1.601342 | State: STABLE
[AUM] I_Tors: 1.601353 | State: STABLE
[AUM] I_Tors: 1.601365 | State: STABLE
[AUM] I_Tors: 1.601377 | State: STABLE
[AUM] I_Tors: 1.601388 | State: STABLE
[AUM] I_Tors: 1.601400 | State: STABLE
[AUM] I_Tors: 1.601412 | State: STABLE
[AUM] I_Tors: 1.601423 | State: STABLE
[AUM] I_Tors: 1.601435 | State: STABLE
[AUM] I_Tors: 1.601447 | State: STABLE
[AUM] I_Tors: 1.601458 | State: STABLE
[AUM] I_Tors: 1.601470 | State: STABLE
[AUM] I_Tors: 1.601481 | State: STABLE
[AUM] I_Tors: 1.601493 | State: STABLE
[AUM] I_Tors: 1.601505 | State: STABLE
[AUM] I_Tors: 1.601516 | State: STABLE
[AUM] I_Tors: 1.601528 | State: STABLE
[AUM] I_Tors: 1.601539 | State: STABLE
[AUM] I_Tors: 1.601551 | State: STABLE
[AUM] I_Tors: 1.601562 | State: STABLE
[AUM] I_Tors: 1.601574 | State: STABLE
[AUM] I_Tors: 1.601585 | State: STABLE
[AUM] I_Tors: 1.601597 | State: STABLE
[AUM] I_Tors: 1.601608 | State: STABLE
[AUM] I_Tors: 1.601620 | State: STABLE
[AUM] I_Tors: 1.601631 | State: STABLE
[AUM] I_Tors: 1.601643 | State: STABLE
[AUM] I_Tors: 1.601654 | State: STABLE
[AUM] I_Tors: 1.601666 | State: STABLE
[AUM] I_Tors: 1.601677 | State: STABLE
[AUM] I_Tors: 1.601689 | State: STABLE
[AUM] I_Tors: 1.601700 | State: STABLE
[AUM] I_Tors: 1.601712 | State: STABLE
[AUM] I_Tors: 1.601723 | State: STABLE
[AUM] I_Tors: 1.601734 | State: STABLE
[AUM] I_Tors: 1.601746 | State: STABLE
[AUM] I_Tors: 1.601757 | State: STABLE
[AUM] I_Tors: 1.601769 | State: STABLE
[AUM] I_Tors: 1.601780 | State: STABLE
[AUM] I_Tors: 1.601791 | State: STABLE
[AUM] I_Tors: 1.601803 | State: STABLE
[AUM] I_Tors: 1.601814 | State: STABLE
[AUM] I_Tors: 1.601826 | State: STABLE
[AUM] I_Tors: 1.601837 | State: STABLE
[AUM] I_Tors: 1.601848 | State: STABLE
[AUM] I_Tors: 1.601860 | State: STABLE
[AUM] I_Tors: 1.601871 | State: STABLE
[AUM] I_Tors: 1.601882 | State: STABLE
[AUM] I_Tors: 1.601893 | State: STABLE
[AUM] I_Tors: 1.601905 | State: STABLE
[AUM] I_Tors: 1.601916 | State: STABLE
[AUM] I_Tors: 1.601927 | State: STABLE
[AUM] I_Tors: 1.601939 | State: STABLE
[AUM] I_Tors: 1.601950 | State: STABLE
[AUM] I_Tors: 1.601961 | State: STABLE
[AUM] I_Tors: 1.601972 | State: STABLE
[AUM] I_Tors: 1.601984 | State: STABLE
[AUM] I_Tors: 1.601995 | State: STABLE
[AUM] I_Tors: 1.602006 | State: STABLE
[AUM] I_Tors: 1.602017 | State: STABLE
[AUM] I_Tors: 1.602029 | State: STABLE
[AUM] I_Tors: 1.602040 | State: STABLE
[AUM] I_Tors: 1.602051 | State: STABLE
[AUM] I_Tors: 1.602062 | State: STABLE
[AUM] I_Tors: 1.602073 | State: STABLE
[AUM] I_Tors: 1.602084 | State: STABLE
[AUM] I_Tors: 1.602096 | State: STABLE
[AUM] I_Tors: 1.602107 | State: STABLE
[AUM] I_Tors: 1.602118 | State: STABLE
[AUM] I_Tors: 1.602129 | State: STABLE
[AUM] I_Tors: 1.602140 | State: STABLE
[AUM] I_Tors: 1.602151 | State: STABLE
[AUM] I_Tors: 1.602162 | State: STABLE
[AUM] I_Tors: 1.602174 | State: STABLE
[AUM] I_Tors: 1.602185 | State: STABLE
[AUM] I_Tors: 1.602196 | State: STABLE
[AUM] I_Tors: 1.602207 | State: STABLE
[AUM] I_Tors: 1.602218 | State: STABLE
[AUM] I_Tors: 1.602229 | State: STABLE
[AUM] I_Tors: 1.602240 | State: STABLE
[AUM] I_Tors: 1.602251 | State: STABLE
[AUM] I_Tors: 1.602262 | State: STABLE
[AUM] I_Tors: 1.602273 | State: STABLE
[AUM] I_Tors: 1.602284 | State: STABLE
[AUM] I_Tors: 1.602295 | State: STABLE
[AUM] I_Tors: 1.602306 | State: STABLE
[AUM] I_Tors: 1.602317 | State: STABLE
[AUM] I_Tors: 1.602328 | State: STABLE
[AUM] I_Tors: 1.602339 | State: STABLE
[AUM] I_Tors: 1.602350 | State: STABLE
[AUM] I_Tors: 1.602361 | State: STABLE
[AUM] I_Tors: 1.602372 | State: STABLE
[AUM] I_Tors: 1.602383 | State: STABLE
[AUM] I_Tors: 1.602394 | State: STABLE
[AUM] I_Tors: 1.602405 | State: STABLE
[AUM] I_Tors: 1.602416 | State: STABLE
[AUM] I_Tors: 1.602427 | State: STABLE
[AUM] I_Tors: 1.602438 | State: STABLE
[AUM] I_Tors: 1.602449 | State: STABLE
[AUM] I_Tors: 1.602460 | State: STABLE
[AUM] I_Tors: 1.602471 | State: STABLE
[AUM] I_Tors: 1.602482 | State: STABLE
[AUM] I_Tors: 1.602492 | State: STABLE
[AUM] I_Tors: 1.602503 | State: STABLE
[AUM] I_Tors: 1.602514 | State: STABLE
[AUM] I_Tors: 1.602525 | State: STABLE
[AUM] I_Tors: 1.602536 | State: STABLE
[AUM] I_Tors: 1.602547 | State: STABLE
[AUM] I_Tors: 1.602558 | State: STABLE
[AUM] I_Tors: 1.602568 | State: STABLE
[AUM] I_Tors: 1.602579 | State: STABLE
[AUM] I_Tors: 1.602590 | State: STABLE
[AUM] I_Tors: 1.602601 | State: STABLE
[AUM] I_Tors: 1.602612 | State: STABLE
[AUM] I_Tors: 1.602622 | State: STABLE
[AUM] I_Tors: 1.602633 | State: STABLE
[AUM] I_Tors: 1.602644 | State: STABLE
[AUM] I_Tors: 1.602655 | State: STABLE
[AUM] I_Tors: 1.602666 | State: STABLE
[AUM] I_Tors: 1.602676 | State: STABLE
[AUM] I_Tors: 1.602687 | State: STABLE
[AUM] I_Tors: 1.602698 | State: STABLE
[AUM] I_Tors: 1.602709 | State: STABLE
[AUM] I_Tors: 1.602719 | State: STABLE
[AUM] I_Tors: 1.602730 | State: STABLE
[AUM] I_Tors: 1.602741 | State: STABLE
[AUM] I_Tors: 1.602751 | State: STABLE
[AUM] I_Tors: 1.602762 | State: STABLE
[AUM] I_Tors: 1.602773 | State: STABLE
[AUM] I_Tors: 1.602783 | State: STABLE
[AUM] I_Tors: 1.602794 | State: STABLE
[AUM] I_Tors: 1.602805 | State: STABLE
[AUM] I_Tors: 1.602815 | State: STABLE
[AUM] I_Tors: 1.602826 | State: STABLE
[AUM] I_Tors: 1.602837 | State: STABLE
[AUM] I_Tors: 1.602847 | State: STABLE
[AUM] I_Tors: 1.602858 | State: STABLE
[AUM] I_Tors: 1.602869 | State: STABLE
[AUM] I_Tors: 1.602879 | State: STABLE
[AUM] I_Tors: 1.602890 | State: STABLE
[AUM] I_Tors: 1.602901 | State: STABLE
[AUM] I_Tors: 1.602911 | State: STABLE
[AUM] I_Tors: 1.602922 | State: STABLE
[AUM] I_Tors: 1.602932 | State: STABLE
[AUM] I_Tors: 1.602943 | State: STABLE
[AUM] I_Tors: 1.602953 | State: STABLE
[AUM] I_Tors: 1.602964 | State: STABLE
[AUM] I_Tors: 1.602975 | State: STABLE
[AUM] I_Tors: 1.602985 | State: STABLE
[AUM] I_Tors: 1.602996 | State: STABLE
[AUM] I_Tors: 1.603006 | State: STABLE
[AUM] I_Tors: 1.603017 | State: STABLE
[AUM] I_Tors: 1.603027 | State: STABLE
[AUM] I_Tors: 1.603038 | State: STABLE
[AUM] I_Tors: 1.603048 | State: STABLE
[AUM] I_Tors: 1.603059 | State: STABLE
[AUM] I_Tors: 1.603069 | State: STABLE
[AUM] I_Tors: 1.603080 | State: STABLE
[AUM] I_Tors: 1.603090 | State: STABLE
[AUM] I_Tors: 1.603101 | State: STABLE
[AUM] I_Tors: 1.603111 | State: STABLE
[AUM] I_Tors: 1.603121 | State: STABLE
[AUM] I_Tors: 1.603132 | State: STABLE
[AUM] I_Tors: 1.603142 | State: STABLE
[AUM] I_Tors: 1.603153 | State: STABLE
[AUM] I_Tors: 1.603163 | State: STABLE
[AUM] I_Tors: 1.603174 | State: STABLE
[AUM] I_Tors: 1.603184 | State: STABLE
[AUM] I_Tors: 1.603194 | State: STABLE
[AUM] I_Tors: 1.603205 | State: STABLE
[AUM] I_Tors: 1.603215 | State: STABLE
[AUM] I_Tors: 1.603225 | State: STABLE
[AUM] I_Tors: 1.603236 | State: STABLE
[AUM] I_Tors: 1.603246 | State: STABLE
[AUM] I_Tors: 1.603257 | State: STABLE
[AUM] I_Tors: 1.603267 | State: STABLE
[AUM] I_Tors: 1.603277 | State: STABLE
[AUM] I_Tors: 1.603288 | State: STABLE
[AUM] I_Tors: 1.603298 | State: STABLE
[AUM] I_Tors: 1.603308 | State: STABLE
[AUM] I_Tors: 1.603319 | State: STABLE
[AUM] I_Tors: 1.603329 | State: STABLE
[AUM] I_Tors: 1.603339 | State: STABLE
[AUM] I_Tors: 1.603349 | State: STABLE
[AUM] I_Tors: 1.603360 | State: STABLE
[AUM] I_Tors: 1.603370 | State: STABLE
[AUM] I_Tors: 1.603380 | State: STABLE
[AUM] I_Tors: 1.603390 | State: STABLE
[AUM] I_Tors: 1.603401 | State: STABLE
[AUM] I_Tors: 1.603411 | State: STABLE
[AUM] I_Tors: 1.603421 | State: STABLE
[AUM] I_Tors: 1.603431 | State: STABLE
[AUM] I_Tors: 1.603442 | State: STABLE
[AUM] I_Tors: 1.603452 | State: STABLE
[AUM] I_Tors: 1.603462 | State: STABLE
[AUM] I_Tors: 1.603472 | State: STABLE
[AUM] I_Tors: 1.603482 | State: STABLE
[AUM] I_Tors: 1.603493 | State: STABLE
[AUM] I_Tors: 1.603503 | State: STABLE
[AUM] I_Tors: 1.603513 | State: STABLE
[AUM] I_Tors: 1.603523 | State: STABLE
[AUM] I_Tors: 1.603533 | State: STABLE
[AUM] I_Tors: 1.603543 | State: STABLE
[AUM] I_Tors: 1.603554 | State: STABLE
[AUM] I_Tors: 1.603564 | State: STABLE
[AUM] I_Tors: 1.603574 | State: STABLE
[AUM] I_Tors: 1.603584 | State: STABLE
[AUM] I_Tors: 1.603594 | State: STABLE
[AUM] I_Tors: 1.603604 | State: STABLE
[AUM] I_Tors: 1.603614 | State: STABLE
[AUM] I_Tors: 1.603624 | State: STABLE
[AUM] I_Tors: 1.603635 | State: STABLE
[AUM] I_Tors: 1.603645 | State: STABLE
[AUM] I_Tors: 1.603655 | State: STABLE
[AUM] I_Tors: 1.603665 | State: STABLE
[AUM] I_Tors: 1.603675 | State: STABLE
[AUM] I_Tors: 1.603685 | State: STABLE
[AUM] I_Tors: 1.603695 | State: STABLE
[AUM] I_Tors: 1.603705 | State: STABLE
[AUM] I_Tors: 1.603715 | State: STABLE
[AUM] I_Tors: 1.603725 | State: STABLE
[AUM] I_Tors: 1.603735 | State: STABLE
[AUM] I_Tors: 1.603745 | State: STABLE
[AUM] I_Tors: 1.603755 | State: STABLE
[AUM] I_Tors: 1.603765 | State: STABLE
[AUM] I_Tors: 1.603775 | State: STABLE
[AUM] I_Tors: 1.603785 | State: STABLE
[AUM] I_Tors: 1.603795 | State: STABLE
[AUM] I_Tors: 1.603805 | State: STABLE
[AUM] I_Tors: 1.603815 | State: STABLE
[AUM] I_Tors: 1.603825 | State: STABLE
[AUM] I_Tors: 1.603835 | State: STABLE
[AUM] I_Tors: 1.603845 | State: STABLE
[AUM] I_Tors: 1.603855 | State: STABLE
[AUM] I_Tors: 1.603865 | State: STABLE
[AUM] I_Tors: 1.603874 | State: STABLE
[AUM] I_Tors: 1.603884 | State: STABLE
[AUM] I_Tors: 1.603894 | State: STABLE
[AUM] I_Tors: 1.603904 | State: STABLE
[AUM] I_Tors: 1.603914 | State: STABLE
[AUM] I_Tors: 1.603924 | State: STABLE
[AUM] I_Tors: 1.603934 | State: STABLE
[AUM] I_Tors: 1.603944 | State: STABLE
[AUM] I_Tors: 1.603954 | State: STABLE
[AUM] I_Tors: 1.603963 | State: STABLE
[AUM] I_Tors: 1.603973 | State: STABLE
[AUM] I_Tors: 1.603983 | State: STABLE
[AUM] I_Tors: 1.603993 | State: STABLE
[AUM] I_Tors: 1.604003 | State: STABLE
[AUM] I_Tors: 1.604013 | State: STABLE
[AUM] I_Tors: 1.604022 | State: STABLE
[AUM] I_Tors: 1.604032 | State: STABLE
[AUM] I_Tors: 1.604042 | State: STABLE
[AUM] I_Tors: 1.604052 | State: STABLE
[AUM] I_Tors: 1.604062 | State: STABLE
[AUM] I_Tors: 1.604071 | State: STABLE
[AUM] I_Tors: 1.604081 | State: STABLE
[AUM] I_Tors: 1.604091 | State: STABLE
[AUM] I_Tors: 1.604101 | State: STABLE
[AUM] I_Tors: 1.604110 | State: STABLE
[AUM] I_Tors: 1.604120 | State: STABLE
[AUM] I_Tors: 1.604130 | State: STABLE
[AUM] I_Tors: 1.604140 | State: STABLE
[AUM] I_Tors: 1.604149 | State: STABLE
[AUM] I_Tors: 1.604159 | State: STABLE
[AUM] I_Tors: 1.604169 | State: STABLE
[AUM] I_Tors: 1.604179 | State: STABLE
[AUM] I_Tors: 1.604188 | State: STABLE
[AUM] I_Tors: 1.604198 | State: STABLE
[AUM] I_Tors: 1.604208 | State: STABLE
[AUM] I_Tors: 1.604217 | State: STABLE
[AUM] I_Tors: 1.604227 | State: STABLE
[AUM] I_Tors: 1.604237 | State: STABLE
[AUM] I_Tors: 1.604246 | State: STABLE
[AUM] I_Tors: 1.604256 | State: STABLE
[AUM] I_Tors: 1.604266 | State: STABLE
[AUM] I_Tors: 1.604275 | State: STABLE
[AUM] I_Tors: 1.604285 | State: STABLE
[AUM] I_Tors: 1.604294 | State: STABLE
[AUM] I_Tors: 1.604304 | State: STABLE
[AUM] I_Tors: 1.604314 | State: STABLE
[AUM] I_Tors: 1.604323 | State: STABLE
[AUM] I_Tors: 1.604333 | State: STABLE
[AUM] I_Tors: 1.604342 | State: STABLE
[AUM] I_Tors: 1.604352 | State: STABLE
[AUM] I_Tors: 1.604362 | State: STABLE
[AUM] I_Tors: 1.604371 | State: STABLE
[AUM] I_Tors: 1.604381 | State: STABLE
[AUM] I_Tors: 1.604390 | State: STABLE
[AUM] I_Tors: 1.604400 | State: STABLE
[AUM] I_Tors: 1.604409 | State: STABLE
[AUM] I_Tors: 1.604419 | State: STABLE
[AUM] I_Tors: 1.604429 | State: STABLE
[AUM] I_Tors: 1.604438 | State: STABLE
[AUM] I_Tors: 1.604448 | State: STABLE
[AUM] I_Tors: 1.604457 | State: STABLE
[AUM] I_Tors: 1.604467 | State: STABLE
[AUM] I_Tors: 1.604476 | State: STABLE
[AUM] I_Tors: 1.604486 | State: STABLE
[AUM] I_Tors: 1.604495 | State: STABLE
[AUM] I_Tors: 1.604505 | State: STABLE
[AUM] I_Tors: 1.604514 | State: STABLE
[AUM] I_Tors: 1.604523 | State: STABLE
[AUM] I_Tors: 1.604533 | State: STABLE
[AUM] I_Tors: 1.604542 | State: STABLE
[AUM] I_Tors: 1.604552 | State: STABLE
[AUM] I_Tors: 1.604561 | State: STABLE
[AUM] I_Tors: 1.604571 | State: STABLE
[AUM] I_Tors: 1.604580 | State: STABLE
[AUM] I_Tors: 1.604590 | State: STABLE
[AUM] I_Tors: 1.604599 | State: STABLE
[AUM] I_Tors: 1.604608 | State: STABLE
[AUM] I_Tors: 1.604618 | State: STABLE
[AUM] I_Tors: 1.604627 | State: STABLE
[AUM] I_Tors: 1.604637 | State: STABLE
[AUM] I_Tors: 1.604646 | State: STABLE
[AUM] I_Tors: 1.604655 | State: STABLE
[AUM] I_Tors: 1.604665 | State: STABLE
[AUM] I_Tors: 1.604674 | State: STABLE
[AUM] I_Tors: 1.604683 | State: STABLE
[AUM] I_Tors: 1.604693 | State: STABLE
[AUM] I_Tors: 1.604702 | State: STABLE
[AUM] I_Tors: 1.604711 | State: STABLE
[AUM] I_Tors: 1.604721 | State: STABLE
[AUM] I_Tors: 1.604730 | State: STABLE
[AUM] I_Tors: 1.604739 | State: STABLE
[AUM] I_Tors: 1.604749 | State: STABLE
[AUM] I_Tors: 1.604758 | State: STABLE
[AUM] I_Tors: 1.604767 | State: STABLE
[AUM] I_Tors: 1.604776 | State: STABLE
[AUM] I_Tors: 1.604786 | State: STABLE
[AUM] I_Tors: 1.604795 | State: STABLE
[AUM] I_Tors: 1.604804 | State: STABLE
[AUM] I_Tors: 1.604814 | State: STABLE
[AUM] I_Tors: 1.604823 | State: STABLE
[AUM] I_Tors: 1.604832 | State: STABLE
[AUM] I_Tors: 1.604841 | State: STABLE
[AUM] I_Tors: 1.604851 | State: STABLE
[AUM] I_Tors: 1.604860 | State: STABLE
[AUM] I_Tors: 1.604869 | State: STABLE
[AUM] I_Tors: 1.604878 | State: STABLE
[AUM] I_Tors: 1.604887 | State: STABLE
[AUM] I_Tors: 1.604897 | State: STABLE
[AUM] I_Tors: 1.604906 | State: STABLE
[AUM] I_Tors: 1.604915 | State: STABLE
[AUM] I_Tors: 1.604924 | State: STABLE
[AUM] I_Tors: 1.604933 | State: STABLE
[AUM] I_Tors: 1.604943 | State: STABLE
[AUM] I_Tors: 1.604952 | State: STABLE
[AUM] I_Tors: 1.604961 | State: STABLE
[AUM] I_Tors: 1.604970 | State: STABLE
[AUM] I_Tors: 1.604979 | State: STABLE
[AUM] I_Tors: 1.604988 | State: STABLE
[AUM] I_Tors: 1.604997 | State: STABLE
[AUM] I_Tors: 1.605007 | State: STABLE
[AUM] I_Tors: 1.605016 | State: STABLE
[AUM] I_Tors: 1.605025 | State: STABLE
[AUM] I_Tors: 1.605034 | State: STABLE
[AUM] I_Tors: 1.605043 | State: STABLE
[AUM] I_Tors: 1.605052 | State: STABLE
[AUM] I_Tors: 1.605061 | State: STABLE
[AUM] I_Tors: 1.605070 | State: STABLE
[AUM] I_Tors: 1.605079 | State: STABLE
[AUM] I_Tors: 1.605088 | State: STABLE
[AUM] I_Tors: 1.605097 | State: STABLE
[AUM] I_Tors: 1.605107 | State: STABLE
[AUM] I_Tors: 1.605116 | State: STABLE
[AUM] I_Tors: 1.605125 | State: STABLE
[AUM] I_Tors: 1.605134 | State: STABLE
[AUM] I_Tors: 1.605143 | State: STABLE
[AUM] I_Tors: 1.605152 | State: STABLE
[AUM] I_Tors: 1.605161 | State: STABLE
[AUM] I_Tors: 1.605170 | State: STABLE
[AUM] I_Tors: 1.605179 | State: STABLE
[AUM] I_Tors: 1.605188 | State: STABLE
[AUM] I_Tors: 1.605197 | State: STABLE
[AUM] I_Tors: 1.605206 | State: STABLE
[AUM] I_Tors: 1.605215 | State: STABLE
[AUM] I_Tors: 1.605224 | State: STABLE
[AUM] I_Tors: 1.605233 | State: STABLE
[AUM] I_Tors: 1.605242 | State: STABLE
[AUM] I_Tors: 1.605251 | State: STABLE
[AUM] I_Tors: 1.605259 | State: STABLE
[AUM] I_Tors: 1.605268 | State: STABLE
[AUM] I_Tors: 1.605277 | State: STABLE
[AUM] I_Tors: 1.605286 | State: STABLE
[AUM] I_Tors: 1.605295 | State: STABLE
[AUM] I_Tors: 1.605304 | State: STABLE
[AUM] I_Tors: 1.605313 | State: STABLE
[AUM] I_Tors: 1.605322 | State: STABLE
[AUM] I_Tors: 1.605331 | State: STABLE
[AUM] I_Tors: 1.605340 | State: STABLE
[AUM] I_Tors: 1.605349 | State: STABLE
[AUM] I_Tors: 1.605358 | State: STABLE
[AUM] I_Tors: 1.605366 | State: STABLE
[AUM] I_Tors: 1.605375 | State: STABLE
[AUM] I_Tors: 1.605384 | State: STABLE
[AUM] I_Tors: 1.605393 | State: STABLE
[AUM] I_Tors: 1.605402 | State: STABLE
[AUM] I_Tors: 1.605411 | State: STABLE
[AUM] I_Tors: 1.605420 | State: STABLE
[AUM] I_Tors: 1.605428 | State: STABLE
[AUM] I_Tors: 1.605437 | State: STABLE
[AUM] I_Tors: 1.605446 | State: STABLE
[AUM] I_Tors: 1.605455 | State: STABLE
[AUM] I_Tors: 1.605464 | State: STABLE
[AUM] I_Tors: 1.605472 | State: STABLE
[AUM] I_Tors: 1.605481 | State: STABLE
[AUM] I_Tors: 1.605490 | State: STABLE
[AUM] I_Tors: 1.605499 | State: STABLE
[AUM] I_Tors: 1.605508 | State: STABLE
[AUM] I_Tors: 1.605516 | State: STABLE
[AUM] I_Tors: 1.605525 | State: STABLE
[AUM] I_Tors: 1.605534 | State: STABLE
[AUM] I_Tors: 1.605543 | State: STABLE
[AUM] I_Tors: 1.605551 | State: STABLE
[AUM] I_Tors: 1.605560 | State: STABLE
[AUM] I_Tors: 1.605569 | State: STABLE
[AUM] I_Tors: 1.605578 | State: STABLE
[AUM] I_Tors: 1.605586 | State: STABLE
[AUM] I_Tors: 1.605595 | State: STABLE
[AUM] I_Tors: 1.605604 | State: STABLE
[AUM] I_Tors: 1.605612 | State: STABLE
[AUM] I_Tors: 1.605621 | State: STABLE
[AUM] I_Tors: 1.605630 | State: STABLE
[AUM] I_Tors: 1.605638 | State: STABLE
[AUM] I_Tors: 1.605647 | State: STABLE
[AUM] I_Tors: 1.605656 | State: STABLE
[AUM] I_Tors: 1.605664 | State: STABLE
[AUM] I_Tors: 1.605673 | State: STABLE
[AUM] I_Tors: 1.605682 | State: STABLE
[AUM] I_Tors: 1.605690 | State: STABLE
[AUM] I_Tors: 1.605699 | State: STABLE
[AUM] I_Tors: 1.605708 | State: STABLE
[AUM] I_Tors: 1.605716 | State: STABLE
[AUM] I_Tors: 1.605725 | State: STABLE
[AUM] I_Tors: 1.605734 | State: STABLE
[AUM] I_Tors: 1.605742 | State: STABLE
[AUM] I_Tors: 1.605751 | State: STABLE
[AUM] I_Tors: 1.605759 | State: STABLE
[AUM] I_Tors: 1.605768 | State: STABLE
[AUM] I_Tors: 1.605777 | State: STABLE
[AUM] I_Tors: 1.605785 | State: STABLE
[AUM] I_Tors: 1.605794 | State: STABLE
[AUM] I_Tors: 1.605802 | State: STABLE
[AUM] I_Tors: 1.605811 | State: STABLE
[AUM] I_Tors: 1.605819 | State: STABLE
[AUM] I_Tors: 1.605828 | State: STABLE
[AUM] I_Tors: 1.605836 | State: STABLE
[AUM] I_Tors: 1.605845 | State: STABLE
[AUM] I_Tors: 1.605854 | State: STABLE
[AUM] I_Tors: 1.605862 | State: STABLE
[AUM] I_Tors: 1.605871 | State: STABLE
[AUM] I_Tors: 1.605879 | State: STABLE
[AUM] I_Tors: 1.605888 | State: STABLE
[AUM] I_Tors: 1.605896 | State: STABLE
[AUM] I_Tors: 1.605905 | State: STABLE
[AUM] I_Tors: 1.605913 | State: STABLE
[AUM] I_Tors: 1.605922 | State: STABLE
[AUM] I_Tors: 1.605930 | State: STABLE
[AUM] I_Tors: 1.605939 | State: STABLE
[AUM] I_Tors: 1.605947 | State: STABLE
[AUM] I_Tors: 1.605955 | State: STABLE
[AUM] I_Tors: 1.605964 | State: STABLE
[AUM] I_Tors: 1.605972 | State: STABLE
[AUM] I_Tors: 1.605981 | State: STABLE
[AUM] I_Tors: 1.605989 | State: STABLE
[AUM] I_Tors: 1.605998 | State: STABLE
[AUM] I_Tors: 1.606006 | State: STABLE
[AUM] I_Tors: 1.606015 | State: STABLE
[AUM] I_Tors: 1.606023 | State: STABLE
[AUM] I_Tors: 1.606031 | State: STABLE
[AUM] I_Tors: 1.606040 | State: STABLE
[AUM] I_Tors: 1.606048 | State: STABLE
[AUM] I_Tors: 1.606057 | State: STABLE
[AUM] I_Tors: 1.606065 | State: STABLE
[AUM] I_Tors: 1.606073 | State: STABLE
[AUM] I_Tors: 1.606082 | State: STABLE
[AUM] I_Tors: 1.606090 | State: STABLE
[AUM] I_Tors: 1.606098 | State: STABLE
[AUM] I_Tors: 1.606107 | State: STABLE
[AUM] I_Tors: 1.606115 | State: STABLE
[AUM] I_Tors: 1.606123 | State: STABLE
[AUM] I_Tors: 1.606132 | State: STABLE
[AUM] I_Tors: 1.606140 | State: STABLE
[AUM] I_Tors: 1.606148 | State: STABLE
[AUM] I_Tors: 1.606157 | State: STABLE
[AUM] I_Tors: 1.606165 | State: STABLE
[AUM] I_Tors: 1.606173 | State: STABLE
[AUM] I_Tors: 1.606182 | State: STABLE
[AUM] I_Tors: 1.606190 | State: STABLE
[AUM] I_Tors: 1.606198 | State: STABLE
[AUM] I_Tors: 1.606207 | State: STABLE
[AUM] I_Tors: 1.606215 | State: STABLE
[AUM] I_Tors: 1.606223 | State: STABLE
[AUM] I_Tors: 1.606231 | State: STABLE
[AUM] I_Tors: 1.606240 | State: STABLE
[AUM] I_Tors: 1.606248 | State: STABLE
[AUM] I_Tors: 1.606256 | State: STABLE
[AUM] I_Tors: 1.606264 | State: STABLE
[AUM] I_Tors: 1.606273 | State: STABLE
[AUM] I_Tors: 1.606281 | State: STABLE
[AUM] I_Tors: 1.606289 | State: STABLE
[AUM] I_Tors: 1.606297 | State: STABLE
[AUM] I_Tors: 1.606306 | State: STABLE
[AUM] I_Tors: 1.606314 | State: STABLE
[AUM] I_Tors: 1.606322 | State: STABLE
[AUM] I_Tors: 1.606330 | State: STABLE
[AUM] I_Tors: 1.606338 | State: STABLE
[AUM] I_Tors: 1.606346 | State: STABLE
[AUM] I_Tors: 1.606355 | State: STABLE
[AUM] I_Tors: 1.606363 | State: STABLE
[AUM] I_Tors: 1.606371 | State: STABLE
[AUM] I_Tors: 1.606379 | State: STABLE
[AUM] I_Tors: 1.606387 | State: STABLE
[AUM] I_Tors: 1.606395 | State: STABLE
[AUM] I_Tors: 1.606404 | State: STABLE
[AUM] I_Tors: 1.606412 | State: STABLE
[AUM] I_Tors: 1.606420 | State: STABLE
[AUM] I_Tors: 1.606428 | State: STABLE
[AUM] I_Tors: 1.606436 | State: STABLE
[AUM] I_Tors: 1.606444 | State: STABLE
[AUM] I_Tors: 1.606452 | State: STABLE
[AUM] I_Tors: 1.606461 | State: STABLE
[AUM] I_Tors: 1.606469 | State: STABLE
[AUM] I_Tors: 1.606477 | State: STABLE
[AUM] I_Tors: 1.606485 | State: STABLE
[AUM] I_Tors: 1.606493 | State: STABLE
[AUM] I_Tors: 1.606501 | State: STABLE
[AUM] I_Tors: 1.606509 | State: STABLE
[AUM] I_Tors: 1.606517 | State: STABLE
[AUM] I_Tors: 1.606525 | State: STABLE
[AUM] I_Tors: 1.606533 | State: STABLE
[AUM] I_Tors: 1.606541 | State: STABLE
[AUM] I_Tors: 1.606549 | State: STABLE
[AUM] I_Tors: 1.606557 | State: STABLE
[AUM] I_Tors: 1.606565 | State: STABLE
[AUM] I_Tors: 1.606573 | State: STABLE
[AUM] I_Tors: 1.606581 | State: STABLE
[AUM] I_Tors: 1.606589 | State: STABLE
[AUM] I_Tors: 1.606597 | State: STABLE
[AUM] I_Tors: 1.606605 | State: STABLE
[AUM] I_Tors: 1.606613 | State: STABLE
[AUM] I_Tors: 1.606621 | State: STABLE
[AUM] I_Tors: 1.606629 | State: STABLE
[AUM] I_Tors: 1.606637 | State: STABLE
[AUM] I_Tors: 1.606645 | State: STABLE
[AUM] I_Tors: 1.606653 | State: STABLE
[AUM] I_Tors: 1.606661 | State: STABLE
[AUM] I_Tors: 1.606669 | State: STABLE
[AUM] I_Tors: 1.606677 | State: STABLE
[AUM] I_Tors: 1.606685 | State: STABLE
[AUM] I_Tors: 1.606693 | State: STABLE
[AUM] I_Tors: 1.606701 | State: STABLE
[AUM] I_Tors: 1.606709 | State: STABLE
[AUM] I_Tors: 1.606717 | State: STABLE
[AUM] I_Tors: 1.606725 | State: STABLE
[AUM] I_Tors: 1.606733 | State: STABLE
[AUM] I_Tors: 1.606741 | State: STABLE
[AUM] I_Tors: 1.606749 | State: STABLE
[AUM] I_Tors: 1.606757 | State: STABLE
[AUM] I_Tors: 1.606764 | State: STABLE
[AUM] I_Tors: 1.606772 | State: STABLE
[AUM] I_Tors: 1.606780 | State: STABLE
[AUM] I_Tors: 1.606788 | State: STABLE
[AUM] I_Tors: 1.606796 | State: STABLE
[AUM] I_Tors: 1.606804 | State: STABLE
[AUM] I_Tors: 1.606812 | State: STABLE
[AUM] I_Tors: 1.606820 | State: STABLE
[AUM] I_Tors: 1.606827 | State: STABLE
[AUM] I_Tors: 1.606835 | State: STABLE
[AUM] I_Tors: 1.606843 | State: STABLE
[AUM] I_Tors: 1.606851 | State: STABLE
[AUM] I_Tors: 1.606859 | State: STABLE
[AUM] I_Tors: 1.606867 | State: STABLE
[AUM] I_Tors: 1.606874 | State: STABLE
[AUM] I_Tors: 1.606882 | State: STABLE
[AUM] I_Tors: 1.606890 | State: STABLE
[AUM] I_Tors: 1.606898 | State: STABLE
[AUM] I_Tors: 1.606906 | State: STABLE
[AUM] I_Tors: 1.606913 | State: STABLE
[AUM] I_Tors: 1.606921 | State: STABLE
[AUM] I_Tors: 1.606929 | State: STABLE
[AUM] I_Tors: 1.606937 | State: STABLE
[AUM] I_Tors: 1.606944 | State: STABLE
[AUM] I_Tors: 1.606952 | State: STABLE
[AUM] I_Tors: 1.606960 | State: STABLE
[AUM] I_Tors: 1.606968 | State: STABLE
[AUM] I_Tors: 1.606975 | State: STABLE
[AUM] I_Tors: 1.606983 | State: STABLE
[AUM] I_Tors: 1.606991 | State: STABLE
[AUM] I_Tors: 1.606999 | State: STABLE
[AUM] I_Tors: 1.607006 | State: STABLE
[AUM] I_Tors: 1.607014 | State: STABLE
[AUM] I_Tors: 1.607022 | State: STABLE
[AUM] I_Tors: 1.607030 | State: STABLE
[AUM] I_Tors: 1.607037 | State: STABLE
[AUM] I_Tors: 1.607045 | State: STABLE
[AUM] I_Tors: 1.607053 | State: STABLE
[AUM] I_Tors: 1.607060 | State: STABLE
[AUM] I_Tors: 1.607068 | State: STABLE
[AUM] I_Tors: 1.607076 | State: STABLE
[AUM] I_Tors: 1.607083 | State: STABLE
[AUM] I_Tors: 1.607091 | State: STABLE
[AUM] I_Tors: 1.607099 | State: STABLE
[AUM] I_Tors: 1.607106 | State: STABLE
[AUM] I_Tors: 1.607114 | State: STABLE
[AUM] I_Tors: 1.607122 | State: STABLE
[AUM] I_Tors: 1.607129 | State: STABLE
[AUM] I_Tors: 1.607137 | State: STABLE
[AUM] I_Tors: 1.607145 | State: STABLE
[AUM] I_Tors: 1.607152 | State: STABLE
[AUM] I_Tors: 1.607160 | State: STABLE
[AUM] I_Tors: 1.607167 | State: STABLE
[AUM] I_Tors: 1.607175 | State: STABLE
[AUM] I_Tors: 1.607183 | State: STABLE
[AUM] I_Tors: 1.607190 | State: STABLE
[AUM] I_Tors: 1.607198 | State: STABLE
[AUM] I_Tors: 1.607205 | State: STABLE
[AUM] I_Tors: 1.607213 | State: STABLE
[AUM] I_Tors: 1.607221 | State: STABLE
[AUM] I_Tors: 1.607228 | State: STABLE
[AUM] I_Tors: 1.607236 | State: STABLE
[AUM] I_Tors: 1.607243 | State: STABLE
[AUM] I_Tors: 1.607251 | State: STABLE
[AUM] I_Tors: 1.607258 | State: STABLE
[AUM] I_Tors: 1.607266 | State: STABLE
[AUM] I_Tors: 1.607273 | State: STABLE
[AUM] I_Tors: 1.607281 | State: STABLE
[AUM] I_Tors: 1.607288 | State: STABLE
[AUM] I_Tors: 1.607296 | State: STABLE
[AUM] I_Tors: 1.607303 | State: STABLE
[AUM] I_Tors: 1.607311 | State: STABLE
[AUM] I_Tors: 1.607319 | State: STABLE
[AUM] I_Tors: 1.607326 | State: STABLE
[AUM] I_Tors: 1.607334 | State: STABLE
[AUM] I_Tors: 1.607341 | State: STABLE
[AUM] I_Tors: 1.607348 | State: STABLE
[AUM] I_Tors: 1.607356 | State: STABLE
[AUM] I_Tors: 1.607363 | State: STABLE
[AUM] I_Tors: 1.607371 | State: STABLE
[AUM] I_Tors: 1.607378 | State: STABLE
[AUM] I_Tors: 1.607386 | State: STABLE
[AUM] I_Tors: 1.607393 | State: STABLE
[AUM] I_Tors: 1.607401 | State: STABLE
[AUM] I_Tors: 1.607408 | State: STABLE
[AUM] I_Tors: 1.607416 | State: STABLE
[AUM] I_Tors: 1.607423 | State: STABLE
[AUM] I_Tors: 1.607430 | State: STABLE
[AUM] I_Tors: 1.607438 | State: STABLE
[AUM] I_Tors: 1.607445 | State: STABLE
[AUM] I_Tors: 1.607453 | State: STABLE
[AUM] I_Tors: 1.607460 | State: STABLE
[AUM] I_Tors: 1.607468 | State: STABLE
[AUM] I_Tors: 1.607475 | State: STABLE
[AUM] I_Tors: 1.607482 | State: STABLE
[AUM] I_Tors: 1.607490 | State: STABLE
[AUM] I_Tors: 1.607497 | State: STABLE
[AUM] I_Tors: 1.607504 | State: STABLE
[AUM] I_Tors: 1.607512 | State: STABLE
[AUM] I_Tors: 1.607519 | State: STABLE
[AUM] I_Tors: 1.607527 | State: STABLE
[AUM] I_Tors: 1.607534 | State: STABLE
[AUM] I_Tors: 1.607541 | State: STABLE
[AUM] I_Tors: 1.607549 | State: STABLE
[AUM] I_Tors: 1.607556 | State: STABLE
[AUM] I_Tors: 1.607563 | State: STABLE
[AUM] I_Tors: 1.607571 | State: STABLE
[AUM] I_Tors: 1.607578 | State: STABLE
[AUM] I_Tors: 1.607585 | State: STABLE
[AUM] I_Tors: 1.607593 | State: STABLE
[AUM] I_Tors: 1.607600 | State: STABLE
[AUM] I_Tors: 1.607607 | State: STABLE
[AUM] I_Tors: 1.607614 | State: STABLE
[AUM] I_Tors: 1.607622 | State: STABLE
[AUM] I_Tors: 1.607629 | State: STABLE
[AUM] I_Tors: 1.607636 | State: STABLE
[AUM] I_Tors: 1.607644 | State: STABLE
[AUM] I_Tors: 1.607651 | State: STABLE
[AUM] I_Tors: 1.607658 | State: STABLE
[AUM] I_Tors: 1.607665 | State: STABLE
[AUM] I_Tors: 1.607673 | State: STABLE
[AUM] I_Tors: 1.607680 | State: STABLE
[AUM] I_Tors: 1.607687 | State: STABLE
[AUM] I_Tors: 1.607694 | State: STABLE
[AUM] I_Tors: 1.607702 | State: STABLE
[AUM] I_Tors: 1.607709 | State: STABLE
[AUM] I_Tors: 1.607716 | State: STABLE
[AUM] I_Tors: 1.607723 | State: STABLE
[AUM] I_Tors: 1.607731 | State: STABLE
[AUM] I_Tors: 1.607738 | State: STABLE
[AUM] I_Tors: 1.607745 | State: STABLE
[AUM] I_Tors: 1.607752 | State: STABLE
[AUM] I_Tors: 1.607759 | State: STABLE
[AUM] I_Tors: 1.607767 | State: STABLE
[AUM] I_Tors: 1.607774 | State: STABLE
[AUM] I_Tors: 1.607781 | State: STABLE
[AUM] I_Tors: 1.607788 | State: STABLE
[AUM] I_Tors: 1.607795 | State: STABLE
[AUM] I_Tors: 1.607802 | State: STABLE
[AUM] I_Tors: 1.607810 | State: STABLE
[AUM] I_Tors: 1.607817 | State: STABLE
[AUM] I_Tors: 1.607824 | State: STABLE
[AUM] I_Tors: 1.607831 | State: STABLE
[AUM] I_Tors: 1.607838 | State: STABLE
[AUM] I_Tors: 1.607845 | State: STABLE
[AUM] I_Tors: 1.607853 | State: STABLE
[AUM] I_Tors: 1.607860 | State: STABLE
[AUM] I_Tors: 1.607867 | State: STABLE
[AUM] I_Tors: 1.607874 | State: STABLE
[AUM] I_Tors: 1.607881 | State: STABLE
[AUM] I_Tors: 1.607888 | State: STABLE
[AUM] I_Tors: 1.607895 | State: STABLE
[AUM] I_Tors: 1.607902 | State: STABLE
[AUM] I_Tors: 1.607909 | State: STABLE
[AUM] I_Tors: 1.607916 | State: STABLE
[AUM] I_Tors: 1.607924 | State: STABLE
[AUM] I_Tors: 1.607931 | State: STABLE
[AUM] I_Tors: 1.607938 | State: STABLE
[AUM] I_Tors: 1.607945 | State: STABLE
[AUM] I_Tors: 1.607952 | State: STABLE
[AUM] I_Tors: 1.607959 | State: STABLE
[AUM] I_Tors: 1.607966 | State: STABLE
[AUM] I_Tors: 1.607973 | State: STABLE
[AUM] I_Tors: 1.607980 | State: STABLE
[AUM] I_Tors: 1.607987 | State: STABLE
[AUM] I_Tors: 1.607994 | State: STABLE
[AUM] I_Tors: 1.608001 | State: STABLE
[AUM] I_Tors: 1.608008 | State: STABLE
[AUM] I_Tors: 1.608015 | State: STABLE
[AUM] I_Tors: 1.608022 | State: STABLE
[AUM] I_Tors: 1.608029 | State: STABLE
[AUM] I_Tors: 1.608036 | State: STABLE
[AUM] I_Tors: 1.608043 | State: STABLE
[AUM] I_Tors: 1.608050 | State: STABLE
[AUM] I_Tors: 1.608057 | State: STABLE
[AUM] I_Tors: 1.608064 | State: STABLE
[AUM] I_Tors: 1.608071 | State: STABLE
[AUM] I_Tors: 1.608078 | State: STABLE
[AUM] I_Tors: 1.608085 | State: STABLE
[AUM] I_Tors: 1.608092 | State: STABLE
[AUM] I_Tors: 1.608099 | State: STABLE
[AUM] I_Tors: 1.608106 | State: STABLE
[AUM] I_Tors: 1.608113 | State: STABLE
[AUM] I_Tors: 1.608120 | State: STABLE
[AUM] I_Tors: 1.608127 | State: STABLE
[AUM] I_Tors: 1.608134 | State: STABLE
[AUM] I_Tors: 1.608141 | State: STABLE
[AUM] I_Tors: 1.608148 | State: STABLE
[AUM] I_Tors: 1.608155 | State: STABLE
[AUM] I_Tors: 1.608161 | State: STABLE
[AUM] I_Tors: 1.608168 | State: STABLE
[AUM] I_Tors: 1.608175 | State: STABLE
[AUM] I_Tors: 1.608182 | State: STABLE
[AUM] I_Tors: 1.608189 | State: STABLE
[AUM] I_Tors: 1.608196 | State: STABLE
[AUM] I_Tors: 1.608203 | State: STABLE
[AUM] I_Tors: 1.608210 | State: STABLE
[AUM] I_Tors: 1.608217 | State: STABLE
[AUM] I_Tors: 1.608223 | State: STABLE
[AUM] I_Tors: 1.608230 | State: STABLE
[AUM] I_Tors: 1.608237 | State: STABLE
[AUM] I_Tors: 1.608244 | State: STABLE
[AUM] I_Tors: 1.608251 | State: STABLE
[AUM] I_Tors: 1.608258 | State: STABLE
[AUM] I_Tors: 1.608265 | State: STABLE
[AUM] I_Tors: 1.608271 | State: STABLE
[AUM] I_Tors: 1.608278 | State: STABLE
[AUM] I_Tors: 1.608285 | State: STABLE
[AUM] I_Tors: 1.608292 | State: STABLE
[AUM] I_Tors: 1.608299 | State: STABLE
[AUM] I_Tors: 1.608306 | State: STABLE
[AUM] I_Tors: 1.608312 | State: STABLE
[AUM] I_Tors: 1.608319 | State: STABLE
[AUM] I_Tors: 1.608326 | State: STABLE
[AUM] I_Tors: 1.608333 | State: STABLE
[AUM] I_Tors: 1.608340 | State: STABLE
[AUM] I_Tors: 1.608346 | State: STABLE
[AUM] I_Tors: 1.608353 | State: STABLE
[AUM] I_Tors: 1.608360 | State: STABLE
[AUM] I_Tors: 1.608367 | State: STABLE
[AUM] I_Tors: 1.608373 | State: STABLE
[AUM] I_Tors: 1.608380 | State: STABLE
[AUM] I_Tors: 1.608387 | State: STABLE
[AUM] I_Tors: 1.608394 | State: STABLE
[AUM] I_Tors: 1.608400 | State: STABLE
[AUM] I_Tors: 1.608407 | State: STABLE
[AUM] I_Tors: 1.608414 | State: STABLE
[AUM] I_Tors: 1.608421 | State: STABLE
[AUM] I_Tors: 1.608427 | State: STABLE
[AUM] I_Tors: 1.608434 | State: STABLE
[AUM] I_Tors: 1.608441 | State: STABLE
[AUM] I_Tors: 1.608448 | State: STABLE
[AUM] I_Tors: 1.608454 | State: STABLE
[AUM] I_Tors: 1.608461 | State: STABLE
[AUM] I_Tors: 1.608468 | State: STABLE
[AUM] I_Tors: 1.608474 | State: STABLE
[AUM] I_Tors: 1.608481 | State: STABLE
[AUM] I_Tors: 1.608488 | State: STABLE
[AUM] I_Tors: 1.608494 | State: STABLE
[AUM] I_Tors: 1.608501 | State: STABLE
[AUM] I_Tors: 1.608508 | State: STABLE
[AUM] I_Tors: 1.608514 | State: STABLE
[AUM] I_Tors: 1.608521 | State: STABLE
[AUM] I_Tors: 1.608528 | State: STABLE
[AUM] I_Tors: 1.608534 | State: STABLE
[AUM] I_Tors: 1.608541 | State: STABLE
[AUM] I_Tors: 1.608548 | State: STABLE
[AUM] I_Tors: 1.608554 | State: STABLE
[AUM] I_Tors: 1.608561 | State: STABLE
[AUM] I_Tors: 1.608568 | State: STABLE
[AUM] I_Tors: 1.608574 | State: STABLE
[AUM] I_Tors: 1.608581 | State: STABLE
[AUM] I_Tors: 1.608587 | State: STABLE
[AUM] I_Tors: 1.608594 | State: STABLE
[AUM] I_Tors: 1.608601 | State: STABLE
[AUM] I_Tors: 1.608607 | State: STABLE
[AUM] I_Tors: 1.608614 | State: STABLE
[AUM] I_Tors: 1.608621 | State: STABLE
[AUM] I_Tors: 1.608627 | State: STABLE
[AUM] I_Tors: 1.608634 | State: STABLE
[AUM] I_Tors: 1.608640 | State: STABLE
[AUM] I_Tors: 1.608647 | State: STABLE
[AUM] I_Tors: 1.608653 | State: STABLE
[AUM] I_Tors: 1.608660 | State: STABLE
[AUM] I_Tors: 1.608667 | State: STABLE
[AUM] I_Tors: 1.608673 | State: STABLE
[AUM] I_Tors: 1.608680 | State: STABLE
[AUM] I_Tors: 1.608686 | State: STABLE
[AUM] I_Tors: 1.608693 | State: STABLE
[AUM] I_Tors: 1.608699 | State: STABLE
[AUM] I_Tors: 1.608706 | State: STABLE
[AUM] I_Tors: 1.608712 | State: STABLE
[AUM] I_Tors: 1.608719 | State: STABLE
[AUM] I_Tors: 1.608725 | State: STABLE
[AUM] I_Tors: 1.608732 | State: STABLE
[AUM] I_Tors: 1.608738 | State: STABLE
[AUM] I_Tors: 1.608745 | State: STABLE
[AUM] I_Tors: 1.608751 | State: STABLE
[AUM] I_Tors: 1.608758 | State: STABLE
[AUM] I_Tors: 1.608764 | State: STABLE
[AUM] I_Tors: 1.608771 | State: STABLE
[AUM] I_Tors: 1.608777 | State: STABLE
[AUM] I_Tors: 1.608784 | State: STABLE
[AUM] I_Tors: 1.608790 | State: STABLE
[AUM] I_Tors: 1.608797 | State: STABLE
[AUM] I_Tors: 1.608803 | State: STABLE
[AUM] I_Tors: 1.608810 | State: STABLE
[AUM] I_Tors: 1.608816 | State: STABLE
[AUM] I_Tors: 1.608823 | State: STABLE
[AUM] I_Tors: 1.608829 | State: STABLE
[AUM] I_Tors: 1.608836 | State: STABLE
[AUM] I_Tors: 1.608842 | State: STABLE
[AUM] I_Tors: 1.608848 | State: STABLE
[AUM] I_Tors: 1.608855 | State: STABLE
[AUM] I_Tors: 1.608861 | State: STABLE
[AUM] I_Tors: 1.608868 | State: STABLE
[AUM] I_Tors: 1.608874 | State: STABLE
[AUM] I_Tors: 1.608881 | State: STABLE
[AUM] I_Tors: 1.608887 | State: STABLE
[AUM] I_Tors: 1.608893 | State: STABLE
[AUM] I_Tors: 1.608900 | State: STABLE
[AUM] I_Tors: 1.608906 | State: STABLE
[AUM] I_Tors: 1.608913 | State: STABLE
[AUM] I_Tors: 1.608919 | State: STABLE
[AUM] I_Tors: 1.608925 | State: STABLE
[AUM] I_Tors: 1.608932 | State: STABLE
[AUM] I_Tors: 1.608938 | State: STABLE
[AUM] I_Tors: 1.608944 | State: STABLE
[AUM] I_Tors: 1.608951 | State: STABLE
[AUM] I_Tors: 1.608957 | State: STABLE
[AUM] I_Tors: 1.608963 | State: STABLE
[AUM] I_Tors: 1.608970 | State: STABLE
[AUM] I_Tors: 1.608976 | State: STABLE
[AUM] I_Tors: 1.608982 | State: STABLE
[AUM] I_Tors: 1.608989 | State: STABLE
[AUM] I_Tors: 1.608995 | State: STABLE
[AUM] I_Tors: 1.609001 | State: STABLE
[AUM] I_Tors: 1.609008 | State: STABLE
[AUM] I_Tors: 1.609014 | State: STABLE
[AUM] I_Tors: 1.609020 | State: STABLE
[AUM] I_Tors: 1.609027 | State: STABLE
[AUM] I_Tors: 1.609033 | State: STABLE
[AUM] I_Tors: 1.609039 | State: STABLE
[AUM] I_Tors: 1.609046 | State: STABLE
[AUM] I_Tors: 1.609052 | State: STABLE
[AUM] I_Tors: 1.609058 | State: STABLE
[AUM] I_Tors: 1.609065 | State: STABLE
[AUM] I_Tors: 1.609071 | State: STABLE
[AUM] I_Tors: 1.609077 | State: STABLE
[AUM] I_Tors: 1.609083 | State: STABLE
[AUM] I_Tors: 1.609090 | State: STABLE
[AUM] I_Tors: 1.609096 | State: STABLE
[AUM] I_Tors: 1.609102 | State: STABLE
[AUM] I_Tors: 1.609108 | State: STABLE
[AUM] I_Tors: 1.609115 | State: STABLE
[AUM] I_Tors: 1.609121 | State: STABLE
[AUM] I_Tors: 1.609127 | State: STABLE
[AUM] I_Tors: 1.609133 | State: STABLE
[AUM] I_Tors: 1.609140 | State: STABLE
[AUM] I_Tors: 1.609146 | State: STABLE
[AUM] I_Tors: 1.609152 | State: STABLE
[AUM] I_Tors: 1.609158 | State: STABLE
[AUM] I_Tors: 1.609164 | State: STABLE
[AUM] I_Tors: 1.609171 | State: STABLE
[AUM] I_Tors: 1.609177 | State: STABLE
[AUM] I_Tors: 1.609183 | State: STABLE
[AUM] I_Tors: 1.609189 | State: STABLE
[AUM] I_Tors: 1.609195 | State: STABLE
[AUM] I_Tors: 1.609202 | State: STABLE
[AUM] I_Tors: 1.609208 | State: STABLE
[AUM] I_Tors: 1.609214 | State: STABLE
[AUM] I_Tors: 1.609220 | State: STABLE
[AUM] I_Tors: 1.609226 | State: STABLE
[AUM] I_Tors: 1.609233 | State: STABLE
[AUM] I_Tors: 1.609239 | State: STABLE
[AUM] I_Tors: 1.609245 | State: STABLE
[AUM] I_Tors: 1.609251 | State: STABLE
[AUM] I_Tors: 1.609257 | State: STABLE
[AUM] I_Tors: 1.609263 | State: STABLE
[AUM] I_Tors: 1.609269 | State: STABLE
[AUM] I_Tors: 1.609276 | State: STABLE
[AUM] I_Tors: 1.609282 | State: STABLE
[AUM] I_Tors: 1.609288 | State: STABLE
[AUM] I_Tors: 1.609294 | State: STABLE
[AUM] I_Tors: 1.609300 | State: STABLE
[AUM] I_Tors: 1.609306 | State: STABLE
[AUM] I_Tors: 1.609312 | State: STABLE
[AUM] I_Tors: 1.609318 | State: STABLE
[AUM] I_Tors: 1.609324 | State: STABLE
[AUM] I_Tors: 1.609331 | State: STABLE
[AUM] I_Tors: 1.609337 | State: STABLE
[AUM] I_Tors: 1.609343 | State: STABLE
[AUM] I_Tors: 1.609349 | State: STABLE
[AUM] I_Tors: 1.609355 | State: STABLE
[AUM] I_Tors: 1.609361 | State: STABLE
[AUM] I_Tors: 1.609367 | State: STABLE
[AUM] I_Tors: 1.609373 | State: STABLE
[AUM] I_Tors: 1.609379 | State: STABLE
[AUM] I_Tors: 1.609385 | State: STABLE
[AUM] I_Tors: 1.609391 | State: STABLE
[AUM] I_Tors: 1.609397 | State: STABLE
[AUM] I_Tors: 1.609403 | State: STABLE
[AUM] I_Tors: 1.609409 | State: STABLE
[AUM] I_Tors: 1.609415 | State: STABLE
[AUM] I_Tors: 1.609422 | State: STABLE
[AUM] I_Tors: 1.609428 | State: STABLE
[AUM] I_Tors: 1.609434 | State: STABLE
[AUM] I_Tors: 1.609440 | State: STABLE
[AUM] I_Tors: 1.609446 | State: STABLE
[AUM] I_Tors: 1.609452 | State: STABLE
[AUM] I_Tors: 1.609458 | State: STABLE
[AUM] I_Tors: 1.609464 | State: STABLE
[AUM] I_Tors: 1.609470 | State: STABLE
[AUM] I_Tors: 1.609476 | State: STABLE
[AUM] I_Tors: 1.609482 | State: STABLE
[AUM] I_Tors: 1.609488 | State: STABLE
[AUM] I_Tors: 1.609494 | State: STABLE
[AUM] I_Tors: 1.609500 | State: STABLE
[AUM] I_Tors: 1.609506 | State: STABLE
[AUM] I_Tors: 1.609511 | State: STABLE
[AUM] I_Tors: 1.609517 | State: STABLE
[AUM] I_Tors: 1.609523 | State: STABLE
[AUM] I_Tors: 1.609529 | State: STABLE
[AUM] I_Tors: 1.609535 | State: STABLE
[AUM] I_Tors: 1.609541 | State: STABLE
[AUM] I_Tors: 1.609547 | State: STABLE
[AUM] I_Tors: 1.609553 | State: STABLE
[AUM] I_Tors: 1.609559 | State: STABLE
[AUM] I_Tors: 1.609565 | State: STABLE
[AUM] I_Tors: 1.609571 | State: STABLE
[AUM] I_Tors: 1.609577 | State: STABLE
[AUM] I_Tors: 1.609583 | State: STABLE
[AUM] I_Tors: 1.609589 | State: STABLE
[AUM] I_Tors: 1.609595 | State: STABLE
[AUM] I_Tors: 1.609601 | State: STABLE
[AUM] I_Tors: 1.609606 | State: STABLE
[AUM] I_Tors: 1.609612 | State: STABLE
[AUM] I_Tors: 1.609618 | State: STABLE
[AUM] I_Tors: 1.609624 | State: STABLE
[AUM] I_Tors: 1.609630 | State: STABLE
[AUM] I_Tors: 1.609636 | State: STABLE
[AUM] I_Tors: 1.609642 | State: STABLE
[AUM] I_Tors: 1.609648 | State: STABLE
[AUM] I_Tors: 1.609654 | State: STABLE
[AUM] I_Tors: 1.609659 | State: STABLE
[AUM] I_Tors: 1.609665 | State: STABLE
[AUM] I_Tors: 1.609671 | State: STABLE
[AUM] I_Tors: 1.609677 | State: STABLE
[AUM] I_Tors: 1.609683 | State: STABLE
[AUM] I_Tors: 1.609689 | State: STABLE
[AUM] I_Tors: 1.609695 | State: STABLE
[AUM] I_Tors: 1.609700 | State: STABLE
[AUM] I_Tors: 1.609706 | State: STABLE
[AUM] I_Tors: 1.609712 | State: STABLE
[AUM] I_Tors: 1.609718 | State: STABLE
[AUM] I_Tors: 1.609724 | State: STABLE
[AUM] I_Tors: 1.609729 | State: STABLE
[AUM] I_Tors: 1.609735 | State: STABLE
[AUM] I_Tors: 1.609741 | State: STABLE
[AUM] I_Tors: 1.609747 | State: STABLE
[AUM] I_Tors: 1.609753 | State: STABLE
[AUM] I_Tors: 1.609758 | State: STABLE
[AUM] I_Tors: 1.609764 | State: STABLE
[AUM] I_Tors: 1.609770 | State: STABLE
[AUM] I_Tors: 1.609776 | State: STABLE
[AUM] I_Tors: 1.609782 | State: STABLE
[AUM] I_Tors: 1.609787 | State: STABLE
[AUM] I_Tors: 1.609793 | State: STABLE
[AUM] I_Tors: 1.609799 | State: STABLE
[AUM] I_Tors: 1.609805 | State: STABLE
[AUM] I_Tors: 1.609810 | State: STABLE
[AUM] I_Tors: 1.609816 | State: STABLE
[AUM] I_Tors: 1.609822 | State: STABLE
[AUM] I_Tors: 1.609828 | State: STABLE
[AUM] I_Tors: 1.609833 | State: STABLE
[AUM] I_Tors: 1.609839 | State: STABLE
[AUM] I_Tors: 1.609845 | State: STABLE
[AUM] I_Tors: 1.609851 | State: STABLE
[AUM] I_Tors: 1.609856 | State: STABLE
[AUM] I_Tors: 1.609862 | State: STABLE
[AUM] I_Tors: 1.609868 | State: STABLE
[AUM] I_Tors: 1.609874 | State: STABLE
[AUM] I_Tors: 1.609879 | State: STABLE
[AUM] I_Tors: 1.609885 | State: STABLE
[AUM] I_Tors: 1.609891 | State: STABLE
[AUM] I_Tors: 1.609896 | State: STABLE
[AUM] I_Tors: 1.609902 | State: STABLE
[AUM] I_Tors: 1.609908 | State: STABLE
[AUM] I_Tors: 1.609913 | State: STABLE
[AUM] I_Tors: 1.609919 | State: STABLE
[AUM] I_Tors: 1.609925 | State: STABLE
[AUM] I_Tors: 1.609931 | State: STABLE
[AUM] I_Tors: 1.609936 | State: STABLE
[AUM] I_Tors: 1.609942 | State: STABLE
[AUM] I_Tors: 1.609948 | State: STABLE
[AUM] I_Tors: 1.609953 | State: STABLE
[AUM] I_Tors: 1.609959 | State: STABLE
[AUM] I_Tors: 1.609965 | State: STABLE
[AUM] I_Tors: 1.609970 | State: STABLE
[AUM] I_Tors: 1.609976 | State: STABLE
[AUM] I_Tors: 1.609981 | State: STABLE
[AUM] I_Tors: 1.609987 | State: STABLE
[AUM] I_Tors: 1.609993 | State: STABLE
[AUM] I_Tors: 1.609998 | State: STABLE
[AUM] I_Tors: 1.610004 | State: STABLE
[AUM] I_Tors: 1.610010 | State: STABLE
[AUM] I_Tors: 1.610015 | State: STABLE
[AUM] I_Tors: 1.610021 | State: STABLE
[AUM] I_Tors: 1.610026 | State: STABLE
[AUM] I_Tors: 1.610032 | State: STABLE
[AUM] I_Tors: 1.610038 | State: STABLE
[AUM] I_Tors: 1.610043 | State: STABLE
[AUM] I_Tors: 1.610049 | State: STABLE
[AUM] I_Tors: 1.610054 | State: STABLE
[AUM] I_Tors: 1.610060 | State: STABLE
[AUM] I_Tors: 1.610066 | State: STABLE
[AUM] I_Tors: 1.610071 | State: STABLE
[AUM] I_Tors: 1.610077 | State: STABLE
[AUM] I_Tors: 1.610082 | State: STABLE
[AUM] I_Tors: 1.610088 | State: STABLE
[AUM] I_Tors: 1.610093 | State: STABLE
[AUM] I_Tors: 1.610099 | State: STABLE
[AUM] I_Tors: 1.610105 | State: STABLE
[AUM] I_Tors: 1.610110 | State: STABLE
[AUM] I_Tors: 1.610116 | State: STABLE
[AUM] I_Tors: 1.610121 | State: STABLE
[AUM] I_Tors: 1.610127 | State: STABLE
[AUM] I_Tors: 1.610132 | State: STABLE
[AUM] I_Tors: 1.610138 | State: STABLE
[AUM] I_Tors: 1.610143 | State: STABLE
[AUM] I_Tors: 1.610149 | State: STABLE
[AUM] I_Tors: 1.610154 | State: STABLE
[AUM] I_Tors: 1.610160 | State: STABLE
[AUM] I_Tors: 1.610165 | State: STABLE
[AUM] I_Tors: 1.610171 | State: STABLE
[AUM] I_Tors: 1.610176 | State: STABLE
[AUM] I_Tors: 1.610182 | State: STABLE
[AUM] I_Tors: 1.610187 | State: STABLE
[AUM] I_Tors: 1.610193 | State: STABLE
[AUM] I_Tors: 1.610198 | State: STABLE
[AUM] I_Tors: 1.610204 | State: STABLE
[AUM] I_Tors: 1.610209 | State: STABLE
[AUM] I_Tors: 1.610215 | State: STABLE
[AUM] I_Tors: 1.610220 | State: STABLE
[AUM] I_Tors: 1.610226 | State: STABLE
[AUM] I_Tors: 1.610231 | State: STABLE
[AUM] I_Tors: 1.610237 | State: STABLE
[AUM] I_Tors: 1.610242 | State: STABLE
[AUM] I_Tors: 1.610248 | State: STABLE
[AUM] I_Tors: 1.610253 | State: STABLE
[AUM] I_Tors: 1.610258 | State: STABLE
[AUM] I_Tors: 1.610264 | State: STABLE
[AUM] I_Tors: 1.610269 | State: STABLE
[AUM] I_Tors: 1.610275 | State: STABLE
[AUM] I_Tors: 1.610280 | State: STABLE
[AUM] I_Tors: 1.610286 | State: STABLE
[AUM] I_Tors: 1.610291 | State: STABLE
[AUM] I_Tors: 1.610297 | State: STABLE
[AUM] I_Tors: 1.610302 | State: STABLE
[AUM] I_Tors: 1.610307 | State: STABLE
[AUM] I_Tors: 1.610313 | State: STABLE
[AUM] I_Tors: 1.610318 | State: STABLE
[AUM] I_Tors: 1.610324 | State: STABLE
[AUM] I_Tors: 1.610329 | State: STABLE
[AUM] I_Tors: 1.610334 | State: STABLE
[AUM] I_Tors: 1.610340 | State: STABLE
[AUM] I_Tors: 1.610345 | State: STABLE
[AUM] I_Tors: 1.610351 | State: STABLE
[AUM] I_Tors: 1.610356 | State: STABLE
[AUM] I_Tors: 1.610361 | State: STABLE
[AUM] I_Tors: 1.610367 | State: STABLE
[AUM] I_Tors: 1.610372 | State: STABLE
[AUM] I_Tors: 1.610377 | State: STABLE
[AUM] I_Tors: 1.610383 | State: STABLE
[AUM] I_Tors: 1.610388 | State: STABLE
[AUM] I_Tors: 1.610393 | State: STABLE
[AUM] I_Tors: 1.610399 | State: STABLE
[AUM] I_Tors: 1.610404 | State: STABLE
[AUM] I_Tors: 1.610409 | State: STABLE
[AUM] I_Tors: 1.610415 | State: STABLE
[AUM] I_Tors: 1.610420 | State: STABLE
[AUM] I_Tors: 1.610425 | State: STABLE
[AUM] I_Tors: 1.610431 | State: STABLE
[AUM] I_Tors: 1.610436 | State: STABLE
[AUM] I_Tors: 1.610441 | State: STABLE
[AUM] I_Tors: 1.610447 | State: STABLE
[AUM] I_Tors: 1.610452 | State: STABLE
[AUM] I_Tors: 1.610457 | State: STABLE
[AUM] I_Tors: 1.610463 | State: STABLE
[AUM] I_Tors: 1.610468 | State: STABLE
[AUM] I_Tors: 1.610473 | State: STABLE
[AUM] I_Tors: 1.610479 | State: STABLE
[AUM] I_Tors: 1.610484 | State: STABLE
[AUM] I_Tors: 1.610489 | State: STABLE
[AUM] I_Tors: 1.610494 | State: STABLE
[AUM] I_Tors: 1.610500 | State: STABLE
[AUM] I_Tors: 1.610505 | State: STABLE
[AUM] I_Tors: 1.610510 | State: STABLE
[AUM] I_Tors: 1.610516 | State: STABLE
[AUM] I_Tors: 1.610521 | State: STABLE
[AUM] I_Tors: 1.610526 | State: STABLE
[AUM] I_Tors: 1.610531 | State: STABLE
[AUM] I_Tors: 1.610537 | State: STABLE
[AUM] I_Tors: 1.610542 | State: STABLE
[AUM] I_Tors: 1.610547 | State: STABLE
[AUM] I_Tors: 1.610552 | State: STABLE
[AUM] I_Tors: 1.610558 | State: STABLE
[AUM] I_Tors: 1.610563 | State: STABLE
[AUM] I_Tors: 1.610568 | State: STABLE
[AUM] I_Tors: 1.610573 | State: STABLE
[AUM] I_Tors: 1.610578 | State: STABLE
[AUM] I_Tors: 1.610584 | State: STABLE
[AUM] I_Tors: 1.610589 | State: STABLE
[AUM] I_Tors: 1.610594 | State: STABLE
[AUM] I_Tors: 1.610599 | State: STABLE
[AUM] I_Tors: 1.610604 | State: STABLE
[AUM] I_Tors: 1.610610 | State: STABLE
[AUM] I_Tors: 1.610615 | State: STABLE
[AUM] I_Tors: 1.610620 | State: STABLE
[AUM] I_Tors: 1.610625 | State: STABLE
[AUM] I_Tors: 1.610630 | State: STABLE
[AUM] I_Tors: 1.610636 | State: STABLE
[AUM] I_Tors: 1.610641 | State: STABLE
[AUM] I_Tors: 1.610646 | State: STABLE
[AUM] I_Tors: 1.610651 | State: STABLE
[AUM] I_Tors: 1.610656 | State: STABLE
[AUM] I_Tors: 1.610661 | State: STABLE
[AUM] I_Tors: 1.610667 | State: STABLE
[AUM] I_Tors: 1.610672 | State: STABLE
[AUM] I_Tors: 1.610677 | State: STABLE
[AUM] I_Tors: 1.610682 | State: STABLE
[AUM] I_Tors: 1.610687 | State: STABLE
[AUM] I_Tors: 1.610692 | State: STABLE
[AUM] I_Tors: 1.610698 | State: STABLE
[AUM] I_Tors: 1.610703 | State: STABLE
[AUM] I_Tors: 1.610708 | State: STABLE
[AUM] I_Tors: 1.610713 | State: STABLE
[AUM] I_Tors: 1.610718 | State: STABLE
[AUM] I_Tors: 1.610723 | State: STABLE
[AUM] I_Tors: 1.610728 | State: STABLE
[AUM] I_Tors: 1.610733 | State: STABLE
[AUM] I_Tors: 1.610739 | State: STABLE
[AUM] I_Tors: 1.610744 | State: STABLE
[AUM] I_Tors: 1.610749 | State: STABLE
[AUM] I_Tors: 1.610754 | State: STABLE
[AUM] I_Tors: 1.610759 | State: STABLE
[AUM] I_Tors: 1.610764 | State: STABLE
[AUM] I_Tors: 1.610769 | State: STABLE
[AUM] I_Tors: 1.610774 | State: STABLE
[AUM] I_Tors: 1.610779 | State: STABLE
[AUM] I_Tors: 1.610784 | State: STABLE
[AUM] I_Tors: 1.610789 | State: STABLE
[AUM] I_Tors: 1.610794 | State: STABLE
[AUM] I_Tors: 1.610800 | State: STABLE
[AUM] I_Tors: 1.610805 | State: STABLE
[AUM] I_Tors: 1.610810 | State: STABLE
[AUM] I_Tors: 1.610815 | State: STABLE
[AUM] I_Tors: 1.610820 | State: STABLE
[AUM] I_Tors: 1.610825 | State: STABLE
[AUM] I_Tors: 1.610830 | State: STABLE
[AUM] I_Tors: 1.610835 | State: STABLE
[AUM] I_Tors: 1.610840 | State: STABLE
[AUM] I_Tors: 1.610845 | State: STABLE
[AUM] I_Tors: 1.610850 | State: STABLE
[AUM] I_Tors: 1.610855 | State: STABLE
[AUM] I_Tors: 1.610860 | State: STABLE
[AUM] I_Tors: 1.610865 | State: STABLE
[AUM] I_Tors: 1.610870 | State: STABLE
[AUM] I_Tors: 1.610875 | State: STABLE
[AUM] I_Tors: 1.610880 | State: STABLE
[AUM] I_Tors: 1.610885 | State: STABLE
[AUM] I_Tors: 1.610890 | State: STABLE
[AUM] I_Tors: 1.610895 | State: STABLE
[AUM] I_Tors: 1.610900 | State: STABLE
[AUM] I_Tors: 1.610905 | State: STABLE
[AUM] I_Tors: 1.610910 | State: STABLE
[AUM] I_Tors: 1.610915 | State: STABLE
[AUM] I_Tors: 1.610920 | State: STABLE
[AUM] I_Tors: 1.610925 | State: STABLE
[AUM] I_Tors: 1.610930 | State: STABLE
[AUM] I_Tors: 1.610935 | State: STABLE
[AUM] I_Tors: 1.610940 | State: STABLE
[AUM] I_Tors: 1.610945 | State: STABLE
[AUM] I_Tors: 1.610950 | State: STABLE
[AUM] I_Tors: 1.610955 | State: STABLE
[AUM] I_Tors: 1.610960 | State: STABLE
[AUM] I_Tors: 1.610965 | State: STABLE
[AUM] I_Tors: 1.610970 | State: STABLE
[AUM] I_Tors: 1.610975 | State: STABLE
[AUM] I_Tors: 1.610980 | State: STABLE
[AUM] I_Tors: 1.610985 | State: STABLE
[AUM] I_Tors: 1.610990 | State: STABLE
[AUM] I_Tors: 1.610994 | State: STABLE
[AUM] I_Tors: 1.610999 | State: STABLE
[AUM] I_Tors: 1.611004 | State: STABLE
[AUM] I_Tors: 1.611009 | State: STABLE
[AUM] I_Tors: 1.611014 | State: STABLE
[AUM] I_Tors: 1.611019 | State: STABLE
[AUM] I_Tors: 1.611024 | State: STABLE
[AUM] I_Tors: 1.611029 | State: STABLE
[AUM] I_Tors: 1.611034 | State: STABLE
[AUM] I_Tors: 1.611039 | State: STABLE
[AUM] I_Tors: 1.611044 | State: STABLE
[AUM] I_Tors: 1.611048 | State: STABLE
[AUM] I_Tors: 1.611053 | State: STABLE
[AUM] I_Tors: 1.611058 | State: STABLE
[AUM] I_Tors: 1.611063 | State: STABLE
[AUM] I_Tors: 1.611068 | State: STABLE
[AUM] I_Tors: 1.611073 | State: STABLE
[AUM] I_Tors: 1.611078 | State: STABLE
[AUM] I_Tors: 1.611083 | State: STABLE
[AUM] I_Tors: 1.611087 | State: STABLE
[AUM] I_Tors: 1.611092 | State: STABLE
[AUM] I_Tors: 1.611097 | State: STABLE
[AUM] I_Tors: 1.611102 | State: STABLE
[AUM] I_Tors: 1.611107 | State: STABLE
[AUM] I_Tors: 1.611112 | State: STABLE
[AUM] I_Tors: 1.611117 | State: STABLE
[AUM] I_Tors: 1.611121 | State: STABLE
[AUM] I_Tors: 1.611126 | State: STABLE
[AUM] I_Tors: 1.611131 | State: STABLE
[AUM] I_Tors: 1.611136 | State: STABLE
[AUM] I_Tors: 1.611141 | State: STABLE
[AUM] I_Tors: 1.611146 | State: STABLE
[AUM] I_Tors: 1.611150 | State: STABLE
[AUM] I_Tors: 1.611155 | State: STABLE
[AUM] I_Tors: 1.611160 | State: STABLE
[AUM] I_Tors: 1.611165 | State: STABLE
[AUM] I_Tors: 1.611170 | State: STABLE
[AUM] I_Tors: 1.611175 | State: STABLE
[AUM] I_Tors: 1.611179 | State: STABLE
[AUM] I_Tors: 1.611184 | State: STABLE
[AUM] I_Tors: 1.611189 | State: STABLE
[AUM] I_Tors: 1.611194 | State: STABLE
[AUM] I_Tors: 1.611198 | State: STABLE
[AUM] I_Tors: 1.611203 | State: STABLE
[AUM] I_Tors: 1.611208 | State: STABLE
[AUM] I_Tors: 1.611213 | State: STABLE
[AUM] I_Tors: 1.611218 | State: STABLE
[AUM] I_Tors: 1.611222 | State: STABLE
[AUM] I_Tors: 1.611227 | State: STABLE
[AUM] I_Tors: 1.611232 | State: STABLE
[AUM] I_Tors: 1.611237 | State: STABLE
[AUM] I_Tors: 1.611241 | State: STABLE
[AUM] I_Tors: 1.611246 | State: STABLE
[AUM] I_Tors: 1.611251 | State: STABLE
[AUM] I_Tors: 1.611256 | State: STABLE
[AUM] I_Tors: 1.611260 | State: STABLE
[AUM] I_Tors: 1.611265 | State: STABLE
[AUM] I_Tors: 1.611270 | State: STABLE
[AUM] I_Tors: 1.611275 | State: STABLE
[AUM] I_Tors: 1.611279 | State: STABLE
[AUM] I_Tors: 1.611284 | State: STABLE
[AUM] I_Tors: 1.611289 | State: STABLE
[AUM] I_Tors: 1.611294 | State: STABLE
[AUM] I_Tors: 1.611298 | State: STABLE
[AUM] I_Tors: 1.611303 | State: STABLE
[AUM] I_Tors: 1.611308 | State: STABLE
[AUM] I_Tors: 1.611312 | State: STABLE
[AUM] I_Tors: 1.611317 | State: STABLE
[AUM] I_Tors: 1.611322 | State: STABLE
[AUM] I_Tors: 1.611326 | State: STABLE
[AUM] I_Tors: 1.611331 | State: STABLE
[AUM] I_Tors: 1.611336 | State: STABLE
[AUM] I_Tors: 1.611341 | State: STABLE
[AUM] I_Tors: 1.611345 | State: STABLE
[AUM] I_Tors: 1.611350 | State: STABLE
[AUM] I_Tors: 1.611355 | State: STABLE
[AUM] I_Tors: 1.611359 | State: STABLE
[AUM] I_Tors: 1.611364 | State: STABLE
[AUM] I_Tors: 1.611369 | State: STABLE
[AUM] I_Tors: 1.611373 | State: STABLE
[AUM] I_Tors: 1.611378 | State: STABLE
[AUM] I_Tors: 1.611383 | State: STABLE
[AUM] I_Tors: 1.611387 | State: STABLE
[AUM] I_Tors: 1.611392 | State: STABLE
[AUM] I_Tors: 1.611397 | State: STABLE
[AUM] I_Tors: 1.611401 | State: STABLE
[AUM] I_Tors: 1.611406 | State: STABLE
[AUM] I_Tors: 1.611411 | State: STABLE
[AUM] I_Tors: 1.611415 | State: STABLE
[AUM] I_Tors: 1.611420 | State: STABLE
[AUM] I_Tors: 1.611424 | State: STABLE
[AUM] I_Tors: 1.611429 | State: STABLE
[AUM] I_Tors: 1.611434 | State: STABLE
[AUM] I_Tors: 1.611438 | State: STABLE
[AUM] I_Tors: 1.611443 | State: STABLE
[AUM] I_Tors: 1.611448 | State: STABLE
[AUM] I_Tors: 1.611452 | State: STABLE
[AUM] I_Tors: 1.611457 | State: STABLE
[AUM] I_Tors: 1.611461 | State: STABLE
[AUM] I_Tors: 1.611466 | State: STABLE
[AUM] I_Tors: 1.611471 | State: STABLE
[AUM] I_Tors: 1.611475 | State: STABLE
[AUM] I_Tors: 1.611480 | State: STABLE
[AUM] I_Tors: 1.611484 | State: STABLE
[AUM] I_Tors: 1.611489 | State: STABLE
[AUM] I_Tors: 1.611493 | State: STABLE
[AUM] I_Tors: 1.611498 | State: STABLE
[AUM] I_Tors: 1.611503 | State: STABLE
[AUM] I_Tors: 1.611507 | State: STABLE
[AUM] I_Tors: 1.611512 | State: STABLE
[AUM] I_Tors: 1.611516 | State: STABLE
[AUM] I_Tors: 1.611521 | State: STABLE
[AUM] I_Tors: 1.611525 | State: STABLE
[AUM] I_Tors: 1.611530 | State: STABLE
[AUM] I_Tors: 1.611535 | State: STABLE
[AUM] I_Tors: 1.611539 | State: STABLE
[AUM] I_Tors: 1.611544 | State: STABLE
[AUM] I_Tors: 1.611548 | State: STABLE
[AUM] I_Tors: 1.611553 | State: STABLE
[AUM] I_Tors: 1.611557 | State: STABLE
[AUM] I_Tors: 1.611562 | State: STABLE
[AUM] I_Tors: 1.611566 | State: STABLE
[AUM] I_Tors: 1.611571 | State: STABLE
[AUM] I_Tors: 1.611575 | State: STABLE
[AUM] I_Tors: 1.611580 | State: STABLE
[AUM] I_Tors: 1.611584 | State: STABLE
[AUM] I_Tors: 1.611589 | State: STABLE
[AUM] I_Tors: 1.611593 | State: STABLE
[AUM] I_Tors: 1.611598 | State: STABLE
[AUM] I_Tors: 1.611602 | State: STABLE
[AUM] I_Tors: 1.611607 | State: STABLE
[AUM] I_Tors: 1.611611 | State: STABLE
[AUM] I_Tors: 1.611616 | State: STABLE
[AUM] I_Tors: 1.611620 | State: STABLE
[AUM] I_Tors: 1.611625 | State: STABLE
[AUM] I_Tors: 1.611629 | State: STABLE
[AUM] I_Tors: 1.611634 | State: STABLE
[AUM] I_Tors: 1.611638 | State: STABLE
[AUM] I_Tors: 1.611643 | State: STABLE
[AUM] I_Tors: 1.611647 | State: STABLE
[AUM] I_Tors: 1.611652 | State: STABLE
[AUM] I_Tors: 1.611656 | State: STABLE
[AUM] I_Tors: 1.611661 | State: STABLE
[AUM] I_Tors: 1.611665 | State: STABLE
[AUM] I_Tors: 1.611670 | State: STABLE
[AUM] I_Tors: 1.611674 | State: STABLE
[AUM] I_Tors: 1.611679 | State: STABLE
[AUM] I_Tors: 1.611683 | State: STABLE
[AUM] I_Tors: 1.611687 | State: STABLE
[AUM] I_Tors: 1.611692 | State: STABLE
[AUM] I_Tors: 1.611696 | State: STABLE
[AUM] I_Tors: 1.611701 | State: STABLE
[AUM] I_Tors: 1.611705 | State: STABLE
[AUM] I_Tors: 1.611710 | State: STABLE
[AUM] I_Tors: 1.611714 | State: STABLE
[AUM] I_Tors: 1.611719 | State: STABLE
[AUM] I_Tors: 1.611723 | State: STABLE
[AUM] I_Tors: 1.611727 | State: STABLE
[AUM] I_Tors: 1.611732 | State: STABLE
[AUM] I_Tors: 1.611736 | State: STABLE
[AUM] I_Tors: 1.611741 | State: STABLE
[AUM] I_Tors: 1.611745 | State: STABLE
[AUM] I_Tors: 1.611749 | State: STABLE
[AUM] I_Tors: 1.611754 | State: STABLE
[AUM] I_Tors: 1.611758 | State: STABLE
[AUM] I_Tors: 1.611763 | State: STABLE
[AUM] I_Tors: 1.611767 | State: STABLE
[AUM] I_Tors: 1.611771 | State: STABLE
[AUM] I_Tors: 1.611776 | State: STABLE
[AUM] I_Tors: 1.611780 | State: STABLE
[AUM] I_Tors: 1.611784 | State: STABLE
[AUM] I_Tors: 1.611789 | State: STABLE
[AUM] I_Tors: 1.611793 | State: STABLE
[AUM] I_Tors: 1.611798 | State: STABLE
[AUM] I_Tors: 1.611802 | State: STABLE
[AUM] I_Tors: 1.611806 | State: STABLE
[AUM] I_Tors: 1.611811 | State: STABLE
[AUM] I_Tors: 1.611815 | State: STABLE
[AUM] I_Tors: 1.611819 | State: STABLE
[AUM] I_Tors: 1.611824 | State: STABLE
[AUM] I_Tors: 1.611828 | State: STABLE
[AUM] I_Tors: 1.611832 | State: STABLE
[AUM] I_Tors: 1.611837 | State: STABLE
[AUM] I_Tors: 1.611841 | State: STABLE
[AUM] I_Tors: 1.611845 | State: STABLE
[AUM] I_Tors: 1.611850 | State: STABLE
[AUM] I_Tors: 1.611854 | State: STABLE
[AUM] I_Tors: 1.611858 | State: STABLE
[AUM] I_Tors: 1.611863 | State: STABLE
[AUM] I_Tors: 1.611867 | State: STABLE
[AUM] I_Tors: 1.611871 | State: STABLE
[AUM] I_Tors: 1.611876 | State: STABLE
[AUM] I_Tors: 1.611880 | State: STABLE
[AUM] I_Tors: 1.611884 | State: STABLE
[AUM] I_Tors: 1.611889 | State: STABLE
[AUM] I_Tors: 1.611893 | State: STABLE
[AUM] I_Tors: 1.611897 | State: STABLE
[AUM] I_Tors: 1.611902 | State: STABLE
[AUM] I_Tors: 1.611906 | State: STABLE
[AUM] I_Tors: 1.611910 | State: STABLE
[AUM] I_Tors: 1.611914 | State: STABLE
[AUM] I_Tors: 1.611919 | State: STABLE
[AUM] I_Tors: 1.611923 | State: STABLE
[AUM] I_Tors: 1.611927 | State: STABLE
[AUM] I_Tors: 1.611932 | State: STABLE
[AUM] I_Tors: 1.611936 | State: STABLE
[AUM] I_Tors: 1.611940 | State: STABLE
[AUM] I_Tors: 1.611944 | State: STABLE
[AUM] I_Tors: 1.611949 | State: STABLE
[AUM] I_Tors: 1.611953 | State: STABLE
[AUM] I_Tors: 1.611957 | State: STABLE
[AUM] I_Tors: 1.611961 | State: STABLE
[AUM] I_Tors: 1.611966 | State: STABLE
[AUM] I_Tors: 1.611970 | State: STABLE
[AUM] I_Tors: 1.611974 | State: STABLE
[AUM] I_Tors: 1.611978 | State: STABLE
[AUM] I_Tors: 1.611983 | State: STABLE
[AUM] I_Tors: 1.611987 | State: STABLE
[AUM] I_Tors: 1.611991 | State: STABLE
[AUM] I_Tors: 1.611995 | State: STABLE
[AUM] I_Tors: 1.612000 | State: STABLE
[AUM] I_Tors: 1.612004 | State: STABLE
[AUM] I_Tors: 1.612008 | State: STABLE
[AUM] I_Tors: 1.612012 | State: STABLE
[AUM] I_Tors: 1.612016 | State: STABLE
[AUM] I_Tors: 1.612021 | State: STABLE
[AUM] I_Tors: 1.612025 | State: STABLE
[AUM] I_Tors: 1.612029 | State: STABLE
[AUM] I_Tors: 1.612033 | State: STABLE
[AUM] I_Tors: 1.612037 | State: STABLE
[AUM] I_Tors: 1.612042 | State: STABLE
[AUM] I_Tors: 1.612046 | State: STABLE
[AUM] I_Tors: 1.612050 | State: STABLE
[AUM] I_Tors: 1.612054 | State: STABLE
[AUM] I_Tors: 1.612058 | State: STABLE
[AUM] I_Tors: 1.612063 | State: STABLE
[AUM] I_Tors: 1.612067 | State: STABLE
[AUM] I_Tors: 1.612071 | State: STABLE
[AUM] I_Tors: 1.612075 | State: STABLE
[AUM] I_Tors: 1.612079 | State: STABLE
[AUM] I_Tors: 1.612083 | State: STABLE
[AUM] I_Tors: 1.612088 | State: STABLE
[AUM] I_Tors: 1.612092 | State: STABLE
[AUM] I_Tors: 1.612096 | State: STABLE
[AUM] I_Tors: 1.612100 | State: STABLE
[AUM] I_Tors: 1.612104 | State: STABLE
[AUM] I_Tors: 1.612108 | State: STABLE
[AUM] I_Tors: 1.612113 | State: STABLE
[AUM] I_Tors: 1.612117 | State: STABLE
[AUM] I_Tors: 1.612121 | State: STABLE
[AUM] I_Tors: 1.612125 | State: STABLE
[AUM] I_Tors: 1.612129 | State: STABLE
[AUM] I_Tors: 1.612133 | State: STABLE
[AUM] I_Tors: 1.612137 | State: STABLE
[AUM] I_Tors: 1.612141 | State: STABLE
[AUM] I_Tors: 1.612146 | State: STABLE
[AUM] I_Tors: 1.612150 | State: STABLE
[AUM] I_Tors: 1.612154 | State: STABLE
[AUM] I_Tors: 1.612158 | State: STABLE
[AUM] I_Tors: 1.612162 | State: STABLE
[AUM] I_Tors: 1.612166 | State: STABLE
[AUM] I_Tors: 1.612170 | State: STABLE
[AUM] I_Tors: 1.612174 | State: STABLE
[AUM] I_Tors: 1.612179 | State: STABLE
[AUM] I_Tors: 1.612183 | State: STABLE
[AUM] I_Tors: 1.612187 | State: STABLE
[AUM] I_Tors: 1.612191 | State: STABLE
[AUM] I_Tors: 1.612195 | State: STABLE
[AUM] I_Tors: 1.612199 | State: STABLE
[AUM] I_Tors: 1.612203 | State: STABLE
[AUM] I_Tors: 1.612207 | State: STABLE
[AUM] I_Tors: 1.612211 | State: STABLE
[AUM] I_Tors: 1.612215 | State: STABLE
[AUM] I_Tors: 1.612219 | State: STABLE
[AUM] I_Tors: 1.612223 | State: STABLE
[AUM] I_Tors: 1.612228 | State: STABLE
[AUM] I_Tors: 1.612232 | State: STABLE
[AUM] I_Tors: 1.612236 | State: STABLE
[AUM] I_Tors: 1.612240 | State: STABLE
[AUM] I_Tors: 1.612244 | State: STABLE
[AUM] I_Tors: 1.612248 | State: STABLE
[AUM] I_Tors: 1.612252 | State: STABLE
[AUM] I_Tors: 1.612256 | State: STABLE
[AUM] I_Tors: 1.612260 | State: STABLE
[AUM] I_Tors: 1.612264 | State: STABLE
[AUM] I_Tors: 1.612268 | State: STABLE
[AUM] I_Tors: 1.612272 | State: STABLE
[AUM] I_Tors: 1.612276 | State: STABLE
[AUM] I_Tors: 1.612280 | State: STABLE
[AUM] I_Tors: 1.612284 | State: STABLE
[AUM] I_Tors: 1.612288 | State: STABLE
[AUM] I_Tors: 1.612292 | State: STABLE
[AUM] I_Tors: 1.612296 | State: STABLE
[AUM] I_Tors: 1.612300 | State: STABLE
[AUM] I_Tors: 1.612304 | State: STABLE
[AUM] I_Tors: 1.612308 | State: STABLE
[AUM] I_Tors: 1.612312 | State: STABLE
[AUM] I_Tors: 1.612316 | State: STABLE
[AUM] I_Tors: 1.612320 | State: STABLE
[AUM] I_Tors: 1.612324 | State: STABLE
[AUM] I_Tors: 1.612328 | State: STABLE
[AUM] I_Tors: 1.612332 | State: STABLE
[AUM] I_Tors: 1.612336 | State: STABLE
[AUM] I_Tors: 1.612340 | State: STABLE
[AUM] I_Tors: 1.612344 | State: STABLE
[AUM] I_Tors: 1.612348 | State: STABLE
[AUM] I_Tors: 1.612352 | State: STABLE
[AUM] I_Tors: 1.612356 | State: STABLE
[AUM] I_Tors: 1.612360 | State: STABLE
[AUM] I_Tors: 1.612364 | State: STABLE
[AUM] I_Tors: 1.612368 | State: STABLE
[AUM] I_Tors: 1.612372 | State: STABLE
[AUM] I_Tors: 1.612376 | State: STABLE
[AUM] I_Tors: 1.612380 | State: STABLE
[AUM] I_Tors: 1.612384 | State: STABLE
[AUM] I_Tors: 1.612388 | State: STABLE
[AUM] I_Tors: 1.612392 | State: STABLE
[AUM] I_Tors: 1.612396 | State: STABLE
[AUM] I_Tors: 1.612400 | State: STABLE
[AUM] I_Tors: 1.612404 | State: STABLE
[AUM] I_Tors: 1.612408 | State: STABLE
[AUM] I_Tors: 1.612412 | State: STABLE
[AUM] I_Tors: 1.612415 | State: STABLE
[AUM] I_Tors: 1.612419 | State: STABLE
[AUM] I_Tors: 1.612423 | State: STABLE
[AUM] I_Tors: 1.612427 | State: STABLE
[AUM] I_Tors: 1.612431 | State: STABLE
[AUM] I_Tors: 1.612435 | State: STABLE
[AUM] I_Tors: 1.612439 | State: STABLE
[AUM] I_Tors: 1.612443 | State: STABLE
[AUM] I_Tors: 1.612447 | State: STABLE
[AUM] I_Tors: 1.612451 | State: STABLE
[AUM] I_Tors: 1.612455 | State: STABLE
[AUM] I_Tors: 1.612459 | State: STABLE
[AUM] I_Tors: 1.612463 | State: STABLE
[AUM] I_Tors: 1.612466 | State: STABLE
[AUM] I_Tors: 1.612470 | State: STABLE
[AUM] I_Tors: 1.612474 | State: STABLE
[AUM] I_Tors: 1.612478 | State: STABLE
[AUM] I_Tors: 1.612482 | State: STABLE
[AUM] I_Tors: 1.612486 | State: STABLE
[AUM] I_Tors: 1.612490 | State: STABLE
[AUM] I_Tors: 1.612494 | State: STABLE
[AUM] I_Tors: 1.612498 | State: STABLE
[AUM] I_Tors: 1.612501 | State: STABLE
[AUM] I_Tors: 1.612505 | State: STABLE
[AUM] I_Tors: 1.612509 | State: STABLE
[AUM] I_Tors: 1.612513 | State: STABLE
[AUM] I_Tors: 1.612517 | State: STABLE
[AUM] I_Tors: 1.612521 | State: STABLE
[AUM] I_Tors: 1.612525 | State: STABLE
[AUM] I_Tors: 1.612528 | State: STABLE
[AUM] I_Tors: 1.612532 | State: STABLE
[AUM] I_Tors: 1.612536 | State: STABLE
[AUM] I_Tors: 1.612540 | State: STABLE
[AUM] I_Tors: 1.612544 | State: STABLE
[AUM] I_Tors: 1.612548 | State: STABLE
[AUM] I_Tors: 1.612552 | State: STABLE
[AUM] I_Tors: 1.612555 | State: STABLE
[AUM] I_Tors: 1.612559 | State: STABLE
[AUM] I_Tors: 1.612563 | State: STABLE
[AUM] I_Tors: 1.612567 | State: STABLE
[AUM] I_Tors: 1.612571 | State: STABLE
[AUM] I_Tors: 1.612575 | State: STABLE
[AUM] I_Tors: 1.612578 | State: STABLE
[AUM] I_Tors: 1.612582 | State: STABLE
[AUM] I_Tors: 1.612586 | State: STABLE
[AUM] I_Tors: 1.612590 | State: STABLE
[AUM] I_Tors: 1.612594 | State: STABLE
[AUM] I_Tors: 1.612597 | State: STABLE
[AUM] I_Tors: 1.612601 | State: STABLE
[AUM] I_Tors: 1.612605 | State: STABLE
[AUM] I_Tors: 1.612609 | State: STABLE
[AUM] I_Tors: 1.612613 | State: STABLE
[AUM] I_Tors: 1.612616 | State: STABLE
[AUM] I_Tors: 1.612620 | State: STABLE
[AUM] I_Tors: 1.612624 | State: STABLE
[AUM] I_Tors: 1.612628 | State: STABLE
[AUM] I_Tors: 1.612632 | State: STABLE
[AUM] I_Tors: 1.612635 | State: STABLE
[AUM] I_Tors: 1.612639 | State: STABLE
[AUM] I_Tors: 1.612643 | State: STABLE
[AUM] I_Tors: 1.612647 | State: STABLE
[AUM] I_Tors: 1.612650 | State: STABLE
[AUM] I_Tors: 1.612654 | State: STABLE
[AUM] I_Tors: 1.612658 | State: STABLE
[AUM] I_Tors: 1.612662 | State: STABLE
[AUM] I_Tors: 1.612665 | State: STABLE
[AUM] I_Tors: 1.612669 | State: STABLE
[AUM] I_Tors: 1.612673 | State: STABLE
[AUM] I_Tors: 1.612677 | State: STABLE
[AUM] I_Tors: 1.612681 | State: STABLE
[AUM] I_Tors: 1.612684 | State: STABLE
[AUM] I_Tors: 1.612688 | State: STABLE
[AUM] I_Tors: 1.612692 | State: STABLE
[AUM] I_Tors: 1.612695 | State: STABLE
[AUM] I_Tors: 1.612699 | State: STABLE
[AUM] I_Tors: 1.612703 | State: STABLE
[AUM] I_Tors: 1.612707 | State: STABLE
[AUM] I_Tors: 1.612710 | State: STABLE
[AUM] I_Tors: 1.612714 | State: STABLE
[AUM] I_Tors: 1.612718 | State: STABLE
[AUM] I_Tors: 1.612722 | State: STABLE
[AUM] I_Tors: 1.612725 | State: STABLE
[AUM] I_Tors: 1.612729 | State: STABLE
[AUM] I_Tors: 1.612733 | State: STABLE
[AUM] I_Tors: 1.612736 | State: STABLE
[AUM] I_Tors: 1.612740 | State: STABLE
[AUM] I_Tors: 1.612744 | State: STABLE
[AUM] I_Tors: 1.612748 | State: STABLE
[AUM] I_Tors: 1.612751 | State: STABLE
[AUM] I_Tors: 1.612755 | State: STABLE
[AUM] I_Tors: 1.612759 | State: STABLE
[AUM] I_Tors: 1.612762 | State: STABLE
[AUM] I_Tors: 1.612766 | State: STABLE
[AUM] I_Tors: 1.612770 | State: STABLE
[AUM] I_Tors: 1.612773 | State: STABLE
[AUM] I_Tors: 1.612777 | State: STABLE
[AUM] I_Tors: 1.612781 | State: STABLE
[AUM] I_Tors: 1.612784 | State: STABLE
[AUM] I_Tors: 1.612788 | State: STABLE
[AUM] I_Tors: 1.612792 | State: STABLE
[AUM] I_Tors: 1.612795 | State: STABLE
[AUM] I_Tors: 1.612799 | State: STABLE
[AUM] I_Tors: 1.612803 | State: STABLE
[AUM] I_Tors: 1.612806 | State: STABLE
[AUM] I_Tors: 1.612810 | State: STABLE
[AUM] I_Tors: 1.612814 | State: STABLE
[AUM] I_Tors: 1.612817 | State: STABLE
[AUM] I_Tors: 1.612821 | State: STABLE
[AUM] I_Tors: 1.612825 | State: STABLE
[AUM] I_Tors: 1.612828 | State: STABLE
[AUM] I_Tors: 1.612832 | State: STABLE
[AUM] I_Tors: 1.612836 | State: STABLE
[AUM] I_Tors: 1.612839 | State: STABLE
[AUM] I_Tors: 1.612843 | State: STABLE
[AUM] I_Tors: 1.612847 | State: STABLE
[AUM] I_Tors: 1.612850 | State: STABLE
[AUM] I_Tors: 1.612854 | State: STABLE
[AUM] I_Tors: 1.612857 | State: STABLE
[AUM] I_Tors: 1.612861 | State: STABLE
[AUM] I_Tors: 1.612865 | State: STABLE
[AUM] I_Tors: 1.612868 | State: STABLE
[AUM] I_Tors: 1.612872 | State: STABLE
[AUM] I_Tors: 1.612876 | State: STABLE
[AUM] I_Tors: 1.612879 | State: STABLE
[AUM] I_Tors: 1.612883 | State: STABLE
[AUM] I_Tors: 1.612886 | State: STABLE
[AUM] I_Tors: 1.612890 | State: STABLE
[AUM] I_Tors: 1.612894 | State: STABLE
[AUM] I_Tors: 1.612897 | State: STABLE
[AUM] I_Tors: 1.612901 | State: STABLE
[AUM] I_Tors: 1.612904 | State: STABLE
[AUM] I_Tors: 1.612908 | State: STABLE
[AUM] I_Tors: 1.612912 | State: STABLE
[AUM] I_Tors: 1.612915 | State: STABLE
[AUM] I_Tors: 1.612919 | State: STABLE
[AUM] I_Tors: 1.612922 | State: STABLE
[AUM] I_Tors: 1.612926 | State: STABLE
[AUM] I_Tors: 1.612929 | State: STABLE
[AUM] I_Tors: 1.612933 | State: STABLE
[AUM] I_Tors: 1.612937 | State: STABLE
[AUM] I_Tors: 1.612940 | State: STABLE
[AUM] I_Tors: 1.612944 | State: STABLE
[AUM] I_Tors: 1.612947 | State: STABLE
[AUM] I_Tors: 1.612951 | State: STABLE
[AUM] I_Tors: 1.612954 | State: STABLE
[AUM] I_Tors: 1.612958 | State: STABLE
[AUM] I_Tors: 1.612962 | State: STABLE
[AUM] I_Tors: 1.612965 | State: STABLE
[AUM] I_Tors: 1.612969 | State: STABLE
[AUM] I_Tors: 1.612972 | State: STABLE
[AUM] I_Tors: 1.612976 | State: STABLE
[AUM] I_Tors: 1.612979 | State: STABLE
[AUM] I_Tors: 1.612983 | State: STABLE
[AUM] I_Tors: 1.612986 | State: STABLE
[AUM] I_Tors: 1.612990 | State: STABLE
[AUM] I_Tors: 1.612993 | State: STABLE
[AUM] I_Tors: 1.612997 | State: STABLE
[AUM] I_Tors: 1.613000 | State: STABLE
[AUM] I_Tors: 1.613004 | State: STABLE
[AUM] I_Tors: 1.613007 | State: STABLE
[AUM] I_Tors: 1.613011 | State: STABLE
[AUM] I_Tors: 1.613015 | State: STABLE
[AUM] I_Tors: 1.613018 | State: STABLE
[AUM] I_Tors: 1.613022 | State: STABLE
[AUM] I_Tors: 1.613025 | State: STABLE
[AUM] I_Tors: 1.613029 | State: STABLE
[AUM] I_Tors: 1.613032 | State: STABLE
[AUM] I_Tors: 1.613036 | State: STABLE
[AUM] I_Tors: 1.613039 | State: STABLE
[AUM] I_Tors: 1.613043 | State: STABLE
[AUM] I_Tors: 1.613046 | State: STABLE
[AUM] I_Tors: 1.613050 | State: STABLE
[AUM] I_Tors: 1.613053 | State: STABLE
[AUM] I_Tors: 1.613057 | State: STABLE
[AUM] I_Tors: 1.613060 | State: STABLE
[AUM] I_Tors: 1.613063 | State: STABLE
[AUM] I_Tors: 1.613067 | State: STABLE
[AUM] I_Tors: 1.613070 | State: STABLE
[AUM] I_Tors: 1.613074 | State: STABLE
[AUM] I_Tors: 1.613077 | State: STABLE
[AUM] I_Tors: 1.613081 | State: STABLE
[AUM] I_Tors: 1.613084 | State: STABLE
[AUM] I_Tors: 1.613088 | State: STABLE
[AUM] I_Tors: 1.613091 | State: STABLE
[AUM] I_Tors: 1.613095 | State: STABLE
[AUM] I_Tors: 1.613098 | State: STABLE
[AUM] I_Tors: 1.613102 | State: STABLE
[AUM] I_Tors: 1.613105 | State: STABLE
[AUM] I_Tors: 1.613109 | State: STABLE
[AUM] I_Tors: 1.613112 | State: STABLE
[AUM] I_Tors: 1.613115 | State: STABLE
[AUM] I_Tors: 1.613119 | State: STABLE
[AUM] I_Tors: 1.613122 | State: STABLE
[AUM] I_Tors: 1.613126 | State: STABLE
[AUM] I_Tors: 1.613129 | State: STABLE
[AUM] I_Tors: 1.613133 | State: STABLE
[AUM] I_Tors: 1.613136 | State: STABLE
[AUM] I_Tors: 1.613139 | State: STABLE
[AUM] I_Tors: 1.613143 | State: STABLE
[AUM] I_Tors: 1.613146 | State: STABLE
[AUM] I_Tors: 1.613150 | State: STABLE
[AUM] I_Tors: 1.613153 | State: STABLE
[AUM] I_Tors: 1.613157 | State: STABLE
[AUM] I_Tors: 1.613160 | State: STABLE
[AUM] I_Tors: 1.613163 | State: STABLE
[AUM] I_Tors: 1.613167 | State: STABLE
[AUM] I_Tors: 1.613170 | State: STABLE
[AUM] I_Tors: 1.613174 | State: STABLE
[AUM] I_Tors: 1.613177 | State: STABLE
[AUM] I_Tors: 1.613180 | State: STABLE
[AUM] I_Tors: 1.613184 | State: STABLE
[AUM] I_Tors: 1.613187 | State: STABLE
[AUM] I_Tors: 1.613191 | State: STABLE
[AUM] I_Tors: 1.613194 | State: STABLE
[AUM] I_Tors: 1.613197 | State: STABLE
[AUM] I_Tors: 1.613201 | State: STABLE
[AUM] I_Tors: 1.613204 | State: STABLE
[AUM] I_Tors: 1.613208 | State: STABLE
[AUM] I_Tors: 1.613211 | State: STABLE
[AUM] I_Tors: 1.613214 | State: STABLE
[AUM] I_Tors: 1.613218 | State: STABLE
[AUM] I_Tors: 1.613221 | State: STABLE
[AUM] I_Tors: 1.613224 | State: STABLE
[AUM] I_Tors: 1.613228 | State: STABLE
[AUM] I_Tors: 1.613231 | State: STABLE
[AUM] I_Tors: 1.613235 | State: STABLE
[AUM] I_Tors: 1.613238 | State: STABLE
[AUM] I_Tors: 1.613241 | State: STABLE
[AUM] I_Tors: 1.613245 | State: STABLE
[AUM] I_Tors: 1.613248 | State: STABLE
[AUM] I_Tors: 1.613251 | State: STABLE
[AUM] I_Tors: 1.613255 | State: STABLE
[AUM] I_Tors: 1.613258 | State: STABLE
[AUM] I_Tors: 1.613261 | State: STABLE
[AUM] I_Tors: 1.613265 | State: STABLE
[AUM] I_Tors: 1.613268 | State: STABLE
[AUM] I_Tors: 1.613271 | State: STABLE
[AUM] I_Tors: 1.613275 | State: STABLE
[AUM] I_Tors: 1.613278 | State: STABLE
[AUM] I_Tors: 1.613281 | State: STABLE
[AUM] I_Tors: 1.613285 | State: STABLE
[AUM] I_Tors: 1.613288 | State: STABLE
[AUM] I_Tors: 1.613291 | State: STABLE
[AUM] I_Tors: 1.613295 | State: STABLE
[AUM] I_Tors: 1.613298 | State: STABLE
[AUM] I_Tors: 1.613301 | State: STABLE
[AUM] I_Tors: 1.613305 | State: STABLE
[AUM] I_Tors: 1.613308 | State: STABLE
[AUM] I_Tors: 1.613311 | State: STABLE
[AUM] I_Tors: 1.613314 | State: STABLE
[AUM] I_Tors: 1.613318 | State: STABLE
[AUM] I_Tors: 1.613321 | State: STABLE
[AUM] I_Tors: 1.613324 | State: STABLE
[AUM] I_Tors: 1.613328 | State: STABLE
[AUM] I_Tors: 1.613331 | State: STABLE
[AUM] I_Tors: 1.613334 | State: STABLE
[AUM] I_Tors: 1.613338 | State: STABLE
[AUM] I_Tors: 1.613341 | State: STABLE
[AUM] I_Tors: 1.613344 | State: STABLE
[AUM] I_Tors: 1.613347 | State: STABLE
[AUM] I_Tors: 1.613351 | State: STABLE
[AUM] I_Tors: 1.613354 | State: STABLE
[AUM] I_Tors: 1.613357 | State: STABLE
[AUM] I_Tors: 1.613361 | State: STABLE
[AUM] I_Tors: 1.613364 | State: STABLE
[AUM] I_Tors: 1.613367 | State: STABLE
[AUM] I_Tors: 1.613370 | State: STABLE
[AUM] I_Tors: 1.613374 | State: STABLE
[AUM] I_Tors: 1.613377 | State: STABLE
[AUM] I_Tors: 1.613380 | State: STABLE
[AUM] I_Tors: 1.613383 | State: STABLE
[AUM] I_Tors: 1.613387 | State: STABLE
[AUM] I_Tors: 1.613390 | State: STABLE
[AUM] I_Tors: 1.613393 | State: STABLE
[AUM] I_Tors: 1.613396 | State: STABLE
[AUM] I_Tors: 1.613400 | State: STABLE
[AUM] I_Tors: 1.613403 | State: STABLE
[AUM] I_Tors: 1.613406 | State: STABLE
[AUM] I_Tors: 1.613409 | State: STABLE
[AUM] I_Tors: 1.613413 | State: STABLE
[AUM] I_Tors: 1.613416 | State: STABLE
[AUM] I_Tors: 1.613419 | State: STABLE
[AUM] I_Tors: 1.613422 | State: STABLE
[AUM] I_Tors: 1.613426 | State: STABLE
[AUM] I_Tors: 1.613429 | State: STABLE
[AUM] I_Tors: 1.613432 | State: STABLE
[AUM] I_Tors: 1.613435 | State: STABLE
[AUM] I_Tors: 1.613438 | State: STABLE
[AUM] I_Tors: 1.613442 | State: STABLE
[AUM] I_Tors: 1.613445 | State: STABLE
[AUM] I_Tors: 1.613448 | State: STABLE
[AUM] I_Tors: 1.613451 | State: STABLE
[AUM] I_Tors: 1.613454 | State: STABLE
[AUM] I_Tors: 1.613458 | State: STABLE
[AUM] I_Tors: 1.613461 | State: STABLE
[AUM] I_Tors: 1.613464 | State: STABLE
[AUM] I_Tors: 1.613467 | State: STABLE
[AUM] I_Tors: 1.613470 | State: STABLE
[AUM] I_Tors: 1.613474 | State: STABLE
[AUM] I_Tors: 1.613477 | State: STABLE
[AUM] I_Tors: 1.613480 | State: STABLE
[AUM] I_Tors: 1.613483 | State: STABLE
[AUM] I_Tors: 1.613486 | State: STABLE
[AUM] I_Tors: 1.613490 | State: STABLE
[AUM] I_Tors: 1.613493 | State: STABLE
[AUM] I_Tors: 1.613496 | State: STABLE
[AUM] I_Tors: 1.613499 | State: STABLE
[AUM] I_Tors: 1.613502 | State: STABLE
[AUM] I_Tors: 1.613506 | State: STABLE
[AUM] I_Tors: 1.613509 | State: STABLE
[AUM] I_Tors: 1.613512 | State: STABLE
[AUM] I_Tors: 1.613515 | State: STABLE
[AUM] I_Tors: 1.613518 | State: STABLE
[AUM] I_Tors: 1.613521 | State: STABLE
[AUM] I_Tors: 1.613524 | State: STABLE
[AUM] I_Tors: 1.613528 | State: STABLE
[AUM] I_Tors: 1.613531 | State: STABLE
[AUM] I_Tors: 1.613534 | State: STABLE
[AUM] I_Tors: 1.613537 | State: STABLE
[AUM] I_Tors: 1.613540 | State: STABLE
[AUM] I_Tors: 1.613543 | State: STABLE
[AUM] I_Tors: 1.613547 | State: STABLE
[AUM] I_Tors: 1.613550 | State: STABLE
[AUM] I_Tors: 1.613553 | State: STABLE
[AUM] I_Tors: 1.613556 | State: STABLE
[AUM] I_Tors: 1.613559 | State: STABLE
[AUM] I_Tors: 1.613562 | State: STABLE
[AUM] I_Tors: 1.613565 | State: STABLE
[AUM] I_Tors: 1.613568 | State: STABLE
[AUM] I_Tors: 1.613572 | State: STABLE
[AUM] I_Tors: 1.613575 | State: STABLE
[AUM] I_Tors: 1.613578 | State: STABLE
[AUM] I_Tors: 1.613581 | State: STABLE
[AUM] I_Tors: 1.613584 | State: STABLE
[AUM] I_Tors: 1.613587 | State: STABLE
[AUM] I_Tors: 1.613590 | State: STABLE
[AUM] I_Tors: 1.613593 | State: STABLE
[AUM] I_Tors: 1.613597 | State: STABLE
[AUM] I_Tors: 1.613600 | State: STABLE
[AUM] I_Tors: 1.613603 | State: STABLE
[AUM] I_Tors: 1.613606 | State: STABLE
[AUM] I_Tors: 1.613609 | State: STABLE
[AUM] I_Tors: 1.613612 | State: STABLE
[AUM] I_Tors: 1.613615 | State: STABLE
[AUM] I_Tors: 1.613618 | State: STABLE
[AUM] I_Tors: 1.613621 | State: STABLE
[AUM] I_Tors: 1.613624 | State: STABLE
[AUM] I_Tors: 1.613628 | State: STABLE
[AUM] I_Tors: 1.613631 | State: STABLE
[AUM] I_Tors: 1.613634 | State: STABLE
[AUM] I_Tors: 1.613637 | State: STABLE
[AUM] I_Tors: 1.613640 | State: STABLE
[AUM] I_Tors: 1.613643 | State: STABLE
[AUM] I_Tors: 1.613646 | State: STABLE
[AUM] I_Tors: 1.613649 | State: STABLE
[AUM] I_Tors: 1.613652 | State: STABLE
[AUM] I_Tors: 1.613655 | State: STABLE
[AUM] I_Tors: 1.613658 | State: STABLE
[AUM] I_Tors: 1.613661 | State: STABLE
[AUM] I_Tors: 1.613664 | State: STABLE
[AUM] I_Tors: 1.613667 | State: STABLE
[AUM] I_Tors: 1.613670 | State: STABLE
[AUM] I_Tors: 1.613674 | State: STABLE
[AUM] I_Tors: 1.613677 | State: STABLE
[AUM] I_Tors: 1.613680 | State: STABLE
[AUM] I_Tors: 1.613683 | State: STABLE
[AUM] I_Tors: 1.613686 | State: STABLE
[AUM] I_Tors: 1.613689 | State: STABLE
[AUM] I_Tors: 1.613692 | State: STABLE
[AUM] I_Tors: 1.613695 | State: STABLE
[AUM] I_Tors: 1.613698 | State: STABLE
[AUM] I_Tors: 1.613701 | State: STABLE
[AUM] I_Tors: 1.613704 | State: STABLE
[AUM] I_Tors: 1.613707 | State: STABLE
[AUM] I_Tors: 1.613710 | State: STABLE
[AUM] I_Tors: 1.613713 | State: STABLE
[AUM] I_Tors: 1.613716 | State: STABLE
[AUM] I_Tors: 1.613719 | State: STABLE
[AUM] I_Tors: 1.613722 | State: STABLE
[AUM] I_Tors: 1.613725 | State: STABLE
[AUM] I_Tors: 1.613728 | State: STABLE
[AUM] I_Tors: 1.613731 | State: STABLE
[AUM] I_Tors: 1.613734 | State: STABLE
[AUM] I_Tors: 1.613737 | State: STABLE
[AUM] I_Tors: 1.613740 | State: STABLE
[AUM] I_Tors: 1.613743 | State: STABLE
[AUM] I_Tors: 1.613746 | State: STABLE
[AUM] I_Tors: 1.613749 | State: STABLE
[AUM] I_Tors: 1.613752 | State: STABLE
[AUM] I_Tors: 1.613755 | State: STABLE
[AUM] I_Tors: 1.613758 | State: STABLE
[AUM] I_Tors: 1.613761 | State: STABLE
[AUM] I_Tors: 1.613764 | State: STABLE
[AUM] I_Tors: 1.613767 | State: STABLE
[AUM] I_Tors: 1.613770 | State: STABLE
[AUM] I_Tors: 1.613773 | State: STABLE
[AUM] I_Tors: 1.613776 | State: STABLE
[AUM] I_Tors: 1.613779 | State: STABLE
[AUM] I_Tors: 1.613782 | State: STABLE
[AUM] I_Tors: 1.613785 | State: STABLE
[AUM] I_Tors: 1.613788 | State: STABLE
[AUM] I_Tors: 1.613791 | State: STABLE
[AUM] I_Tors: 1.613794 | State: STABLE
[AUM] I_Tors: 1.613797 | State: STABLE
[AUM] I_Tors: 1.613800 | State: STABLE
[AUM] I_Tors: 1.613803 | State: STABLE
[AUM] I_Tors: 1.613806 | State: STABLE
[AUM] I_Tors: 1.613809 | State: STABLE
[AUM] I_Tors: 1.613812 | State: STABLE
[AUM] I_Tors: 1.613815 | State: STABLE
[AUM] I_Tors: 1.613818 | State: STABLE
[AUM] I_Tors: 1.613821 | State: STABLE
[AUM] I_Tors: 1.613824 | State: STABLE
[AUM] I_Tors: 1.613827 | State: STABLE
[AUM] I_Tors: 1.613829 | State: STABLE
[AUM] I_Tors: 1.613832 | State: STABLE
[AUM] I_Tors: 1.613835 | State: STABLE
[AUM] I_Tors: 1.613838 | State: STABLE
[AUM] I_Tors: 1.613841 | State: STABLE
[AUM] I_Tors: 1.613844 | State: STABLE
[AUM] I_Tors: 1.613847 | State: STABLE
[AUM] I_Tors: 1.613850 | State: STABLE
[AUM] I_Tors: 1.613853 | State: STABLE
[AUM] I_Tors: 1.613856 | State: STABLE
[AUM] I_Tors: 1.613859 | State: STABLE
[AUM] I_Tors: 1.613862 | State: STABLE
[AUM] I_Tors: 1.613865 | State: STABLE
[AUM] I_Tors: 1.613868 | State: STABLE
[AUM] I_Tors: 1.613870 | State: STABLE
[AUM] I_Tors: 1.613873 | State: STABLE
[AUM] I_Tors: 1.613876 | State: STABLE
[AUM] I_Tors: 1.613879 | State: STABLE
[AUM] I_Tors: 1.613882 | State: STABLE
[AUM] I_Tors: 1.613885 | State: STABLE
[AUM] I_Tors: 1.613888 | State: STABLE
[AUM] I_Tors: 1.613891 | State: STABLE
[AUM] I_Tors: 1.613894 | State: STABLE
[AUM] I_Tors: 1.613897 | State: STABLE
[AUM] I_Tors: 1.613900 | State: STABLE
[AUM] I_Tors: 1.613902 | State: STABLE
[AUM] I_Tors: 1.613905 | State: STABLE
[AUM] I_Tors: 1.613908 | State: STABLE
[AUM] I_Tors: 1.613911 | State: STABLE
[AUM] I_Tors: 1.613914 | State: STABLE
[AUM] I_Tors: 1.613917 | State: STABLE
[AUM] I_Tors: 1.613920 | State: STABLE
[AUM] I_Tors: 1.613923 | State: STABLE
[AUM] I_Tors: 1.613926 | State: STABLE
[AUM] I_Tors: 1.613928 | State: STABLE
[AUM] I_Tors: 1.613931 | State: STABLE
[AUM] I_Tors: 1.613934 | State: STABLE
[AUM] I_Tors: 1.613937 | State: STABLE
[AUM] I_Tors: 1.613940 | State: STABLE
[AUM] I_Tors: 1.613943 | State: STABLE
[AUM] I_Tors: 1.613946 | State: STABLE
[AUM] I_Tors: 1.613948 | State: STABLE
[AUM] I_Tors: 1.613951 | State: STABLE
[AUM] I_Tors: 1.613954 | State: STABLE
[AUM] I_Tors: 1.613957 | State: STABLE
[AUM] I_Tors: 1.613960 | State: STABLE
[AUM] I_Tors: 1.613963 | State: STABLE
[AUM] I_Tors: 1.613966 | State: STABLE
[AUM] I_Tors: 1.613968 | State: STABLE
[AUM] I_Tors: 1.613971 | State: STABLE
[AUM] I_Tors: 1.613974 | State: STABLE
[AUM] I_Tors: 1.613977 | State: STABLE
[AUM] I_Tors: 1.613980 | State: STABLE
[AUM] I_Tors: 1.613983 | State: STABLE
[AUM] I_Tors: 1.613985 | State: STABLE
[AUM] I_Tors: 1.613988 | State: STABLE
[AUM] I_Tors: 1.613991 | State: STABLE
[AUM] I_Tors: 1.613994 | State: STABLE
[AUM] I_Tors: 1.613997 | State: STABLE
[AUM] I_Tors: 1.614000 | State: STABLE
[AUM] I_Tors: 1.614002 | State: STABLE
[AUM] I_Tors: 1.614005 | State: STABLE
[AUM] I_Tors: 1.614008 | State: STABLE
[AUM] I_Tors: 1.614011 | State: STABLE
[AUM] I_Tors: 1.614014 | State: STABLE
[AUM] I_Tors: 1.614017 | State: STABLE
[AUM] I_Tors: 1.614019 | State: STABLE
[AUM] I_Tors: 1.614022 | State: STABLE
[AUM] I_Tors: 1.614025 | State: STABLE
[AUM] I_Tors: 1.614028 | State: STABLE
[AUM] I_Tors: 1.614031 | State: STABLE
[AUM] I_Tors: 1.614033 | State: STABLE
[AUM] I_Tors: 1.614036 | State: STABLE
[AUM] I_Tors: 1.614039 | State: STABLE
[AUM] I_Tors: 1.614042 | State: STABLE
[AUM] I_Tors: 1.614045 | State: STABLE
[AUM] I_Tors: 1.614047 | State: STABLE
[AUM] I_Tors: 1.614050 | State: STABLE
[AUM] I_Tors: 1.614053 | State: STABLE
[AUM] I_Tors: 1.614056 | State: STABLE
[AUM] I_Tors: 1.614059 | State: STABLE
[AUM] I_Tors: 1.614061 | State: STABLE
[AUM] I_Tors: 1.614064 | State: STABLE
[AUM] I_Tors: 1.614067 | State: STABLE
[AUM] I_Tors: 1.614070 | State: STABLE
[AUM] I_Tors: 1.614072 | State: STABLE
[AUM] I_Tors: 1.614075 | State: STABLE
[AUM] I_Tors: 1.614078 | State: STABLE
[AUM] I_Tors: 1.614081 | State: STABLE
[AUM] I_Tors: 1.614083 | State: STABLE
[AUM] I_Tors: 1.614086 | State: STABLE
[AUM] I_Tors: 1.614089 | State: STABLE
[AUM] I_Tors: 1.614092 | State: STABLE
[AUM] I_Tors: 1.614095 | State: STABLE
[AUM] I_Tors: 1.614097 | State: STABLE
[AUM] I_Tors: 1.614100 | State: STABLE
[AUM] I_Tors: 1.614103 | State: STABLE
[AUM] I_Tors: 1.614106 | State: STABLE
[AUM] I_Tors: 1.614108 | State: STABLE
[AUM] I_Tors: 1.614111 | State: STABLE
[AUM] I_Tors: 1.614114 | State: STABLE
[AUM] I_Tors: 1.614117 | State: STABLE
[AUM] I_Tors: 1.614119 | State: STABLE
[AUM] I_Tors: 1.614122 | State: STABLE
[AUM] I_Tors: 1.614125 | State: STABLE
[AUM] I_Tors: 1.614128 | State: STABLE
[AUM] I_Tors: 1.614130 | State: STABLE
[AUM] I_Tors: 1.614133 | State: STABLE
[AUM] I_Tors: 1.614136 | State: STABLE
[AUM] I_Tors: 1.614138 | State: STABLE
[AUM] I_Tors: 1.614141 | State: STABLE
[AUM] I_Tors: 1.614144 | State: STABLE
[AUM] I_Tors: 1.614147 | State: STABLE
[AUM] I_Tors: 1.614149 | State: STABLE
[AUM] I_Tors: 1.614152 | State: STABLE
[AUM] I_Tors: 1.614155 | State: STABLE
[AUM] I_Tors: 1.614157 | State: STABLE
[AUM] I_Tors: 1.614160 | State: STABLE
[AUM] I_Tors: 1.614163 | State: STABLE
[AUM] I_Tors: 1.614166 | State: STABLE
[AUM] I_Tors: 1.614168 | State: STABLE
[AUM] I_Tors: 1.614171 | State: STABLE
[AUM] I_Tors: 1.614174 | State: STABLE
[AUM] I_Tors: 1.614176 | State: STABLE
[AUM] I_Tors: 1.614179 | State: STABLE
[AUM] I_Tors: 1.614182 | State: STABLE
[AUM] I_Tors: 1.614185 | State: STABLE
[AUM] I_Tors: 1.614187 | State: STABLE
[AUM] I_Tors: 1.614190 | State: STABLE
[AUM] I_Tors: 1.614193 | State: STABLE
[AUM] I_Tors: 1.614195 | State: STABLE
[AUM] I_Tors: 1.614198 | State: STABLE
[AUM] I_Tors: 1.614201 | State: STABLE
[AUM] I_Tors: 1.614203 | State: STABLE
[AUM] I_Tors: 1.614206 | State: STABLE
[AUM] I_Tors: 1.614209 | State: STABLE
[AUM] I_Tors: 1.614211 | State: STABLE
[AUM] I_Tors: 1.614214 | State: STABLE
[AUM] I_Tors: 1.614217 | State: STABLE
[AUM] I_Tors: 1.614219 | State: STABLE
[AUM] I_Tors: 1.614222 | State: STABLE
[AUM] I_Tors: 1.614225 | State: STABLE
[AUM] I_Tors: 1.614227 | State: STABLE
[AUM] I_Tors: 1.614230 | State: STABLE
[AUM] I_Tors: 1.614233 | State: STABLE
[AUM] I_Tors: 1.614235 | State: STABLE
[AUM] I_Tors: 1.614238 | State: STABLE
[AUM] I_Tors: 1.614241 | State: STABLE
[AUM] I_Tors: 1.614243 | State: STABLE
[AUM] I_Tors: 1.614246 | State: STABLE
[AUM] I_Tors: 1.614249 | State: STABLE
[AUM] I_Tors: 1.614251 | State: STABLE
[AUM] I_Tors: 1.614254 | State: STABLE
[AUM] I_Tors: 1.614257 | State: STABLE
[AUM] I_Tors: 1.614259 | State: STABLE
[AUM] I_Tors: 1.614262 | State: STABLE
[AUM] I_Tors: 1.614265 | State: STABLE
[AUM] I_Tors: 1.614267 | State: STABLE
[AUM] I_Tors: 1.614270 | State: STABLE
[AUM] I_Tors: 1.614272 | State: STABLE
[AUM] I_Tors: 1.614275 | State: STABLE
[AUM] I_Tors: 1.614278 | State: STABLE
[AUM] I_Tors: 1.614280 | State: STABLE
[AUM] I_Tors: 1.614283 | State: STABLE
[AUM] I_Tors: 1.614286 | State: STABLE
[AUM] I_Tors: 1.614288 | State: STABLE
[AUM] I_Tors: 1.614291 | State: STABLE
[AUM] I_Tors: 1.614293 | State: STABLE
[AUM] I_Tors: 1.614296 | State: STABLE
[AUM] I_Tors: 1.614299 | State: STABLE
[AUM] I_Tors: 1.614301 | State: STABLE
[AUM] I_Tors: 1.614304 | State: STABLE
[AUM] I_Tors: 1.614307 | State: STABLE
[AUM] I_Tors: 1.614309 | State: STABLE
[AUM] I_Tors: 1.614312 | State: STABLE
[AUM] I_Tors: 1.614314 | State: STABLE
[AUM] I_Tors: 1.614317 | State: STABLE
[AUM] I_Tors: 1.614320 | State: STABLE
[AUM] I_Tors: 1.614322 | State: STABLE
[AUM] I_Tors: 1.614325 | State: STABLE
[AUM] I_Tors: 1.614327 | State: STABLE
[AUM] I_Tors: 1.614330 | State: STABLE
[AUM] I_Tors: 1.614333 | State: STABLE
[AUM] I_Tors: 1.614335 | State: STABLE
[AUM] I_Tors: 1.614338 | State: STABLE
[AUM] I_Tors: 1.614340 | State: STABLE
[AUM] I_Tors: 1.614343 | State: STABLE
[AUM] I_Tors: 1.614346 | State: STABLE
[AUM] I_Tors: 1.614348 | State: STABLE
[AUM] I_Tors: 1.614351 | State: STABLE
[AUM] I_Tors: 1.614353 | State: STABLE
[AUM] I_Tors: 1.614356 | State: STABLE
[AUM] I_Tors: 1.614358 | State: STABLE
[AUM] I_Tors: 1.614361 | State: STABLE
[AUM] I_Tors: 1.614364 | State: STABLE
[AUM] I_Tors: 1.614366 | State: STABLE
[AUM] I_Tors: 1.614369 | State: STABLE
[AUM] I_Tors: 1.614371 | State: STABLE
[AUM] I_Tors: 1.614374 | State: STABLE
[AUM] I_Tors: 1.614376 | State: STABLE
[AUM] I_Tors: 1.614379 | State: STABLE
[AUM] I_Tors: 1.614381 | State: STABLE
[AUM] I_Tors: 1.614384 | State: STABLE
[AUM] I_Tors: 1.614387 | State: STABLE
[AUM] I_Tors: 1.614389 | State: STABLE
[AUM] I_Tors: 1.614392 | State: STABLE
[AUM] I_Tors: 1.614394 | State: STABLE
[AUM] I_Tors: 1.614397 | State: STABLE
[AUM] I_Tors: 1.614399 | State: STABLE
[AUM] I_Tors: 1.614402 | State: STABLE
[AUM] I_Tors: 1.614404 | State: STABLE
[AUM] I_Tors: 1.614407 | State: STABLE
[AUM] I_Tors: 1.614410 | State: STABLE
[AUM] I_Tors: 1.614412 | State: STABLE
[AUM] I_Tors: 1.614415 | State: STABLE
[AUM] I_Tors: 1.614417 | State: STABLE
[AUM] I_Tors: 1.614420 | State: STABLE
[AUM] I_Tors: 1.614422 | State: STABLE
[AUM] I_Tors: 1.614425 | State: STABLE
[AUM] I_Tors: 1.614427 | State: STABLE
[AUM] I_Tors: 1.614430 | State: STABLE
[AUM] I_Tors: 1.614432 | State: STABLE
[AUM] I_Tors: 1.614435 | State: STABLE
[AUM] I_Tors: 1.614437 | State: STABLE
[AUM] I_Tors: 1.614440 | State: STABLE
[AUM] I_Tors: 1.614442 | State: STABLE
[AUM] I_Tors: 1.614445 | State: STABLE
[AUM] I_Tors: 1.614447 | State: STABLE
[AUM] I_Tors: 1.614450 | State: STABLE
[AUM] I_Tors: 1.614452 | State: STABLE
[AUM] I_Tors: 1.614455 | State: STABLE
[AUM] I_Tors: 1.614457 | State: STABLE
[AUM] I_Tors: 1.614460 | State: STABLE
[AUM] I_Tors: 1.614462 | State: STABLE
[AUM] I_Tors: 1.614465 | State: STABLE
[AUM] I_Tors: 1.614467 | State: STABLE
[AUM] I_Tors: 1.614470 | State: STABLE
[AUM] I_Tors: 1.614472 | State: STABLE
[AUM] I_Tors: 1.614475 | State: STABLE
[AUM] I_Tors: 1.614477 | State: STABLE
[AUM] I_Tors: 1.614480 | State: STABLE
[AUM] I_Tors: 1.614482 | State: STABLE
[AUM] I_Tors: 1.614485 | State: STABLE
[AUM] I_Tors: 1.614487 | State: STABLE
[AUM] I_Tors: 1.614490 | State: STABLE
[AUM] I_Tors: 1.614492 | State: STABLE
[AUM] I_Tors: 1.614495 | State: STABLE
[AUM] I_Tors: 1.614497 | State: STABLE
[AUM] I_Tors: 1.614500 | State: STABLE
[AUM] I_Tors: 1.614502 | State: STABLE
[AUM] I_Tors: 1.614505 | State: STABLE
[AUM] I_Tors: 1.614507 | State: STABLE
[AUM] I_Tors: 1.614510 | State: STABLE
[AUM] I_Tors: 1.614512 | State: STABLE
[AUM] I_Tors: 1.614515 | State: STABLE
[AUM] I_Tors: 1.614517 | State: STABLE
[AUM] I_Tors: 1.614519 | State: STABLE
[AUM] I_Tors: 1.614522 | State: STABLE
[AUM] I_Tors: 1.614524 | State: STABLE
[AUM] I_Tors: 1.614527 | State: STABLE
[AUM] I_Tors: 1.614529 | State: STABLE
[AUM] I_Tors: 1.614532 | State: STABLE
[AUM] I_Tors: 1.614534 | State: STABLE
[AUM] I_Tors: 1.614537 | State: STABLE
[AUM] I_Tors: 1.614539 | State: STABLE
[AUM] I_Tors: 1.614542 | State: STABLE
[AUM] I_Tors: 1.614544 | State: STABLE
[AUM] I_Tors: 1.614546 | State: STABLE
[AUM] I_Tors: 1.614549 | State: STABLE
[AUM] I_Tors: 1.614551 | State: STABLE
[AUM] I_Tors: 1.614554 | State: STABLE
[AUM] I_Tors: 1.614556 | State: STABLE
[AUM] I_Tors: 1.614559 | State: STABLE
[AUM] I_Tors: 1.614561 | State: STABLE
[AUM] I_Tors: 1.614564 | State: STABLE
[AUM] I_Tors: 1.614566 | State: STABLE
[AUM] I_Tors: 1.614568 | State: STABLE
[AUM] I_Tors: 1.614571 | State: STABLE
[AUM] I_Tors: 1.614573 | State: STABLE
[AUM] I_Tors: 1.614576 | State: STABLE
[AUM] I_Tors: 1.614578 | State: STABLE
[AUM] I_Tors: 1.614580 | State: STABLE
[AUM] I_Tors: 1.614583 | State: STABLE
[AUM] I_Tors: 1.614585 | State: STABLE
[AUM] I_Tors: 1.614588 | State: STABLE
[AUM] I_Tors: 1.614590 | State: STABLE
[AUM] I_Tors: 1.614593 | State: STABLE
[AUM] I_Tors: 1.614595 | State: STABLE
[AUM] I_Tors: 1.614597 | State: STABLE
[AUM] I_Tors: 1.614600 | State: STABLE
[AUM] I_Tors: 1.614602 | State: STABLE
[AUM] I_Tors: 1.614605 | State: STABLE
[AUM] I_Tors: 1.614607 | State: STABLE
[AUM] I_Tors: 1.614609 | State: STABLE
[AUM] I_Tors: 1.614612 | State: STABLE
[AUM] I_Tors: 1.614614 | State: STABLE
[AUM] I_Tors: 1.614617 | State: STABLE
[AUM] I_Tors: 1.614619 | State: STABLE
[AUM] I_Tors: 1.614621 | State: STABLE
[AUM] I_Tors: 1.614624 | State: STABLE
[AUM] I_Tors: 1.614626 | State: STABLE
[AUM] I_Tors: 1.614629 | State: STABLE
[AUM] I_Tors: 1.614631 | State: STABLE
[AUM] I_Tors: 1.614633 | State: STABLE
[AUM] I_Tors: 1.614636 | State: STABLE
[AUM] I_Tors: 1.614638 | State: STABLE
[AUM] I_Tors: 1.614640 | State: STABLE
[AUM] I_Tors: 1.614643 | State: STABLE
[AUM] I_Tors: 1.614645 | State: STABLE
[AUM] I_Tors: 1.614648 | State: STABLE
[AUM] I_Tors: 1.614650 | State: STABLE
[AUM] I_Tors: 1.614652 | State: STABLE
[AUM] I_Tors: 1.614655 | State: STABLE
[AUM] I_Tors: 1.614657 | State: STABLE
[AUM] I_Tors: 1.614659 | State: STABLE
[AUM] I_Tors: 1.614662 | State: STABLE
[AUM] I_Tors: 1.614664 | State: STABLE
[AUM] I_Tors: 1.614666 | State: STABLE
[AUM] I_Tors: 1.614669 | State: STABLE
[AUM] I_Tors: 1.614671 | State: STABLE
[AUM] I_Tors: 1.614674 | State: STABLE
[AUM] I_Tors: 1.614676 | State: STABLE
[AUM] I_Tors: 1.614678 | State: STABLE
[AUM] I_Tors: 1.614681 | State: STABLE
[AUM] I_Tors: 1.614683 | State: STABLE
[AUM] I_Tors: 1.614685 | State: STABLE
[AUM] I_Tors: 1.614688 | State: STABLE
[AUM] I_Tors: 1.614690 | State: STABLE
[AUM] I_Tors: 1.614692 | State: STABLE
[AUM] I_Tors: 1.614695 | State: STABLE
[AUM] I_Tors: 1.614697 | State: STABLE
[AUM] I_Tors: 1.614699 | State: STABLE
[AUM] I_Tors: 1.614702 | State: STABLE
[AUM] I_Tors: 1.614704 | State: STABLE
[AUM] I_Tors: 1.614706 | State: STABLE
[AUM] I_Tors: 1.614709 | State: STABLE
[AUM] I_Tors: 1.614711 | State: STABLE
[AUM] I_Tors: 1.614713 | State: STABLE
[AUM] I_Tors: 1.614716 | State: STABLE
[AUM] I_Tors: 1.614718 | State: STABLE
[AUM] I_Tors: 1.614720 | State: STABLE
[AUM] I_Tors: 1.614723 | State: STABLE
[AUM] I_Tors: 1.614725 | State: STABLE
[AUM] I_Tors: 1.614727 | State: STABLE
[AUM] I_Tors: 1.614730 | State: STABLE
[AUM] I_Tors: 1.614732 | State: STABLE
[AUM] I_Tors: 1.614734 | State: STABLE
[AUM] I_Tors: 1.614736 | State: STABLE
[AUM] I_Tors: 1.614739 | State: STABLE
[AUM] I_Tors: 1.614741 | State: STABLE
[AUM] I_Tors: 1.614743 | State: STABLE
[AUM] I_Tors: 1.614746 | State: STABLE
[AUM] I_Tors: 1.614748 | State: STABLE
[AUM] I_Tors: 1.614750 | State: STABLE
[AUM] I_Tors: 1.614753 | State: STABLE
[AUM] I_Tors: 1.614755 | State: STABLE
[AUM] I_Tors: 1.614757 | State: STABLE
[AUM] I_Tors: 1.614759 | State: STABLE
[AUM] I_Tors: 1.614762 | State: STABLE
[AUM] I_Tors: 1.614764 | State: STABLE
[AUM] I_Tors: 1.614766 | State: STABLE
[AUM] I_Tors: 1.614769 | State: STABLE
[AUM] I_Tors: 1.614771 | State: STABLE
[AUM] I_Tors: 1.614773 | State: STABLE
[AUM] I_Tors: 1.614775 | State: STABLE
[AUM] I_Tors: 1.614778 | State: STABLE
[AUM] I_Tors: 1.614780 | State: STABLE
[AUM] I_Tors: 1.614782 | State: STABLE
[AUM] I_Tors: 1.614785 | State: STABLE
[AUM] I_Tors: 1.614787 | State: STABLE
[AUM] I_Tors: 1.614789 | State: STABLE
[AUM] I_Tors: 1.614791 | State: STABLE
[AUM] I_Tors: 1.614794 | State: STABLE
[AUM] I_Tors: 1.614796 | State: STABLE
[AUM] I_Tors: 1.614798 | State: STABLE
[AUM] I_Tors: 1.614800 | State: STABLE
[AUM] I_Tors: 1.614803 | State: STABLE
[AUM] I_Tors: 1.614805 | State: STABLE
[AUM] I_Tors: 1.614807 | State: STABLE
[AUM] I_Tors: 1.614810 | State: STABLE
[AUM] I_Tors: 1.614812 | State: STABLE
[AUM] I_Tors: 1.614814 | State: STABLE
[AUM] I_Tors: 1.614816 | State: STABLE
[AUM] I_Tors: 1.614819 | State: STABLE
[AUM] I_Tors: 1.614821 | State: STABLE
[AUM] I_Tors: 1.614823 | State: STABLE
[AUM] I_Tors: 1.614825 | State: STABLE
[AUM] I_Tors: 1.614828 | State: STABLE
[AUM] I_Tors: 1.614830 | State: STABLE
[AUM] I_Tors: 1.614832 | State: STABLE
[AUM] I_Tors: 1.614834 | State: STABLE
[AUM] I_Tors: 1.614837 | State: STABLE
[AUM] I_Tors: 1.614839 | State: STABLE
[AUM] I_Tors: 1.614841 | State: STABLE
[AUM] I_Tors: 1.614843 | State: STABLE
[AUM] I_Tors: 1.614845 | State: STABLE
[AUM] I_Tors: 1.614848 | State: STABLE
[AUM] I_Tors: 1.614850 | State: STABLE
[AUM] I_Tors: 1.614852 | State: STABLE
[AUM] I_Tors: 1.614854 | State: STABLE
[AUM] I_Tors: 1.614857 | State: STABLE
[AUM] I_Tors: 1.614859 | State: STABLE
[AUM] I_Tors: 1.614861 | State: STABLE
[AUM] I_Tors: 1.614863 | State: STABLE
[AUM] I_Tors: 1.614865 | State: STABLE
[AUM] I_Tors: 1.614868 | State: STABLE
[AUM] I_Tors: 1.614870 | State: STABLE
[AUM] I_Tors: 1.614872 | State: STABLE
[AUM] I_Tors: 1.614874 | State: STABLE
[AUM] I_Tors: 1.614877 | State: STABLE
[AUM] I_Tors: 1.614879 | State: STABLE
[AUM] I_Tors: 1.614881 | State: STABLE
[AUM] I_Tors: 1.614883 | State: STABLE
[AUM] I_Tors: 1.614885 | State: STABLE
[AUM] I_Tors: 1.614888 | State: STABLE
[AUM] I_Tors: 1.614890 | State: STABLE
[AUM] I_Tors: 1.614892 | State: STABLE
[AUM] I_Tors: 1.614894 | State: STABLE
[AUM] I_Tors: 1.614896 | State: STABLE
[AUM] I_Tors: 1.614899 | State: STABLE
[AUM] I_Tors: 1.614901 | State: STABLE
[AUM] I_Tors: 1.614903 | State: STABLE
[AUM] I_Tors: 1.614905 | State: STABLE
[AUM] I_Tors: 1.614907 | State: STABLE
[AUM] I_Tors: 1.614910 | State: STABLE
[AUM] I_Tors: 1.614912 | State: STABLE
[AUM] I_Tors: 1.614914 | State: STABLE
[AUM] I_Tors: 1.614916 | State: STABLE
[AUM] I_Tors: 1.614918 | State: STABLE
[AUM] I_Tors: 1.614920 | State: STABLE
[AUM] I_Tors: 1.614923 | State: STABLE
[AUM] I_Tors: 1.614925 | State: STABLE
[AUM] I_Tors: 1.614927 | State: STABLE
[AUM] I_Tors: 1.614929 | State: STABLE
[AUM] I_Tors: 1.614931 | State: STABLE
[AUM] I_Tors: 1.614934 | State: STABLE
[AUM] I_Tors: 1.614936 | State: STABLE
[AUM] I_Tors: 1.614938 | State: STABLE
[AUM] I_Tors: 1.614940 | State: STABLE
[AUM] I_Tors: 1.614942 | State: STABLE
[AUM] I_Tors: 1.614944 | State: STABLE
[AUM] I_Tors: 1.614947 | State: STABLE
[AUM] I_Tors: 1.614949 | State: STABLE
[AUM] I_Tors: 1.614951 | State: STABLE
[AUM] I_Tors: 1.614953 | State: STABLE
[AUM] I_Tors: 1.614955 | State: STABLE
[AUM] I_Tors: 1.614957 | State: STABLE
[AUM] I_Tors: 1.614959 | State: STABLE
[AUM] I_Tors: 1.614962 | State: STABLE
[AUM] I_Tors: 1.614964 | State: STABLE
[AUM] I_Tors: 1.614966 | State: STABLE
[AUM] I_Tors: 1.614968 | State: STABLE
[AUM] I_Tors: 1.614970 | State: STABLE
[AUM] I_Tors: 1.614972 | State: STABLE
[AUM] I_Tors: 1.614974 | State: STABLE
[AUM] I_Tors: 1.614977 | State: STABLE
[AUM] I_Tors: 1.614979 | State: STABLE
[AUM] I_Tors: 1.614981 | State: STABLE
[AUM] I_Tors: 1.614983 | State: STABLE
[AUM] I_Tors: 1.614985 | State: STABLE
[AUM] I_Tors: 1.614987 | State: STABLE
[AUM] I_Tors: 1.614989 | State: STABLE
[AUM] I_Tors: 1.614992 | State: STABLE
[AUM] I_Tors: 1.614994 | State: STABLE
[AUM] I_Tors: 1.614996 | State: STABLE
[AUM] I_Tors: 1.614998 | State: STABLE
[AUM] I_Tors: 1.615000 | State: STABLE
[AUM] I_Tors: 1.615002 | State: STABLE
[AUM] I_Tors: 1.615004 | State: STABLE
[AUM] I_Tors: 1.615006 | State: STABLE
[AUM] I_Tors: 1.615009 | State: STABLE
[AUM] I_Tors: 1.615011 | State: STABLE
[AUM] I_Tors: 1.615013 | State: STABLE
[AUM] I_Tors: 1.615015 | State: STABLE
[AUM] I_Tors: 1.615017 | State: STABLE
[AUM] I_Tors: 1.615019 | State: STABLE
[AUM] I_Tors: 1.615021 | State: STABLE
[AUM] I_Tors: 1.615023 | State: STABLE
[AUM] I_Tors: 1.615025 | State: STABLE
[AUM] I_Tors: 1.615028 | State: STABLE
[AUM] I_Tors: 1.615030 | State: STABLE
[AUM] I_Tors: 1.615032 | State: STABLE
[AUM] I_Tors: 1.615034 | State: STABLE
[AUM] I_Tors: 1.615036 | State: STABLE
[AUM] I_Tors: 1.615038 | State: STABLE
[AUM] I_Tors: 1.615040 | State: STABLE
[AUM] I_Tors: 1.615042 | State: STABLE
[AUM] I_Tors: 1.615044 | State: STABLE
[AUM] I_Tors: 1.615046 | State: STABLE
[AUM] I_Tors: 1.615049 | State: STABLE
[AUM] I_Tors: 1.615051 | State: STABLE
[AUM] I_Tors: 1.615053 | State: STABLE
[AUM] I_Tors: 1.615055 | State: STABLE
[AUM] I_Tors: 1.615057 | State: STABLE
[AUM] I_Tors: 1.615059 | State: STABLE
[AUM] I_Tors: 1.615061 | State: STABLE
[AUM] I_Tors: 1.615063 | State: STABLE
[AUM] I_Tors: 1.615065 | State: STABLE
[AUM] I_Tors: 1.615067 | State: STABLE
[AUM] I_Tors: 1.615069 | State: STABLE
[AUM] I_Tors: 1.615071 | State: STABLE
[AUM] I_Tors: 1.615074 | State: STABLE
[AUM] I_Tors: 1.615076 | State: STABLE
[AUM] I_Tors: 1.615078 | State: STABLE
[AUM] I_Tors: 1.615080 | State: STABLE
[AUM] I_Tors: 1.615082 | State: STABLE
[AUM] I_Tors: 1.615084 | State: STABLE
[AUM] I_Tors: 1.615086 | State: STABLE
[AUM] I_Tors: 1.615088 | State: STABLE
[AUM] I_Tors: 1.615090 | State: STABLE
[AUM] I_Tors: 1.615092 | State: STABLE
[AUM] I_Tors: 1.615094 | State: STABLE
[AUM] I_Tors: 1.615096 | State: STABLE
[AUM] I_Tors: 1.615098 | State: STABLE
[AUM] I_Tors: 1.615100 | State: STABLE
[AUM] I_Tors: 1.615102 | State: STABLE
[AUM] I_Tors: 1.615104 | State: STABLE
[AUM] I_Tors: 1.615107 | State: STABLE
[AUM] I_Tors: 1.615109 | State: STABLE
[AUM] I_Tors: 1.615111 | State: STABLE
[AUM] I_Tors: 1.615113 | State: STABLE
[AUM] I_Tors: 1.615115 | State: STABLE
[AUM] I_Tors: 1.615117 | State: STABLE
[AUM] I_Tors: 1.615119 | State: STABLE
[AUM] I_Tors: 1.615121 | State: STABLE
[AUM] I_Tors: 1.615123 | State: STABLE
[AUM] I_Tors: 1.615125 | State: STABLE
[AUM] I_Tors: 1.615127 | State: STABLE
[AUM] I_Tors: 1.615129 | State: STABLE
[AUM] I_Tors: 1.615131 | State: STABLE
[AUM] I_Tors: 1.615133 | State: STABLE
[AUM] I_Tors: 1.615135 | State: STABLE
[AUM] I_Tors: 1.615137 | State: STABLE
[AUM] I_Tors: 1.615139 | State: STABLE
[AUM] I_Tors: 1.615141 | State: STABLE
[AUM] I_Tors: 1.615143 | State: STABLE
[AUM] I_Tors: 1.615145 | State: STABLE
[AUM] I_Tors: 1.615147 | State: STABLE
[AUM] I_Tors: 1.615149 | State: STABLE
[AUM] I_Tors: 1.615151 | State: STABLE
[AUM] I_Tors: 1.615153 | State: STABLE
[AUM] I_Tors: 1.615155 | State: STABLE
[AUM] I_Tors: 1.615157 | State: STABLE
[AUM] I_Tors: 1.615159 | State: STABLE
[AUM] I_Tors: 1.615161 | State: STABLE
[AUM] I_Tors: 1.615163 | State: STABLE
[AUM] I_Tors: 1.615165 | State: STABLE
[AUM] I_Tors: 1.615167 | State: STABLE
[AUM] I_Tors: 1.615169 | State: STABLE
[AUM] I_Tors: 1.615171 | State: STABLE
[AUM] I_Tors: 1.615173 | State: STABLE
[AUM] I_Tors: 1.615175 | State: STABLE
[AUM] I_Tors: 1.615177 | State: STABLE
[AUM] I_Tors: 1.615179 | State: STABLE
[AUM] I_Tors: 1.615181 | State: STABLE
[AUM] I_Tors: 1.615183 | State: STABLE
[AUM] I_Tors: 1.615185 | State: STABLE
[AUM] I_Tors: 1.615187 | State: STABLE
[AUM] I_Tors: 1.615189 | State: STABLE
[AUM] I_Tors: 1.615191 | State: STABLE
[AUM] I_Tors: 1.615193 | State: STABLE
[AUM] I_Tors: 1.615195 | State: STABLE
[AUM] I_Tors: 1.615197 | State: STABLE
[AUM] I_Tors: 1.615199 | State: STABLE
[AUM] I_Tors: 1.615201 | State: STABLE
[AUM] I_Tors: 1.615203 | State: STABLE
[AUM] I_Tors: 1.615205 | State: STABLE
[AUM] I_Tors: 1.615207 | State: STABLE
[AUM] I_Tors: 1.615209 | State: STABLE
[AUM] I_Tors: 1.615211 | State: STABLE
[AUM] I_Tors: 1.615213 | State: STABLE
[AUM] I_Tors: 1.615215 | State: STABLE
[AUM] I_Tors: 1.615217 | State: STABLE
[AUM] I_Tors: 1.615219 | State: STABLE
[AUM] I_Tors: 1.615221 | State: STABLE
[AUM] I_Tors: 1.615223 | State: STABLE
[AUM] I_Tors: 1.615225 | State: STABLE
[AUM] I_Tors: 1.615227 | State: STABLE
[AUM] I_Tors: 1.615229 | State: STABLE
[AUM] I_Tors: 1.615231 | State: STABLE
[AUM] I_Tors: 1.615233 | State: STABLE
[AUM] I_Tors: 1.615235 | State: STABLE
[AUM] I_Tors: 1.615237 | State: STABLE
[AUM] I_Tors: 1.615239 | State: STABLE
[AUM] I_Tors: 1.615241 | State: STABLE
[AUM] I_Tors: 1.615243 | State: STABLE
[AUM] I_Tors: 1.615245 | State: STABLE
[AUM] I_Tors: 1.615247 | State: STABLE
[AUM] I_Tors: 1.615249 | State: STABLE
[AUM] I_Tors: 1.615250 | State: STABLE
[AUM] I_Tors: 1.615252 | State: STABLE
[AUM] I_Tors: 1.615254 | State: STABLE
[AUM] I_Tors: 1.615256 | State: STABLE
[AUM] I_Tors: 1.615258 | State: STABLE
[AUM] I_Tors: 1.615260 | State: STABLE
[AUM] I_Tors: 1.615262 | State: STABLE
[AUM] I_Tors: 1.615264 | State: STABLE
[AUM] I_Tors: 1.615266 | State: STABLE
[AUM] I_Tors: 1.615268 | State: STABLE
[AUM] I_Tors: 1.615270 | State: STABLE
[AUM] I_Tors: 1.615272 | State: STABLE
[AUM] I_Tors: 1.615274 | State: STABLE
[AUM] I_Tors: 1.615276 | State: STABLE
[AUM] I_Tors: 1.615278 | State: STABLE
[AUM] I_Tors: 1.615280 | State: STABLE
[AUM] I_Tors: 1.615281 | State: STABLE
[AUM] I_Tors: 1.615283 | State: STABLE
[AUM] I_Tors: 1.615285 | State: STABLE
[AUM] I_Tors: 1.615287 | State: STABLE
[AUM] I_Tors: 1.615289 | State: STABLE
[AUM] I_Tors: 1.615291 | State: STABLE
[AUM] I_Tors: 1.615293 | State: STABLE
[AUM] I_Tors: 1.615295 | State: STABLE
[AUM] I_Tors: 1.615297 | State: STABLE
[AUM] I_Tors: 1.615299 | State: STABLE
[AUM] I_Tors: 1.615301 | State: STABLE
[AUM] I_Tors: 1.615303 | State: STABLE
[AUM] I_Tors: 1.615305 | State: STABLE
[AUM] I_Tors: 1.615306 | State: STABLE
[AUM] I_Tors: 1.615308 | State: STABLE
[AUM] I_Tors: 1.615310 | State: STABLE
[AUM] I_Tors: 1.615312 | State: STABLE
[AUM] I_Tors: 1.615314 | State: STABLE
[AUM] I_Tors: 1.615316 | State: STABLE
[AUM] I_Tors: 1.615318 | State: STABLE
[AUM] I_Tors: 1.615320 | State: STABLE
[AUM] I_Tors: 1.615322 | State: STABLE
[AUM] I_Tors: 1.615324 | State: STABLE
[AUM] I_Tors: 1.615325 | State: STABLE
[AUM] I_Tors: 1.615327 | State: STABLE
[AUM] I_Tors: 1.615329 | State: STABLE
[AUM] I_Tors: 1.615331 | State: STABLE
[AUM] I_Tors: 1.615333 | State: STABLE
[AUM] I_Tors: 1.615335 | State: STABLE
[AUM] I_Tors: 1.615337 | State: STABLE
[AUM] I_Tors: 1.615339 | State: STABLE
[AUM] I_Tors: 1.615341 | State: STABLE
[AUM] I_Tors: 1.615342 | State: STABLE
[AUM] I_Tors: 1.615344 | State: STABLE
[AUM] I_Tors: 1.615346 | State: STABLE
[AUM] I_Tors: 1.615348 | State: STABLE
[AUM] I_Tors: 1.615350 | State: STABLE
[AUM] I_Tors: 1.615352 | State: STABLE
[AUM] I_Tors: 1.615354 | State: STABLE
[AUM] I_Tors: 1.615356 | State: STABLE
[AUM] I_Tors: 1.615358 | State: STABLE
[AUM] I_Tors: 1.615359 | State: STABLE
[AUM] I_Tors: 1.615361 | State: STABLE
[AUM] I_Tors: 1.615363 | State: STABLE
[AUM] I_Tors: 1.615365 | State: STABLE
[AUM] I_Tors: 1.615367 | State: STABLE
[AUM] I_Tors: 1.615369 | State: STABLE
[AUM] I_Tors: 1.615371 | State: STABLE
[AUM] I_Tors: 1.615372 | State: STABLE
[AUM] I_Tors: 1.615374 | State: STABLE
[AUM] I_Tors: 1.615376 | State: STABLE
[AUM] I_Tors: 1.615378 | State: STABLE
[AUM] I_Tors: 1.615380 | State: STABLE
[AUM] I_Tors: 1.615382 | State: STABLE
[AUM] I_Tors: 1.615384 | State: STABLE
[AUM] I_Tors: 1.615385 | State: STABLE
[AUM] I_Tors: 1.615387 | State: STABLE
[AUM] I_Tors: 1.615389 | State: STABLE
[AUM] I_Tors: 1.615391 | State: STABLE
[AUM] I_Tors: 1.615393 | State: STABLE
[AUM] I_Tors: 1.615395 | State: STABLE
[AUM] I_Tors: 1.615397 | State: STABLE
[AUM] I_Tors: 1.615398 | State: STABLE
[AUM] I_Tors: 1.615400 | State: STABLE
[AUM] I_Tors: 1.615402 | State: STABLE
[AUM] I_Tors: 1.615404 | State: STABLE
[AUM] I_Tors: 1.615406 | State: STABLE
[AUM] I_Tors: 1.615408 | State: STABLE
[AUM] I_Tors: 1.615409 | State: STABLE
[AUM] I_Tors: 1.615411 | State: STABLE
[AUM] I_Tors: 1.615413 | State: STABLE
[AUM] I_Tors: 1.615415 | State: STABLE
[AUM] I_Tors: 1.615417 | State: STABLE
[AUM] I_Tors: 1.615419 | State: STABLE
[AUM] I_Tors: 1.615420 | State: STABLE
[AUM] I_Tors: 1.615422 | State: STABLE
[AUM] I_Tors: 1.615424 | State: STABLE
[AUM] I_Tors: 1.615426 | State: STABLE
[AUM] I_Tors: 1.615428 | State: STABLE
[AUM] I_Tors: 1.615430 | State: STABLE
[AUM] I_Tors: 1.615431 | State: STABLE
[AUM] I_Tors: 1.615433 | State: STABLE
[AUM] I_Tors: 1.615435 | State: STABLE
[AUM] I_Tors: 1.615437 | State: STABLE
[AUM] I_Tors: 1.615439 | State: STABLE
[AUM] I_Tors: 1.615441 | State: STABLE
[AUM] I_Tors: 1.615442 | State: STABLE
[AUM] I_Tors: 1.615444 | State: STABLE
[AUM] I_Tors: 1.615446 | State: STABLE
[AUM] I_Tors: 1.615448 | State: STABLE
[AUM] I_Tors: 1.615450 | State: STABLE
[AUM] I_Tors: 1.615451 | State: STABLE
[AUM] I_Tors: 1.615453 | State: STABLE
[AUM] I_Tors: 1.615455 | State: STABLE
[AUM] I_Tors: 1.615457 | State: STABLE
[AUM] I_Tors: 1.615459 | State: STABLE
[AUM] I_Tors: 1.615460 | State: STABLE
[AUM] I_Tors: 1.615462 | State: STABLE
[AUM] I_Tors: 1.615464 | State: STABLE
[AUM] I_Tors: 1.615466 | State: STABLE
[AUM] I_Tors: 1.615468 | State: STABLE
[AUM] I_Tors: 1.615469 | State: STABLE
[AUM] I_Tors: 1.615471 | State: STABLE
[AUM] I_Tors: 1.615473 | State: STABLE
[AUM] I_Tors: 1.615475 | State: STABLE
[AUM] I_Tors: 1.615477 | State: STABLE
[AUM] I_Tors: 1.615478 | State: STABLE
[AUM] I_Tors: 1.615480 | State: STABLE
[AUM] I_Tors: 1.615482 | State: STABLE
[AUM] I_Tors: 1.615484 | State: STABLE
[AUM] I_Tors: 1.615486 | State: STABLE
[AUM] I_Tors: 1.615487 | State: STABLE
[AUM] I_Tors: 1.615489 | State: STABLE
[AUM] I_Tors: 1.615491 | State: STABLE
[AUM] I_Tors: 1.615493 | State: STABLE
[AUM] I_Tors: 1.615494 | State: STABLE
[AUM] I_Tors: 1.615496 | State: STABLE
[AUM] I_Tors: 1.615498 | State: STABLE
[AUM] I_Tors: 1.615500 | State: STABLE
[AUM] I_Tors: 1.615502 | State: STABLE
[AUM] I_Tors: 1.615503 | State: STABLE
[AUM] I_Tors: 1.615505 | State: STABLE
[AUM] I_Tors: 1.615507 | State: STABLE
[AUM] I_Tors: 1.615509 | State: STABLE
[AUM] I_Tors: 1.615510 | State: STABLE
[AUM] I_Tors: 1.615512 | State: STABLE
[AUM] I_Tors: 1.615514 | State: STABLE
[AUM] I_Tors: 1.615516 | State: STABLE
[AUM] I_Tors: 1.615517 | State: STABLE
[AUM] I_Tors: 1.615519 | State: STABLE
[AUM] I_Tors: 1.615521 | State: STABLE
[AUM] I_Tors: 1.615523 | State: STABLE
[AUM] I_Tors: 1.615524 | State: STABLE
[AUM] I_Tors: 1.615526 | State: STABLE
[AUM] I_Tors: 1.615528 | State: STABLE
[AUM] I_Tors: 1.615530 | State: STABLE
[AUM] I_Tors: 1.615532 | State: STABLE
[AUM] I_Tors: 1.615533 | State: STABLE
[AUM] I_Tors: 1.615535 | State: STABLE
[AUM] I_Tors: 1.615537 | State: STABLE
[AUM] I_Tors: 1.615539 | State: STABLE
[AUM] I_Tors: 1.615540 | State: STABLE
[AUM] I_Tors: 1.615542 | State: STABLE
[AUM] I_Tors: 1.615544 | State: STABLE
[AUM] I_Tors: 1.615545 | State: STABLE
[AUM] I_Tors: 1.615547 | State: STABLE
[AUM] I_Tors: 1.615549 | State: STABLE
[AUM] I_Tors: 1.615551 | State: STABLE
[AUM] I_Tors: 1.615552 | State: STABLE
[AUM] I_Tors: 1.615554 | State: STABLE
[AUM] I_Tors: 1.615556 | State: STABLE
[AUM] I_Tors: 1.615558 | State: STABLE
[AUM] I_Tors: 1.615559 | State: STABLE
[AUM] I_Tors: 1.615561 | State: STABLE
[AUM] I_Tors: 1.615563 | State: STABLE
[AUM] I_Tors: 1.615565 | State: STABLE
[AUM] I_Tors: 1.615566 | State: STABLE
[AUM] I_Tors: 1.615568 | State: STABLE
[AUM] I_Tors: 1.615570 | State: STABLE
[AUM] I_Tors: 1.615571 | State: STABLE
[AUM] I_Tors: 1.615573 | State: STABLE
[AUM] I_Tors: 1.615575 | State: STABLE
[AUM] I_Tors: 1.615577 | State: STABLE
[AUM] I_Tors: 1.615578 | State: STABLE
[AUM] I_Tors: 1.615580 | State: STABLE
[AUM] I_Tors: 1.615582 | State: STABLE
[AUM] I_Tors: 1.615584 | State: STABLE
[AUM] I_Tors: 1.615585 | State: STABLE
[AUM] I_Tors: 1.615587 | State: STABLE
[AUM] I_Tors: 1.615589 | State: STABLE
[AUM] I_Tors: 1.615590 | State: STABLE
[AUM] I_Tors: 1.615592 | State: STABLE
[AUM] I_Tors: 1.615594 | State: STABLE
[AUM] I_Tors: 1.615596 | State: STABLE
[AUM] I_Tors: 1.615597 | State: STABLE
[AUM] I_Tors: 1.615599 | State: STABLE
[AUM] I_Tors: 1.615601 | State: STABLE
[AUM] I_Tors: 1.615602 | State: STABLE
[AUM] I_Tors: 1.615604 | State: STABLE
[AUM] I_Tors: 1.615606 | State: STABLE
[AUM] I_Tors: 1.615607 | State: STABLE
[AUM] I_Tors: 1.615609 | State: STABLE
[AUM] I_Tors: 1.615611 | State: STABLE
[AUM] I_Tors: 1.615613 | State: STABLE
[AUM] I_Tors: 1.615614 | State: STABLE
[AUM] I_Tors: 1.615616 | State: STABLE
[AUM] I_Tors: 1.615618 | State: STABLE
[AUM] I_Tors: 1.615619 | State: STABLE
[AUM] I_Tors: 1.615621 | State: STABLE
[AUM] I_Tors: 1.615623 | State: STABLE
[AUM] I_Tors: 1.615624 | State: STABLE
[AUM] I_Tors: 1.615626 | State: STABLE
[AUM] I_Tors: 1.615628 | State: STABLE
[AUM] I_Tors: 1.615629 | State: STABLE
[AUM] I_Tors: 1.615631 | State: STABLE
[AUM] I_Tors: 1.615633 | State: STABLE
[AUM] I_Tors: 1.615634 | State: STABLE
[AUM] I_Tors: 1.615636 | State: STABLE
[AUM] I_Tors: 1.615638 | State: STABLE
[AUM] I_Tors: 1.615640 | State: STABLE
[AUM] I_Tors: 1.615641 | State: STABLE
[AUM] I_Tors: 1.615643 | State: STABLE
[AUM] I_Tors: 1.615645 | State: STABLE
[AUM] I_Tors: 1.615646 | State: STABLE
[AUM] I_Tors: 1.615648 | State: STABLE
[AUM] I_Tors: 1.615650 | State: STABLE
[AUM] I_Tors: 1.615651 | State: STABLE
[AUM] I_Tors: 1.615653 | State: STABLE
[AUM] I_Tors: 1.615655 | State: STABLE
[AUM] I_Tors: 1.615656 | State: STABLE
[AUM] I_Tors: 1.615658 | State: STABLE
[AUM] I_Tors: 1.615660 | State: STABLE
[AUM] I_Tors: 1.615661 | State: STABLE
[AUM] I_Tors: 1.615663 | State: STABLE
[AUM] I_Tors: 1.615665 | State: STABLE
[AUM] I_Tors: 1.615666 | State: STABLE
[AUM] I_Tors: 1.615668 | State: STABLE
[AUM] I_Tors: 1.615670 | State: STABLE
[AUM] I_Tors: 1.615671 | State: STABLE
[AUM] I_Tors: 1.615673 | State: STABLE
[AUM] I_Tors: 1.615674 | State: STABLE
[AUM] I_Tors: 1.615676 | State: STABLE
[AUM] I_Tors: 1.615678 | State: STABLE
[AUM] I_Tors: 1.615679 | State: STABLE
[AUM] I_Tors: 1.615681 | State: STABLE
[AUM] I_Tors: 1.615683 | State: STABLE
[AUM] I_Tors: 1.615684 | State: STABLE
[AUM] I_Tors: 1.615686 | State: STABLE
[AUM] I_Tors: 1.615688 | State: STABLE
[AUM] I_Tors: 1.615689 | State: STABLE
[AUM] I_Tors: 1.615691 | State: STABLE
[AUM] I_Tors: 1.615693 | State: STABLE
[AUM] I_Tors: 1.615694 | State: STABLE
[AUM] I_Tors: 1.615696 | State: STABLE
[AUM] I_Tors: 1.615697 | State: STABLE
[AUM] I_Tors: 1.615699 | State: STABLE
[AUM] I_Tors: 1.615701 | State: STABLE
[AUM] I_Tors: 1.615702 | State: STABLE
[AUM] I_Tors: 1.615704 | State: STABLE
[AUM] I_Tors: 1.615706 | State: STABLE
[AUM] I_Tors: 1.615707 | State: STABLE
[AUM] I_Tors: 1.615709 | State: STABLE
[AUM] I_Tors: 1.615711 | State: STABLE
[AUM] I_Tors: 1.615712 | State: STABLE
[AUM] I_Tors: 1.615714 | State: STABLE
[AUM] I_Tors: 1.615715 | State: STABLE
[AUM] I_Tors: 1.615717 | State: STABLE
[AUM] I_Tors: 1.615719 | State: STABLE
[AUM] I_Tors: 1.615720 | State: STABLE
[AUM] I_Tors: 1.615722 | State: STABLE
[AUM] I_Tors: 1.615724 | State: STABLE
[AUM] I_Tors: 1.615725 | State: STABLE
[AUM] I_Tors: 1.615727 | State: STABLE
[AUM] I_Tors: 1.615728 | State: STABLE
[AUM] I_Tors: 1.615730 | State: STABLE
[AUM] I_Tors: 1.615732 | State: STABLE
[AUM] I_Tors: 1.615733 | State: STABLE
[AUM] I_Tors: 1.615735 | State: STABLE
[AUM] I_Tors: 1.615736 | State: STABLE
[AUM] I_Tors: 1.615738 | State: STABLE
[AUM] I_Tors: 1.615740 | State: STABLE
[AUM] I_Tors: 1.615741 | State: STABLE
[AUM] I_Tors: 1.615743 | State: STABLE
[AUM] I_Tors: 1.615744 | State: STABLE
[AUM] I_Tors: 1.615746 | State: STABLE
[AUM] I_Tors: 1.615748 | State: STABLE
[AUM] I_Tors: 1.615749 | State: STABLE
[AUM] I_Tors: 1.615751 | State: STABLE
[AUM] I_Tors: 1.615752 | State: STABLE
[AUM] I_Tors: 1.615754 | State: STABLE
[AUM] I_Tors: 1.615756 | State: STABLE
[AUM] I_Tors: 1.615757 | State: STABLE
[AUM] I_Tors: 1.615759 | State: STABLE
[AUM] I_Tors: 1.615760 | State: STABLE
[AUM] I_Tors: 1.615762 | State: STABLE
[AUM] I_Tors: 1.615764 | State: STABLE
[AUM] I_Tors: 1.615765 | State: STABLE
[AUM] I_Tors: 1.615767 | State: STABLE
[AUM] I_Tors: 1.615768 | State: STABLE
[AUM] I_Tors: 1.615770 | State: STABLE
[AUM] I_Tors: 1.615772 | State: STABLE
[AUM] I_Tors: 1.615773 | State: STABLE
[AUM] I_Tors: 1.615775 | State: STABLE
[AUM] I_Tors: 1.615776 | State: STABLE
[AUM] I_Tors: 1.615778 | State: STABLE
[AUM] I_Tors: 1.615779 | State: STABLE
[AUM] I_Tors: 1.615781 | State: STABLE
[AUM] I_Tors: 1.615783 | State: STABLE
[AUM] I_Tors: 1.615784 | State: STABLE
[AUM] I_Tors: 1.615786 | State: STABLE
[AUM] I_Tors: 1.615787 | State: STABLE
[AUM] I_Tors: 1.615789 | State: STABLE
[AUM] I_Tors: 1.615790 | State: STABLE
[AUM] I_Tors: 1.615792 | State: STABLE
[AUM] I_Tors: 1.615794 | State: STABLE
[AUM] I_Tors: 1.615795 | State: STABLE
[AUM] I_Tors: 1.615797 | State: STABLE
[AUM] I_Tors: 1.615798 | State: STABLE
[AUM] I_Tors: 1.615800 | State: STABLE
[AUM] I_Tors: 1.615801 | State: STABLE
[AUM] I_Tors: 1.615803 | State: STABLE
[AUM] I_Tors: 1.615805 | State: STABLE
[AUM] I_Tors: 1.615806 | State: STABLE
[AUM] I_Tors: 1.615808 | State: STABLE
[AUM] I_Tors: 1.615809 | State: STABLE
[AUM] I_Tors: 1.615811 | State: STABLE
[AUM] I_Tors: 1.615812 | State: STABLE
[AUM] I_Tors: 1.615814 | State: STABLE
[AUM] I_Tors: 1.615815 | State: STABLE
[AUM] I_Tors: 1.615817 | State: STABLE
[AUM] I_Tors: 1.615819 | State: STABLE
[AUM] I_Tors: 1.615820 | State: STABLE
[AUM] I_Tors: 1.615822 | State: STABLE
[AUM] I_Tors: 1.615823 | State: STABLE
[AUM] I_Tors: 1.615825 | State: STABLE
[AUM] I_Tors: 1.615826 | State: STABLE
[AUM] I_Tors: 1.615828 | State: STABLE
[AUM] I_Tors: 1.615829 | State: STABLE
[AUM] I_Tors: 1.615831 | State: STABLE
[AUM] I_Tors: 1.615832 | State: STABLE
[AUM] I_Tors: 1.615834 | State: STABLE
[AUM] I_Tors: 1.615836 | State: STABLE
[AUM] I_Tors: 1.615837 | State: STABLE
[AUM] I_Tors: 1.615839 | State: STABLE
[AUM] I_Tors: 1.615840 | State: STABLE
[AUM] I_Tors: 1.615842 | State: STABLE
[AUM] I_Tors: 1.615843 | State: STABLE
[AUM] I_Tors: 1.615845 | State: STABLE
[AUM] I_Tors: 1.615846 | State: STABLE
[AUM] I_Tors: 1.615848 | State: STABLE
[AUM] I_Tors: 1.615849 | State: STABLE
[AUM] I_Tors: 1.615851 | State: STABLE
[AUM] I_Tors: 1.615852 | State: STABLE
[AUM] I_Tors: 1.615854 | State: STABLE
[AUM] I_Tors: 1.615856 | State: STABLE
[AUM] I_Tors: 1.615857 | State: STABLE
[AUM] I_Tors: 1.615859 | State: STABLE
[AUM] I_Tors: 1.615860 | State: STABLE
[AUM] I_Tors: 1.615862 | State: STABLE
[AUM] I_Tors: 1.615863 | State: STABLE
[AUM] I_Tors: 1.615865 | State: STABLE
[AUM] I_Tors: 1.615866 | State: STABLE
[AUM] I_Tors: 1.615868 | State: STABLE
[AUM] I_Tors: 1.615869 | State: STABLE
[AUM] I_Tors: 1.615871 | State: STABLE
[AUM] I_Tors: 1.615872 | State: STABLE
[AUM] I_Tors: 1.615874 | State: STABLE
[AUM] I_Tors: 1.615875 | State: STABLE
[AUM] I_Tors: 1.615877 | State: STABLE
[AUM] I_Tors: 1.615878 | State: STABLE
[AUM] I_Tors: 1.615880 | State: STABLE
[AUM] I_Tors: 1.615881 | State: STABLE
[AUM] I_Tors: 1.615883 | State: STABLE
[AUM] I_Tors: 1.615884 | State: STABLE
[AUM] I_Tors: 1.615886 | State: STABLE
[AUM] I_Tors: 1.615887 | State: STABLE
[AUM] I_Tors: 1.615889 | State: STABLE
[AUM] I_Tors: 1.615890 | State: STABLE
[AUM] I_Tors: 1.615892 | State: STABLE
[AUM] I_Tors: 1.615893 | State: STABLE
[AUM] I_Tors: 1.615895 | State: STABLE
[AUM] I_Tors: 1.615896 | State: STABLE
[AUM] I_Tors: 1.615898 | State: STABLE
[AUM] I_Tors: 1.615899 | State: STABLE
[AUM] I_Tors: 1.615901 | State: STABLE
[AUM] I_Tors: 1.615902 | State: STABLE
[AUM] I_Tors: 1.615904 | State: STABLE
[AUM] I_Tors: 1.615905 | State: STABLE
[AUM] I_Tors: 1.615907 | State: STABLE
[AUM] I_Tors: 1.615908 | State: STABLE
[AUM] I_Tors: 1.615910 | State: STABLE
[AUM] I_Tors: 1.615911 | State: STABLE
[AUM] I_Tors: 1.615913 | State: STABLE
[AUM] I_Tors: 1.615914 | State: STABLE
[AUM] I_Tors: 1.615916 | State: STABLE
[AUM] I_Tors: 1.615917 | State: STABLE
[AUM] I_Tors: 1.615919 | State: STABLE
[AUM] I_Tors: 1.615920 | State: STABLE
[AUM] I_Tors: 1.615922 | State: STABLE
[AUM] I_Tors: 1.615923 | State: STABLE
[AUM] I_Tors: 1.615925 | State: STABLE
[AUM] I_Tors: 1.615926 | State: STABLE
[AUM] I_Tors: 1.615928 | State: STABLE
[AUM] I_Tors: 1.615929 | State: STABLE
[AUM] I_Tors: 1.615930 | State: STABLE
[AUM] I_Tors: 1.615932 | State: STABLE
[AUM] I_Tors: 1.615933 | State: STABLE
[AUM] I_Tors: 1.615935 | State: STABLE
[AUM] I_Tors: 1.615936 | State: STABLE
[AUM] I_Tors: 1.615938 | State: STABLE
[AUM] I_Tors: 1.615939 | State: STABLE
[AUM] I_Tors: 1.615941 | State: STABLE
[AUM] I_Tors: 1.615942 | State: STABLE
[AUM] I_Tors: 1.615944 | State: STABLE
[AUM] I_Tors: 1.615945 | State: STABLE
[AUM] I_Tors: 1.615947 | State: STABLE
[AUM] I_Tors: 1.615948 | State: STABLE
[AUM] I_Tors: 1.615950 | State: STABLE
[AUM] I_Tors: 1.615951 | State: STABLE
[AUM] I_Tors: 1.615952 | State: STABLE
[AUM] I_Tors: 1.615954 | State: STABLE
[AUM] I_Tors: 1.615955 | State: STABLE
[AUM] I_Tors: 1.615957 | State: STABLE
[AUM] I_Tors: 1.615958 | State: STABLE
[AUM] I_Tors: 1.615960 | State: STABLE
[AUM] I_Tors: 1.615961 | State: STABLE
[AUM] I_Tors: 1.615963 | State: STABLE
[AUM] I_Tors: 1.615964 | State: STABLE
[AUM] I_Tors: 1.615966 | State: STABLE
[AUM] I_Tors: 1.615967 | State: STABLE
[AUM] I_Tors: 1.615968 | State: STABLE
[AUM] I_Tors: 1.615970 | State: STABLE
[AUM] I_Tors: 1.615971 | State: STABLE
[AUM] I_Tors: 1.615973 | State: STABLE
[AUM] I_Tors: 1.615974 | State: STABLE
[AUM] I_Tors: 1.615976 | State: STABLE
[AUM] I_Tors: 1.615977 | State: STABLE
[AUM] I_Tors: 1.615979 | State: STABLE
[AUM] I_Tors: 1.615980 | State: STABLE
[AUM] I_Tors: 1.615981 | State: STABLE
[AUM] I_Tors: 1.615983 | State: STABLE
[AUM] I_Tors: 1.615984 | State: STABLE
[AUM] I_Tors: 1.615986 | State: STABLE
[AUM] I_Tors: 1.615987 | State: STABLE
[AUM] I_Tors: 1.615989 | State: STABLE
[AUM] I_Tors: 1.615990 | State: STABLE
[AUM] I_Tors: 1.615991 | State: STABLE
[AUM] I_Tors: 1.615993 | State: STABLE
[AUM] I_Tors: 1.615994 | State: STABLE
[AUM] I_Tors: 1.615996 | State: STABLE
[AUM] I_Tors: 1.615997 | State: STABLE
[AUM] I_Tors: 1.615999 | State: STABLE
[AUM] I_Tors: 1.616000 | State: STABLE
[AUM] I_Tors: 1.616001 | State: STABLE
[AUM] I_Tors: 1.616003 | State: STABLE
[AUM] I_Tors: 1.616004 | State: STABLE
[AUM] I_Tors: 1.616006 | State: STABLE
[AUM] I_Tors: 1.616007 | State: STABLE
[AUM] I_Tors: 1.616009 | State: STABLE
[AUM] I_Tors: 1.616010 | State: STABLE
[AUM] I_Tors: 1.616011 | State: STABLE
[AUM] I_Tors: 1.616013 | State: STABLE
[AUM] I_Tors: 1.616014 | State: STABLE
[AUM] I_Tors: 1.616016 | State: STABLE
[AUM] I_Tors: 1.616017 | State: STABLE
[AUM] I_Tors: 1.616018 | State: STABLE
[AUM] I_Tors: 1.616020 | State: STABLE
[AUM] I_Tors: 1.616021 | State: STABLE
[AUM] I_Tors: 1.616023 | State: STABLE
[AUM] I_Tors: 1.616024 | State: STABLE
[AUM] I_Tors: 1.616025 | State: STABLE
[AUM] I_Tors: 1.616027 | State: STABLE
[AUM] I_Tors: 1.616028 | State: STABLE
[AUM] I_Tors: 1.616030 | State: STABLE
[AUM] I_Tors: 1.616031 | State: STABLE
[AUM] I_Tors: 1.616032 | State: STABLE
[AUM] I_Tors: 1.616034 | State: STABLE
[AUM] I_Tors: 1.616035 | State: STABLE
[AUM] I_Tors: 1.616037 | State: STABLE
[AUM] I_Tors: 1.616038 | State: STABLE
[AUM] I_Tors: 1.616039 | State: STABLE
[AUM] I_Tors: 1.616041 | State: STABLE
[AUM] I_Tors: 1.616042 | State: STABLE
[AUM] I_Tors: 1.616044 | State: STABLE
[AUM] I_Tors: 1.616045 | State: STABLE
[AUM] I_Tors: 1.616046 | State: STABLE
[AUM] I_Tors: 1.616048 | State: STABLE
[AUM] I_Tors: 1.616049 | State: STABLE
[AUM] I_Tors: 1.616051 | State: STABLE
[AUM] I_Tors: 1.616052 | State: STABLE
[AUM] I_Tors: 1.616053 | State: STABLE
[AUM] I_Tors: 1.616055 | State: STABLE
[AUM] I_Tors: 1.616056 | State: STABLE
[AUM] I_Tors: 1.616058 | State: STABLE
[AUM] I_Tors: 1.616059 | State: STABLE
[AUM] I_Tors: 1.616060 | State: STABLE
[AUM] I_Tors: 1.616062 | State: STABLE
[AUM] I_Tors: 1.616063 | State: STABLE
[AUM] I_Tors: 1.616064 | State: STABLE
[AUM] I_Tors: 1.616066 | State: STABLE
[AUM] I_Tors: 1.616067 | State: STABLE
[AUM] I_Tors: 1.616069 | State: STABLE
[AUM] I_Tors: 1.616070 | State: STABLE
[AUM] I_Tors: 1.616071 | State: STABLE
[AUM] I_Tors: 1.616073 | State: STABLE
[AUM] I_Tors: 1.616074 | State: STABLE
[AUM] I_Tors: 1.616075 | State: STABLE
[AUM] I_Tors: 1.616077 | State: STABLE
[AUM] I_Tors: 1.616078 | State: STABLE
[AUM] I_Tors: 1.616080 | State: STABLE
[AUM] I_Tors: 1.616081 | State: STABLE
[AUM] I_Tors: 1.616082 | State: STABLE
[AUM] I_Tors: 1.616084 | State: STABLE
[AUM] I_Tors: 1.616085 | State: STABLE
[AUM] I_Tors: 1.616086 | State: STABLE
[AUM] I_Tors: 1.616088 | State: STABLE
[AUM] I_Tors: 1.616089 | State: STABLE
[AUM] I_Tors: 1.616090 | State: STABLE
[AUM] I_Tors: 1.616092 | State: STABLE
[AUM] I_Tors: 1.616093 | State: STABLE
[AUM] I_Tors: 1.616095 | State: STABLE
[AUM] I_Tors: 1.616096 | State: STABLE
[AUM] I_Tors: 1.616097 | State: STABLE
[AUM] I_Tors: 1.616099 | State: STABLE
[AUM] I_Tors: 1.616100 | State: STABLE
[AUM] I_Tors: 1.616101 | State: STABLE
[AUM] I_Tors: 1.616103 | State: STABLE
[AUM] I_Tors: 1.616104 | State: STABLE
[AUM] I_Tors: 1.616105 | State: STABLE
[AUM] I_Tors: 1.616107 | State: STABLE
[AUM] I_Tors: 1.616108 | State: STABLE
[AUM] I_Tors: 1.616109 | State: STABLE
[AUM] I_Tors: 1.616111 | State: STABLE
[AUM] I_Tors: 1.616112 | State: STABLE
[AUM] I_Tors: 1.616113 | State: STABLE
[AUM] I_Tors: 1.616115 | State: STABLE
[AUM] I_Tors: 1.616116 | State: STABLE
[AUM] I_Tors: 1.616118 | State: STABLE
[AUM] I_Tors: 1.616119 | State: STABLE
[AUM] I_Tors: 1.616120 | State: STABLE
[AUM] I_Tors: 1.616122 | State: STABLE
[AUM] I_Tors: 1.616123 | State: STABLE
[AUM] I_Tors: 1.616124 | State: STABLE
[AUM] I_Tors: 1.616126 | State: STABLE
[AUM] I_Tors: 1.616127 | State: STABLE
[AUM] I_Tors: 1.616128 | State: STABLE
[AUM] I_Tors: 1.616130 | State: STABLE
[AUM] I_Tors: 1.616131 | State: STABLE
[AUM] I_Tors: 1.616132 | State: STABLE
[AUM] I_Tors: 1.616134 | State: STABLE
[AUM] I_Tors: 1.616135 | State: STABLE
[AUM] I_Tors: 1.616136 | State: STABLE
[AUM] I_Tors: 1.616138 | State: STABLE
[AUM] I_Tors: 1.616139 | State: STABLE
[AUM] I_Tors: 1.616140 | State: STABLE
[AUM] I_Tors: 1.616142 | State: STABLE
[AUM] I_Tors: 1.616143 | State: STABLE
[AUM] I_Tors: 1.616144 | State: STABLE
[AUM] I_Tors: 1.616145 | State: STABLE
[AUM] I_Tors: 1.616147 | State: STABLE
[AUM] I_Tors: 1.616148 | State: STABLE
[AUM] I_Tors: 1.616149 | State: STABLE
[AUM] I_Tors: 1.616151 | State: STABLE
[AUM] I_Tors: 1.616152 | State: STABLE
[AUM] I_Tors: 1.616153 | State: STABLE
[AUM] I_Tors: 1.616155 | State: STABLE
[AUM] I_Tors: 1.616156 | State: STABLE
[AUM] I_Tors: 1.616157 | State: STABLE
[AUM] I_Tors: 1.616159 | State: STABLE
[AUM] I_Tors: 1.616160 | State: STABLE
[AUM] I_Tors: 1.616161 | State: STABLE
[AUM] I_Tors: 1.616163 | State: STABLE
[AUM] I_Tors: 1.616164 | State: STABLE
[AUM] I_Tors: 1.616165 | State: STABLE
[AUM] I_Tors: 1.616167 | State: STABLE
[AUM] I_Tors: 1.616168 | State: STABLE
[AUM] I_Tors: 1.616169 | State: STABLE
[AUM] I_Tors: 1.616170 | State: STABLE
[AUM] I_Tors: 1.616172 | State: STABLE
[AUM] I_Tors: 1.616173 | State: STABLE
[AUM] I_Tors: 1.616174 | State: STABLE
[AUM] I_Tors: 1.616176 | State: STABLE
[AUM] I_Tors: 1.616177 | State: STABLE
[AUM] I_Tors: 1.616178 | State: STABLE
[AUM] I_Tors: 1.616180 | State: STABLE
[AUM] I_Tors: 1.616181 | State: STABLE
[AUM] I_Tors: 1.616182 | State: STABLE
[AUM] I_Tors: 1.616183 | State: STABLE
[AUM] I_Tors: 1.616185 | State: STABLE
[AUM] I_Tors: 1.616186 | State: STABLE
[AUM] I_Tors: 1.616187 | State: STABLE
[AUM] I_Tors: 1.616189 | State: STABLE
[AUM] I_Tors: 1.616190 | State: STABLE
[AUM] I_Tors: 1.616191 | State: STABLE
[AUM] I_Tors: 1.616193 | State: STABLE
[AUM] I_Tors: 1.616194 | State: STABLE
[AUM] I_Tors: 1.616195 | State: STABLE
[AUM] I_Tors: 1.616196 | State: STABLE
[AUM] I_Tors: 1.616198 | State: STABLE
[AUM] I_Tors: 1.616199 | State: STABLE
[AUM] I_Tors: 1.616200 | State: STABLE
[AUM] I_Tors: 1.616202 | State: STABLE
[AUM] I_Tors: 1.616203 | State: STABLE
[AUM] I_Tors: 1.616204 | State: STABLE
[AUM] I_Tors: 1.616205 | State: STABLE
[AUM] I_Tors: 1.616207 | State: STABLE
[AUM] I_Tors: 1.616208 | State: STABLE
[AUM] I_Tors: 1.616209 | State: STABLE
[AUM] I_Tors: 1.616210 | State: STABLE
[AUM] I_Tors: 1.616212 | State: STABLE
[AUM] I_Tors: 1.616213 | State: STABLE
[AUM] I_Tors: 1.616214 | State: STABLE
[AUM] I_Tors: 1.616216 | State: STABLE
[AUM] I_Tors: 1.616217 | State: STABLE
[AUM] I_Tors: 1.616218 | State: STABLE
[AUM] I_Tors: 1.616219 | State: STABLE
[AUM] I_Tors: 1.616221 | State: STABLE
[AUM] I_Tors: 1.616222 | State: STABLE
[AUM] I_Tors: 1.616223 | State: STABLE
[AUM] I_Tors: 1.616224 | State: STABLE
[AUM] I_Tors: 1.616226 | State: STABLE
[AUM] I_Tors: 1.616227 | State: STABLE
[AUM] I_Tors: 1.616228 | State: STABLE
[AUM] I_Tors: 1.616230 | State: STABLE
[AUM] I_Tors: 1.616231 | State: STABLE
[AUM] I_Tors: 1.616232 | State: STABLE
[AUM] I_Tors: 1.616233 | State: STABLE
[AUM] I_Tors: 1.616235 | State: STABLE
[AUM] I_Tors: 1.616236 | State: STABLE
[AUM] I_Tors: 1.616237 | State: STABLE
[AUM] I_Tors: 1.616238 | State: STABLE
[AUM] I_Tors: 1.616240 | State: STABLE
[AUM] I_Tors: 1.616241 | State: STABLE
[AUM] I_Tors: 1.616242 | State: STABLE
[AUM] I_Tors: 1.616243 | State: STABLE
[AUM] I_Tors: 1.616245 | State: STABLE
[AUM] I_Tors: 1.616246 | State: STABLE
[AUM] I_Tors: 1.616247 | State: STABLE
[AUM] I_Tors: 1.616248 | State: STABLE
[AUM] I_Tors: 1.616250 | State: STABLE
[AUM] I_Tors: 1.616251 | State: STABLE
[AUM] I_Tors: 1.616252 | State: STABLE
[AUM] I_Tors: 1.616253 | State: STABLE
[AUM] I_Tors: 1.616255 | State: STABLE
[AUM] I_Tors: 1.616256 | State: STABLE
[AUM] I_Tors: 1.616257 | State: STABLE
[AUM] I_Tors: 1.616258 | State: STABLE
[AUM] I_Tors: 1.616260 | State: STABLE
[AUM] I_Tors: 1.616261 | State: STABLE
[AUM] I_Tors: 1.616262 | State: STABLE
[AUM] I_Tors: 1.616263 | State: STABLE
[AUM] I_Tors: 1.616265 | State: STABLE
[AUM] I_Tors: 1.616266 | State: STABLE
[AUM] I_Tors: 1.616267 | State: STABLE
[AUM] I_Tors: 1.616268 | State: STABLE
[AUM] I_Tors: 1.616270 | State: STABLE
[AUM] I_Tors: 1.616271 | State: STABLE
[AUM] I_Tors: 1.616272 | State: STABLE
[AUM] I_Tors: 1.616273 | State: STABLE
[AUM] I_Tors: 1.616274 | State: STABLE
[AUM] I_Tors: 1.616276 | State: STABLE
[AUM] I_Tors: 1.616277 | State: STABLE
[AUM] I_Tors: 1.616278 | State: STABLE
[AUM] I_Tors: 1.616279 | State: STABLE
[AUM] I_Tors: 1.616281 | State: STABLE
[AUM] I_Tors: 1.616282 | State: STABLE
[AUM] I_Tors: 1.616283 | State: STABLE
[AUM] I_Tors: 1.616284 | State: STABLE
[AUM] I_Tors: 1.616285 | State: STABLE
[AUM] I_Tors: 1.616287 | State: STABLE
[AUM] I_Tors: 1.616288 | State: STABLE
[AUM] I_Tors: 1.616289 | State: STABLE
[AUM] I_Tors: 1.616290 | State: STABLE
[AUM] I_Tors: 1.616292 | State: STABLE
[AUM] I_Tors: 1.616293 | State: STABLE
[AUM] I_Tors: 1.616294 | State: STABLE
[AUM] I_Tors: 1.616295 | State: STABLE
[AUM] I_Tors: 1.616296 | State: STABLE
[AUM] I_Tors: 1.616298 | State: STABLE
[AUM] I_Tors: 1.616299 | State: STABLE
[AUM] I_Tors: 1.616300 | State: STABLE
[AUM] I_Tors: 1.616301 | State: STABLE
[AUM] I_Tors: 1.616303 | State: STABLE
[AUM] I_Tors: 1.616304 | State: STABLE
[AUM] I_Tors: 1.616305 | State: STABLE
[AUM] I_Tors: 1.616306 | State: STABLE
[AUM] I_Tors: 1.616307 | State: STABLE
[AUM] I_Tors: 1.616309 | State: STABLE
[AUM] I_Tors: 1.616310 | State: STABLE
[AUM] I_Tors: 1.616311 | State: STABLE
[AUM] I_Tors: 1.616312 | State: STABLE
[AUM] I_Tors: 1.616313 | State: STABLE
[AUM] I_Tors: 1.616315 | State: STABLE
[AUM] I_Tors: 1.616316 | State: STABLE
[AUM] I_Tors: 1.616317 | State: STABLE
[AUM] I_Tors: 1.616318 | State: STABLE
[AUM] I_Tors: 1.616319 | State: STABLE
[AUM] I_Tors: 1.616321 | State: STABLE
[AUM] I_Tors: 1.616322 | State: STABLE
[AUM] I_Tors: 1.616323 | State: STABLE
[AUM] I_Tors: 1.616324 | State: STABLE
[AUM] I_Tors: 1.616325 | State: STABLE
[AUM] I_Tors: 1.616327 | State: STABLE
[AUM] I_Tors: 1.616328 | State: STABLE
[AUM] I_Tors: 1.616329 | State: STABLE
[AUM] I_Tors: 1.616330 | State: STABLE
[AUM] I_Tors: 1.616331 | State: STABLE
[AUM] I_Tors: 1.616333 | State: STABLE
[AUM] I_Tors: 1.616334 | State: STABLE
[AUM] I_Tors: 1.616335 | State: STABLE
[AUM] I_Tors: 1.616336 | State: STABLE
[AUM] I_Tors: 1.616337 | State: STABLE
[AUM] I_Tors: 1.616339 | State: STABLE
[AUM] I_Tors: 1.616340 | State: STABLE
[AUM] I_Tors: 1.616341 | State: STABLE
[AUM] I_Tors: 1.616342 | State: STABLE
[AUM] I_Tors: 1.616343 | State: STABLE
[AUM] I_Tors: 1.616344 | State: STABLE
[AUM] I_Tors: 1.616346 | State: STABLE
[AUM] I_Tors: 1.616347 | State: STABLE
[AUM] I_Tors: 1.616348 | State: STABLE
[AUM] I_Tors: 1.616349 | State: STABLE
[AUM] I_Tors: 1.616350 | State: STABLE
[AUM] I_Tors: 1.616352 | State: STABLE
[AUM] I_Tors: 1.616353 | State: STABLE
[AUM] I_Tors: 1.616354 | State: STABLE
[AUM] I_Tors: 1.616355 | State: STABLE
[AUM] I_Tors: 1.616356 | State: STABLE
[AUM] I_Tors: 1.616357 | State: STABLE
[AUM] I_Tors: 1.616359 | State: STABLE
[AUM] I_Tors: 1.616360 | State: STABLE
[AUM] I_Tors: 1.616361 | State: STABLE
[AUM] I_Tors: 1.616362 | State: STABLE
[AUM] I_Tors: 1.616363 | State: STABLE
[AUM] I_Tors: 1.616364 | State: STABLE
[AUM] I_Tors: 1.616366 | State: STABLE
[AUM] I_Tors: 1.616367 | State: STABLE
[AUM] I_Tors: 1.616368 | State: STABLE
[AUM] I_Tors: 1.616369 | State: STABLE
[AUM] I_Tors: 1.616370 | State: STABLE
[AUM] I_Tors: 1.616371 | State: STABLE
[AUM] I_Tors: 1.616373 | State: STABLE
[AUM] I_Tors: 1.616374 | State: STABLE
[AUM] I_Tors: 1.616375 | State: STABLE
[AUM] I_Tors: 1.616376 | State: STABLE
[AUM] I_Tors: 1.616377 | State: STABLE
[AUM] I_Tors: 1.616378 | State: STABLE
[AUM] I_Tors: 1.616380 | State: STABLE
[AUM] I_Tors: 1.616381 | State: STABLE
[AUM] I_Tors: 1.616382 | State: STABLE
[AUM] I_Tors: 1.616383 | State: STABLE
[AUM] I_Tors: 1.616384 | State: STABLE
[AUM] I_Tors: 1.616385 | State: STABLE
[AUM] I_Tors: 1.616387 | State: STABLE
[AUM] I_Tors: 1.616388 | State: STABLE
[AUM] I_Tors: 1.616389 | State: STABLE
[AUM] I_Tors: 1.616390 | State: STABLE
[AUM] I_Tors: 1.616391 | State: STABLE
[AUM] I_Tors: 1.616392 | State: STABLE
[AUM] I_Tors: 1.616393 | State: STABLE
[AUM] I_Tors: 1.616395 | State: STABLE
[AUM] I_Tors: 1.616396 | State: STABLE
[AUM] I_Tors: 1.616397 | State: STABLE
[AUM] I_Tors: 1.616398 | State: STABLE
[AUM] I_Tors: 1.616399 | State: STABLE
[AUM] I_Tors: 1.616400 | State: STABLE
[AUM] I_Tors: 1.616401 | State: STABLE
[AUM] I_Tors: 1.616403 | State: STABLE
[AUM] I_Tors: 1.616404 | State: STABLE
[AUM] I_Tors: 1.616405 | State: STABLE
[AUM] I_Tors: 1.616406 | State: STABLE
[AUM] I_Tors: 1.616407 | State: STABLE
[AUM] I_Tors: 1.616408 | State: STABLE
[AUM] I_Tors: 1.616409 | State: STABLE
[AUM] I_Tors: 1.616411 | State: STABLE
[AUM] I_Tors: 1.616412 | State: STABLE
[AUM] I_Tors: 1.616413 | State: STABLE
[AUM] I_Tors: 1.616414 | State: STABLE
[AUM] I_Tors: 1.616415 | State: STABLE
[AUM] I_Tors: 1.616416 | State: STABLE
[AUM] I_Tors: 1.616417 | State: STABLE
[AUM] I_Tors: 1.616419 | State: STABLE
[AUM] I_Tors: 1.616420 | State: STABLE
[AUM] I_Tors: 1.616421 | State: STABLE
[AUM] I_Tors: 1.616422 | State: STABLE
[AUM] I_Tors: 1.616423 | State: STABLE
[AUM] I_Tors: 1.616424 | State: STABLE
[AUM] I_Tors: 1.616425 | State: STABLE
[AUM] I_Tors: 1.616426 | State: STABLE
[AUM] I_Tors: 1.616428 | State: STABLE
[AUM] I_Tors: 1.616429 | State: STABLE
[AUM] I_Tors: 1.616430 | State: STABLE
[AUM] I_Tors: 1.616431 | State: STABLE
[AUM] I_Tors: 1.616432 | State: STABLE
[AUM] I_Tors: 1.616433 | State: STABLE
[AUM] I_Tors: 1.616434 | State: STABLE
[AUM] I_Tors: 1.616435 | State: STABLE
[AUM] I_Tors: 1.616437 | State: STABLE
[AUM] I_Tors: 1.616438 | State: STABLE
[AUM] I_Tors: 1.616439 | State: STABLE
[AUM] I_Tors: 1.616440 | State: STABLE
[AUM] I_Tors: 1.616441 | State: STABLE
[AUM] I_Tors: 1.616442 | State: STABLE
[AUM] I_Tors: 1.616443 | State: STABLE
[AUM] I_Tors: 1.616444 | State: STABLE
[AUM] I_Tors: 1.616445 | State: STABLE
[AUM] I_Tors: 1.616447 | State: STABLE
[AUM] I_Tors: 1.616448 | State: STABLE
[AUM] I_Tors: 1.616449 | State: STABLE
[AUM] I_Tors: 1.616450 | State: STABLE
[AUM] I_Tors: 1.616451 | State: STABLE
[AUM] I_Tors: 1.616452 | State: STABLE
[AUM] I_Tors: 1.616453 | State: STABLE
[AUM] I_Tors: 1.616454 | State: STABLE
[AUM] I_Tors: 1.616455 | State: STABLE
[AUM] I_Tors: 1.616457 | State: STABLE
[AUM] I_Tors: 1.616458 | State: STABLE
[AUM] I_Tors: 1.616459 | State: STABLE
[AUM] I_Tors: 1.616460 | State: STABLE
[AUM] I_Tors: 1.616461 | State: STABLE
[AUM] I_Tors: 1.616462 | State: STABLE
[AUM] I_Tors: 1.616463 | State: STABLE
[AUM] I_Tors: 1.616464 | State: STABLE
[AUM] I_Tors: 1.616465 | State: STABLE
[AUM] I_Tors: 1.616466 | State: STABLE
[AUM] I_Tors: 1.616468 | State: STABLE
[AUM] I_Tors: 1.616469 | State: STABLE
[AUM] I_Tors: 1.616470 | State: STABLE
[AUM] I_Tors: 1.616471 | State: STABLE
[AUM] I_Tors: 1.616472 | State: STABLE
[AUM] I_Tors: 1.616473 | State: STABLE
[AUM] I_Tors: 1.616474 | State: STABLE
[AUM] I_Tors: 1.616475 | State: STABLE
[AUM] I_Tors: 1.616476 | State: STABLE
[AUM] I_Tors: 1.616477 | State: STABLE
[AUM] I_Tors: 1.616478 | State: STABLE
[AUM] I_Tors: 1.616480 | State: STABLE
[AUM] I_Tors: 1.616481 | State: STABLE
[AUM] I_Tors: 1.616482 | State: STABLE
[AUM] I_Tors: 1.616483 | State: STABLE
[AUM] I_Tors: 1.616484 | State: STABLE
[AUM] I_Tors: 1.616485 | State: STABLE
[AUM] I_Tors: 1.616486 | State: STABLE
[AUM] I_Tors: 1.616487 | State: STABLE
[AUM] I_Tors: 1.616488 | State: STABLE
[AUM] I_Tors: 1.616489 | State: STABLE
[AUM] I_Tors: 1.616490 | State: STABLE
[AUM] I_Tors: 1.616491 | State: STABLE
[AUM] I_Tors: 1.616493 | State: STABLE
[AUM] I_Tors: 1.616494 | State: STABLE
[AUM] I_Tors: 1.616495 | State: STABLE
[AUM] I_Tors: 1.616496 | State: STABLE
[AUM] I_Tors: 1.616497 | State: STABLE
[AUM] I_Tors: 1.616498 | State: STABLE
[AUM] I_Tors: 1.616499 | State: STABLE
[AUM] I_Tors: 1.616500 | State: STABLE
[AUM] I_Tors: 1.616501 | State: STABLE
[AUM] I_Tors: 1.616502 | State: STABLE
[AUM] I_Tors: 1.616503 | State: STABLE
[AUM] I_Tors: 1.616504 | State: STABLE
[AUM] I_Tors: 1.616505 | State: STABLE
[AUM] I_Tors: 1.616507 | State: STABLE
[AUM] I_Tors: 1.616508 | State: STABLE
[AUM] I_Tors: 1.616509 | State: STABLE
[AUM] I_Tors: 1.616510 | State: STABLE
[AUM] I_Tors: 1.616511 | State: STABLE
[AUM] I_Tors: 1.616512 | State: STABLE
[AUM] I_Tors: 1.616513 | State: STABLE
[AUM] I_Tors: 1.616514 | State: STABLE
[AUM] I_Tors: 1.616515 | State: STABLE
[AUM] I_Tors: 1.616516 | State: STABLE
[AUM] I_Tors: 1.616517 | State: STABLE
[AUM] I_Tors: 1.616518 | State: STABLE
[AUM] I_Tors: 1.616519 | State: STABLE
[AUM] I_Tors: 1.616520 | State: STABLE
[AUM] I_Tors: 1.616521 | State: STABLE
[AUM] I_Tors: 1.616522 | State: STABLE
[AUM] I_Tors: 1.616524 | State: STABLE
[AUM] I_Tors: 1.616525 | State: STABLE
[AUM] I_Tors: 1.616526 | State: STABLE
[AUM] I_Tors: 1.616527 | State: STABLE
[AUM] I_Tors: 1.616528 | State: STABLE
[AUM] I_Tors: 1.616529 | State: STABLE
[AUM] I_Tors: 1.616530 | State: STABLE
[AUM] I_Tors: 1.616531 | State: STABLE
[AUM] I_Tors: 1.616532 | State: STABLE
[AUM] I_Tors: 1.616533 | State: STABLE
[AUM] I_Tors: 1.616534 | State: STABLE
[AUM] I_Tors: 1.616535 | State: STABLE
[AUM] I_Tors: 1.616536 | State: STABLE
[AUM] I_Tors: 1.616537 | State: STABLE
[AUM] I_Tors: 1.616538 | State: STABLE
[AUM] I_Tors: 1.616539 | State: STABLE
[AUM] I_Tors: 1.616540 | State: STABLE
[AUM] I_Tors: 1.616541 | State: STABLE
[AUM] I_Tors: 1.616542 | State: STABLE
[AUM] I_Tors: 1.616544 | State: STABLE
[AUM] I_Tors: 1.616545 | State: STABLE
[AUM] I_Tors: 1.616546 | State: STABLE
[AUM] I_Tors: 1.616547 | State: STABLE
[AUM] I_Tors: 1.616548 | State: STABLE
[AUM] I_Tors: 1.616549 | State: STABLE
[AUM] I_Tors: 1.616550 | State: STABLE
[AUM] I_Tors: 1.616551 | State: STABLE
[AUM] I_Tors: 1.616552 | State: STABLE
[AUM] I_Tors: 1.616553 | State: STABLE
[AUM] I_Tors: 1.616554 | State: STABLE
[AUM] I_Tors: 1.616555 | State: STABLE
[AUM] I_Tors: 1.616556 | State: STABLE
[AUM] I_Tors: 1.616557 | State: STABLE
[AUM] I_Tors: 1.616558 | State: STABLE
[AUM] I_Tors: 1.616559 | State: STABLE
[AUM] I_Tors: 1.616560 | State: STABLE
[AUM] I_Tors: 1.616561 | State: STABLE
[AUM] I_Tors: 1.616562 | State: STABLE
[AUM] I_Tors: 1.616563 | State: STABLE
[AUM] I_Tors: 1.616564 | State: STABLE
[AUM] I_Tors: 1.616565 | State: STABLE
[AUM] I_Tors: 1.616566 | State: STABLE
[AUM] I_Tors: 1.616567 | State: STABLE
[AUM] I_Tors: 1.616568 | State: STABLE
[AUM] I_Tors: 1.616569 | State: STABLE
[AUM] I_Tors: 1.616570 | State: STABLE
[AUM] I_Tors: 1.616571 | State: STABLE
[AUM] I_Tors: 1.616572 | State: STABLE
[AUM] I_Tors: 1.616573 | State: STABLE
[AUM] I_Tors: 1.616574 | State: STABLE
[AUM] I_Tors: 1.616576 | State: STABLE
[AUM] I_Tors: 1.616577 | State: STABLE
[AUM] I_Tors: 1.616578 | State: STABLE
[AUM] I_Tors: 1.616579 | State: STABLE
[AUM] I_Tors: 1.616580 | State: STABLE
[AUM] I_Tors: 1.616581 | State: STABLE
[AUM] I_Tors: 1.616582 | State: STABLE
[AUM] I_Tors: 1.616583 | State: STABLE
[AUM] I_Tors: 1.616584 | State: STABLE
[AUM] I_Tors: 1.616585 | State: STABLE
[AUM] I_Tors: 1.616586 | State: STABLE
[AUM] I_Tors: 1.616587 | State: STABLE
[AUM] I_Tors: 1.616588 | State: STABLE
[AUM] I_Tors: 1.616589 | State: STABLE
[AUM] I_Tors: 1.616590 | State: STABLE
[AUM] I_Tors: 1.616591 | State: STABLE
[AUM] I_Tors: 1.616592 | State: STABLE
[AUM] I_Tors: 1.616593 | State: STABLE
[AUM] I_Tors: 1.616594 | State: STABLE
[AUM] I_Tors: 1.616595 | State: STABLE
[AUM] I_Tors: 1.616596 | State: STABLE
[AUM] I_Tors: 1.616597 | State: STABLE
[AUM] I_Tors: 1.616598 | State: STABLE
[AUM] I_Tors: 1.616599 | State: STABLE
[AUM] I_Tors: 1.616600 | State: STABLE
[AUM] I_Tors: 1.616601 | State: STABLE
[AUM] I_Tors: 1.616602 | State: STABLE
[AUM] I_Tors: 1.616603 | State: STABLE
[AUM] I_Tors: 1.616604 | State: STABLE
[AUM] I_Tors: 1.616605 | State: STABLE
[AUM] I_Tors: 1.616606 | State: STABLE
[AUM] I_Tors: 1.616607 | State: STABLE
[AUM] I_Tors: 1.616608 | State: STABLE
[AUM] I_Tors: 1.616609 | State: STABLE
[AUM] I_Tors: 1.616610 | State: STABLE
[AUM] I_Tors: 1.616611 | State: STABLE
[AUM] I_Tors: 1.616612 | State: STABLE
[AUM] I_Tors: 1.616613 | State: STABLE
[AUM] I_Tors: 1.616614 | State: STABLE
[AUM] I_Tors: 1.616615 | State: STABLE
[AUM] I_Tors: 1.616616 | State: STABLE
[AUM] I_Tors: 1.616617 | State: STABLE
[AUM] I_Tors: 1.616618 | State: STABLE
[AUM] I_Tors: 1.616619 | State: STABLE
[AUM] I_Tors: 1.616620 | State: STABLE
[AUM] I_Tors: 1.616621 | State: STABLE
[AUM] I_Tors: 1.616622 | State: STABLE
[AUM] I_Tors: 1.616623 | State: STABLE
[AUM] I_Tors: 1.616624 | State: STABLE
[AUM] I_Tors: 1.616625 | State: STABLE
[AUM] I_Tors: 1.616626 | State: STABLE
[AUM] I_Tors: 1.616627 | State: STABLE
[AUM] I_Tors: 1.616628 | State: STABLE
[AUM] I_Tors: 1.616629 | State: STABLE
[AUM] I_Tors: 1.616630 | State: STABLE
[AUM] I_Tors: 1.616631 | State: STABLE
[AUM] I_Tors: 1.616632 | State: STABLE
[AUM] I_Tors: 1.616633 | State: STABLE
[AUM] I_Tors: 1.616634 | State: STABLE
[AUM] I_Tors: 1.616635 | State: STABLE
[AUM] I_Tors: 1.616636 | State: STABLE
[AUM] I_Tors: 1.616637 | State: STABLE
[AUM] I_Tors: 1.616637 | State: STABLE
[AUM] I_Tors: 1.616638 | State: STABLE
[AUM] I_Tors: 1.616639 | State: STABLE
[AUM] I_Tors: 1.616640 | State: STABLE
[AUM] I_Tors: 1.616641 | State: STABLE
[AUM] I_Tors: 1.616642 | State: STABLE
[AUM] I_Tors: 1.616643 | State: STABLE
[AUM] I_Tors: 1.616644 | State: STABLE
[AUM] I_Tors: 1.616645 | State: STABLE
[AUM] I_Tors: 1.616646 | State: STABLE
[AUM] I_Tors: 1.616647 | State: STABLE
[AUM] I_Tors: 1.616648 | State: STABLE
[AUM] I_Tors: 1.616649 | State: STABLE
[AUM] I_Tors: 1.616650 | State: STABLE
[AUM] I_Tors: 1.616651 | State: STABLE
[AUM] I_Tors: 1.616652 | State: STABLE
[AUM] I_Tors: 1.616653 | State: STABLE
[AUM] I_Tors: 1.616654 | State: STABLE
[AUM] I_Tors: 1.616655 | State: STABLE
[AUM] I_Tors: 1.616656 | State: STABLE
[AUM] I_Tors: 1.616657 | State: STABLE
[AUM] I_Tors: 1.616658 | State: STABLE
[AUM] I_Tors: 1.616659 | State: STABLE
[AUM] I_Tors: 1.616660 | State: STABLE
[AUM] I_Tors: 1.616661 | State: STABLE
[AUM] I_Tors: 1.616662 | State: STABLE
[AUM] I_Tors: 1.616663 | State: STABLE
[AUM] I_Tors: 1.616664 | State: STABLE
[AUM] I_Tors: 1.616665 | State: STABLE
[AUM] I_Tors: 1.616666 | State: STABLE
[AUM] I_Tors: 1.616667 | State: STABLE
[AUM] I_Tors: 1.616667 | State: STABLE
[AUM] I_Tors: 1.616668 | State: STABLE
[AUM] I_Tors: 1.616669 | State: STABLE
[AUM] I_Tors: 1.616670 | State: STABLE
[AUM] I_Tors: 1.616671 | State: STABLE
[AUM] I_Tors: 1.616672 | State: STABLE
[AUM] I_Tors: 1.616673 | State: STABLE
[AUM] I_Tors: 1.616674 | State: STABLE
[AUM] I_Tors: 1.616675 | State: STABLE
[AUM] I_Tors: 1.616676 | State: STABLE
[AUM] I_Tors: 1.616677 | State: STABLE
[AUM] I_Tors: 1.616678 | State: STABLE
[AUM] I_Tors: 1.616679 | State: STABLE
[AUM] I_Tors: 1.616680 | State: STABLE
[AUM] I_Tors: 1.616681 | State: STABLE
[AUM] I_Tors: 1.616682 | State: STABLE
[AUM] I_Tors: 1.616683 | State: STABLE
[AUM] I_Tors: 1.616684 | State: STABLE
[AUM] I_Tors: 1.616685 | State: STABLE
[AUM] I_Tors: 1.616686 | State: STABLE
[AUM] I_Tors: 1.616686 | State: STABLE
[AUM] I_Tors: 1.616687 | State: STABLE
[AUM] I_Tors: 1.616688 | State: STABLE
[AUM] I_Tors: 1.616689 | State: STABLE
[AUM] I_Tors: 1.616690 | State: STABLE
[AUM] I_Tors: 1.616691 | State: STABLE
[AUM] I_Tors: 1.616692 | State: STABLE
[AUM] I_Tors: 1.616693 | State: STABLE
[AUM] I_Tors: 1.616694 | State: STABLE
[AUM] I_Tors: 1.616695 | State: STABLE
[AUM] I_Tors: 1.616696 | State: STABLE
[AUM] I_Tors: 1.616697 | State: STABLE
[AUM] I_Tors: 1.616698 | State: STABLE
[AUM] I_Tors: 1.616699 | State: STABLE
[AUM] I_Tors: 1.616700 | State: STABLE
[AUM] I_Tors: 1.616701 | State: STABLE
[AUM] I_Tors: 1.616701 | State: STABLE
[AUM] I_Tors: 1.616702 | State: STABLE
[AUM] I_Tors: 1.616703 | State: STABLE
[AUM] I_Tors: 1.616704 | State: STABLE
[AUM] I_Tors: 1.616705 | State: STABLE
[AUM] I_Tors: 1.616706 | State: STABLE
[AUM] I_Tors: 1.616707 | State: STABLE
[AUM] I_Tors: 1.616708 | State: STABLE
[AUM] I_Tors: 1.616709 | State: STABLE
[AUM] I_Tors: 1.616710 | State: STABLE
[AUM] I_Tors: 1.616711 | State: STABLE
[AUM] I_Tors: 1.616712 | State: STABLE
[AUM] I_Tors: 1.616713 | State: STABLE
[AUM] I_Tors: 1.616714 | State: STABLE
[AUM] I_Tors: 1.616714 | State: STABLE
[AUM] I_Tors: 1.616715 | State: STABLE
[AUM] I_Tors: 1.616716 | State: STABLE
[AUM] I_Tors: 1.616717 | State: STABLE
[AUM] I_Tors: 1.616718 | State: STABLE
[AUM] I_Tors: 1.616719 | State: STABLE
[AUM] I_Tors: 1.616720 | State: STABLE
[AUM] I_Tors: 1.616721 | State: STABLE
[AUM] I_Tors: 1.616722 | State: STABLE
[AUM] I_Tors: 1.616723 | State: STABLE
[AUM] I_Tors: 1.616724 | State: STABLE
[AUM] I_Tors: 1.616725 | State: STABLE
[AUM] I_Tors: 1.616726 | State: STABLE
[AUM] I_Tors: 1.616726 | State: STABLE
[AUM] I_Tors: 1.616727 | State: STABLE
[AUM] I_Tors: 1.616728 | State: STABLE
[AUM] I_Tors: 1.616729 | State: STABLE
[AUM] I_Tors: 1.616730 | State: STABLE
[AUM] I_Tors: 1.616731 | State: STABLE
[AUM] I_Tors: 1.616732 | State: STABLE
[AUM] I_Tors: 1.616733 | State: STABLE
[AUM] I_Tors: 1.616734 | State: STABLE
[AUM] I_Tors: 1.616735 | State: STABLE
[AUM] I_Tors: 1.616736 | State: STABLE
[AUM] I_Tors: 1.616736 | State: STABLE
[AUM] I_Tors: 1.616737 | State: STABLE
[AUM] I_Tors: 1.616738 | State: STABLE
[AUM] I_Tors: 1.616739 | State: STABLE
[AUM] I_Tors: 1.616740 | State: STABLE
[AUM] I_Tors: 1.616741 | State: STABLE
[AUM] I_Tors: 1.616742 | State: STABLE
[AUM] I_Tors: 1.616743 | State: STABLE
[AUM] I_Tors: 1.616744 | State: STABLE
[AUM] I_Tors: 1.616745 | State: STABLE
[AUM] I_Tors: 1.616746 | State: STABLE
[AUM] I_Tors: 1.616746 | State: STABLE
[AUM] I_Tors: 1.616747 | State: STABLE
[AUM] I_Tors: 1.616748 | State: STABLE
[AUM] I_Tors: 1.616749 | State: STABLE
[AUM] I_Tors: 1.616750 | State: STABLE
[AUM] I_Tors: 1.616751 | State: STABLE
[AUM] I_Tors: 1.616752 | State: STABLE
[AUM] I_Tors: 1.616753 | State: STABLE
[AUM] I_Tors: 1.616754 | State: STABLE
[AUM] I_Tors: 1.616755 | State: STABLE
[AUM] I_Tors: 1.616755 | State: STABLE
[AUM] I_Tors: 1.616756 | State: STABLE
[AUM] I_Tors: 1.616757 | State: STABLE
[AUM] I_Tors: 1.616758 | State: STABLE
[AUM] I_Tors: 1.616759 | State: STABLE
[AUM] I_Tors: 1.616760 | State: STABLE
[AUM] I_Tors: 1.616761 | State: STABLE
[AUM] I_Tors: 1.616762 | State: STABLE
[AUM] I_Tors: 1.616763 | State: STABLE
[AUM] I_Tors: 1.616763 | State: STABLE
[AUM] I_Tors: 1.616764 | State: STABLE
[AUM] I_Tors: 1.616765 | State: STABLE
[AUM] I_Tors: 1.616766 | State: STABLE
[AUM] I_Tors: 1.616767 | State: STABLE
[AUM] I_Tors: 1.616768 | State: STABLE
[AUM] I_Tors: 1.616769 | State: STABLE
[AUM] I_Tors: 1.616770 | State: STABLE
[AUM] I_Tors: 1.616771 | State: STABLE
[AUM] I_Tors: 1.616771 | State: STABLE
[AUM] I_Tors: 1.616772 | State: STABLE
[AUM] I_Tors: 1.616773 | State: STABLE
[AUM] I_Tors: 1.616774 | State: STABLE
[AUM] I_Tors: 1.616775 | State: STABLE
[AUM] I_Tors: 1.616776 | State: STABLE
[AUM] I_Tors: 1.616777 | State: STABLE
[AUM] I_Tors: 1.616778 | State: STABLE
[AUM] I_Tors: 1.616778 | State: STABLE
[AUM] I_Tors: 1.616779 | State: STABLE
[AUM] I_Tors: 1.616780 | State: STABLE
[AUM] I_Tors: 1.616781 | State: STABLE
[AUM] I_Tors: 1.616782 | State: STABLE
[AUM] I_Tors: 1.616783 | State: STABLE
[AUM] I_Tors: 1.616784 | State: STABLE
[AUM] I_Tors: 1.616785 | State: STABLE
[AUM] I_Tors: 1.616785 | State: STABLE
[AUM] I_Tors: 1.616786 | State: STABLE
[AUM] I_Tors: 1.616787 | State: STABLE
[AUM] I_Tors: 1.616788 | State: STABLE
[AUM] I_Tors: 1.616789 | State: STABLE
[AUM] I_Tors: 1.616790 | State: STABLE
[AUM] I_Tors: 1.616791 | State: STABLE
[AUM] I_Tors: 1.616792 | State: STABLE
[AUM] I_Tors: 1.616792 | State: STABLE
[AUM] I_Tors: 1.616793 | State: STABLE
[AUM] I_Tors: 1.616794 | State: STABLE
[AUM] I_Tors: 1.616795 | State: STABLE
[AUM] I_Tors: 1.616796 | State: STABLE
[AUM] I_Tors: 1.616797 | State: STABLE
[AUM] I_Tors: 1.616798 | State: STABLE
[AUM] I_Tors: 1.616799 | State: STABLE
[AUM] I_Tors: 1.616799 | State: STABLE
[AUM] I_Tors: 1.616800 | State: STABLE
[AUM] I_Tors: 1.616801 | State: STABLE
[AUM] I_Tors: 1.616802 | State: STABLE
[AUM] I_Tors: 1.616803 | State: STABLE
[AUM] I_Tors: 1.616804 | State: STABLE
[AUM] I_Tors: 1.616805 | State: STABLE
[AUM] I_Tors: 1.616805 | State: STABLE
[AUM] I_Tors: 1.616806 | State: STABLE
[AUM] I_Tors: 1.616807 | State: STABLE
[AUM] I_Tors: 1.616808 | State: STABLE
[AUM] I_Tors: 1.616809 | State: STABLE
[AUM] I_Tors: 1.616810 | State: STABLE
[AUM] I_Tors: 1.616811 | State: STABLE
[AUM] I_Tors: 1.616811 | State: STABLE
[AUM] I_Tors: 1.616812 | State: STABLE
[AUM] I_Tors: 1.616813 | State: STABLE
[AUM] I_Tors: 1.616814 | State: STABLE
[AUM] I_Tors: 1.616815 | State: STABLE
[AUM] I_Tors: 1.616816 | State: STABLE
[AUM] I_Tors: 1.616817 | State: STABLE
[AUM] I_Tors: 1.616817 | State: STABLE
[AUM] I_Tors: 1.616818 | State: STABLE
[AUM] I_Tors: 1.616819 | State: STABLE
[AUM] I_Tors: 1.616820 | State: STABLE
[AUM] I_Tors: 1.616821 | State: STABLE
[AUM] I_Tors: 1.616822 | State: STABLE
[AUM] I_Tors: 1.616823 | State: STABLE
[AUM] I_Tors: 1.616823 | State: STABLE
[AUM] I_Tors: 1.616824 | State: STABLE
[AUM] I_Tors: 1.616825 | State: STABLE
[AUM] I_Tors: 1.616826 | State: STABLE
[AUM] I_Tors: 1.616827 | State: STABLE
[AUM] I_Tors: 1.616828 | State: STABLE
[AUM] I_Tors: 1.616828 | State: STABLE
[AUM] I_Tors: 1.616829 | State: STABLE
[AUM] I_Tors: 1.616830 | State: STABLE
[AUM] I_Tors: 1.616831 | State: STABLE
[AUM] I_Tors: 1.616832 | State: STABLE
[AUM] I_Tors: 1.616833 | State: STABLE
[AUM] I_Tors: 1.616834 | State: STABLE
[AUM] I_Tors: 1.616834 | State: STABLE
[AUM] I_Tors: 1.616835 | State: STABLE
[AUM] I_Tors: 1.616836 | State: STABLE
[AUM] I_Tors: 1.616837 | State: STABLE
[AUM] I_Tors: 1.616838 | State: STABLE
[AUM] I_Tors: 1.616839 | State: STABLE
[AUM] I_Tors: 1.616839 | State: STABLE
[AUM] I_Tors: 1.616840 | State: STABLE
[AUM] I_Tors: 1.616841 | State: STABLE
[AUM] I_Tors: 1.616842 | State: STABLE
[AUM] I_Tors: 1.616843 | State: STABLE
[AUM] I_Tors: 1.616844 | State: STABLE
[AUM] I_Tors: 1.616844 | State: STABLE
[AUM] I_Tors: 1.616845 | State: STABLE
[AUM] I_Tors: 1.616846 | State: STABLE
[AUM] I_Tors: 1.616847 | State: STABLE
[AUM] I_Tors: 1.616848 | State: STABLE
[AUM] I_Tors: 1.616849 | State: STABLE
[AUM] I_Tors: 1.616849 | State: STABLE
[AUM] I_Tors: 1.616850 | State: STABLE
[AUM] I_Tors: 1.616851 | State: STABLE
[AUM] I_Tors: 1.616852 | State: STABLE
[AUM] I_Tors: 1.616853 | State: STABLE
[AUM] I_Tors: 1.616854 | State: STABLE
[AUM] I_Tors: 1.616854 | State: STABLE
[AUM] I_Tors: 1.616855 | State: STABLE
[AUM] I_Tors: 1.616856 | State: STABLE
[AUM] I_Tors: 1.616857 | State: STABLE
[AUM] I_Tors: 1.616858 | State: STABLE
[AUM] I_Tors: 1.616858 | State: STABLE
[AUM] I_Tors: 1.616859 | State: STABLE
[AUM] I_Tors: 1.616860 | State: STABLE
[AUM] I_Tors: 1.616861 | State: STABLE
[AUM] I_Tors: 1.616862 | State: STABLE
[AUM] I_Tors: 1.616863 | State: STABLE
[AUM] I_Tors: 1.616863 | State: STABLE
[AUM] I_Tors: 1.616864 | State: STABLE
[AUM] I_Tors: 1.616865 | State: STABLE
[AUM] I_Tors: 1.616866 | State: STABLE
[AUM] I_Tors: 1.616867 | State: STABLE
[AUM] I_Tors: 1.616867 | State: STABLE
[AUM] I_Tors: 1.616868 | State: STABLE
[AUM] I_Tors: 1.616869 | State: STABLE
[AUM] I_Tors: 1.616870 | State: STABLE
[AUM] I_Tors: 1.616871 | State: STABLE
[AUM] I_Tors: 1.616872 | State: STABLE
[AUM] I_Tors: 1.616872 | State: STABLE
[AUM] I_Tors: 1.616873 | State: STABLE
[AUM] I_Tors: 1.616874 | State: STABLE
[AUM] I_Tors: 1.616875 | State: STABLE
[AUM] I_Tors: 1.616876 | State: STABLE
[AUM] I_Tors: 1.616876 | State: STABLE
[AUM] I_Tors: 1.616877 | State: STABLE
[AUM] I_Tors: 1.616878 | State: STABLE
[AUM] I_Tors: 1.616879 | State: STABLE
[AUM] I_Tors: 1.616880 | State: STABLE
[AUM] I_Tors: 1.616880 | State: STABLE
[AUM] I_Tors: 1.616881 | State: STABLE
[AUM] I_Tors: 1.616882 | State: STABLE
[AUM] I_Tors: 1.616883 | State: STABLE
[AUM] I_Tors: 1.616884 | State: STABLE
[AUM] I_Tors: 1.616885 | State: STABLE
[AUM] I_Tors: 1.616885 | State: STABLE
[AUM] I_Tors: 1.616886 | State: STABLE
[AUM] I_Tors: 1.616887 | State: STABLE
[AUM] I_Tors: 1.616888 | State: STABLE
[AUM] I_Tors: 1.616889 | State: STABLE
[AUM] I_Tors: 1.616889 | State: STABLE
[AUM] I_Tors: 1.616890 | State: STABLE
[AUM] I_Tors: 1.616891 | State: STABLE
[AUM] I_Tors: 1.616892 | State: STABLE
[AUM] I_Tors: 1.616893 | State: STABLE
[AUM] I_Tors: 1.616893 | State: STABLE
[AUM] I_Tors: 1.616894 | State: STABLE
[AUM] I_Tors: 1.616895 | State: STABLE
[AUM] I_Tors: 1.616896 | State: STABLE
[AUM] I_Tors: 1.616897 | State: STABLE
[AUM] I_Tors: 1.616897 | State: STABLE
[AUM] I_Tors: 1.616898 | State: STABLE
[AUM] I_Tors: 1.616899 | State: STABLE
[AUM] I_Tors: 1.616900 | State: STABLE
[AUM] I_Tors: 1.616900 | State: STABLE
[AUM] I_Tors: 1.616901 | State: STABLE
[AUM] I_Tors: 1.616902 | State: STABLE
[AUM] I_Tors: 1.616903 | State: STABLE
[AUM] I_Tors: 1.616904 | State: STABLE
[AUM] I_Tors: 1.616904 | State: STABLE
[AUM] I_Tors: 1.616905 | State: STABLE
[AUM] I_Tors: 1.616906 | State: STABLE
[AUM] I_Tors: 1.616907 | State: STABLE
[AUM] I_Tors: 1.616908 | State: STABLE
[AUM] I_Tors: 1.616908 | State: STABLE
[AUM] I_Tors: 1.616909 | State: STABLE
[AUM] I_Tors: 1.616910 | State: STABLE
[AUM] I_Tors: 1.616911 | State: STABLE
[AUM] I_Tors: 1.616912 | State: STABLE
[AUM] I_Tors: 1.616912 | State: STABLE
[AUM] I_Tors: 1.616913 | State: STABLE
[AUM] I_Tors: 1.616914 | State: STABLE
[AUM] I_Tors: 1.616915 | State: STABLE
[AUM] I_Tors: 1.616915 | State: STABLE
[AUM] I_Tors: 1.616916 | State: STABLE
[AUM] I_Tors: 1.616917 | State: STABLE
[AUM] I_Tors: 1.616918 | State: STABLE
[AUM] I_Tors: 1.616919 | State: STABLE
[AUM] I_Tors: 1.616919 | State: STABLE
[AUM] I_Tors: 1.616920 | State: STABLE
[AUM] I_Tors: 1.616921 | State: STABLE
[AUM] I_Tors: 1.616922 | State: STABLE
[AUM] I_Tors: 1.616923 | State: STABLE
[AUM] I_Tors: 1.616923 | State: STABLE
[AUM] I_Tors: 1.616924 | State: STABLE
[AUM] I_Tors: 1.616925 | State: STABLE
[AUM] I_Tors: 1.616926 | State: STABLE
[AUM] I_Tors: 1.616926 | State: STABLE
[AUM] I_Tors: 1.616927 | State: STABLE
[AUM] I_Tors: 1.616928 | State: STABLE
[AUM] I_Tors: 1.616929 | State: STABLE
[AUM] I_Tors: 1.616929 | State: STABLE
[AUM] I_Tors: 1.616930 | State: STABLE
[AUM] I_Tors: 1.616931 | State: STABLE
[AUM] I_Tors: 1.616932 | State: STABLE
[AUM] I_Tors: 1.616933 | State: STABLE
[AUM] I_Tors: 1.616933 | State: STABLE
[AUM] I_Tors: 1.616934 | State: STABLE
[AUM] I_Tors: 1.616935 | State: STABLE
[AUM] I_Tors: 1.616936 | State: STABLE
[AUM] I_Tors: 1.616936 | State: STABLE
[AUM] I_Tors: 1.616937 | State: STABLE
[AUM] I_Tors: 1.616938 | State: STABLE
[AUM] I_Tors: 1.616939 | State: STABLE
[AUM] I_Tors: 1.616939 | State: STABLE
[AUM] I_Tors: 1.616940 | State: STABLE
[AUM] I_Tors: 1.616941 | State: STABLE
[AUM] I_Tors: 1.616942 | State: STABLE
[AUM] I_Tors: 1.616943 | State: STABLE
[AUM] I_Tors: 1.616943 | State: STABLE
[AUM] I_Tors: 1.616944 | State: STABLE
[AUM] I_Tors: 1.616945 | State: STABLE
[AUM] I_Tors: 1.616946 | State: STABLE
[AUM] I_Tors: 1.616946 | State: STABLE
[AUM] I_Tors: 1.616947 | State: STABLE
[AUM] I_Tors: 1.616948 | State: STABLE
[AUM] I_Tors: 1.616949 | State: STABLE
[AUM] I_Tors: 1.616949 | State: STABLE
[AUM] I_Tors: 1.616950 | State: STABLE
[AUM] I_Tors: 1.616951 | State: STABLE
[AUM] I_Tors: 1.616952 | State: STABLE
[AUM] I_Tors: 1.616952 | State: STABLE
[AUM] I_Tors: 1.616953 | State: STABLE
[AUM] I_Tors: 1.616954 | State: STABLE
[AUM] I_Tors: 1.616955 | State: STABLE
[AUM] I_Tors: 1.616955 | State: STABLE
[AUM] I_Tors: 1.616956 | State: STABLE
[AUM] I_Tors: 1.616957 | State: STABLE
[AUM] I_Tors: 1.616958 | State: STABLE
[AUM] I_Tors: 1.616958 | State: STABLE
[AUM] I_Tors: 1.616959 | State: STABLE
[AUM] I_Tors: 1.616960 | State: STABLE
[AUM] I_Tors: 1.616961 | State: STABLE
[AUM] I_Tors: 1.616961 | State: STABLE
[AUM] I_Tors: 1.616962 | State: STABLE
[AUM] I_Tors: 1.616963 | State: STABLE
[AUM] I_Tors: 1.616964 | State: STABLE
[AUM] I_Tors: 1.616964 | State: STABLE
[AUM] I_Tors: 1.616965 | State: STABLE
[AUM] I_Tors: 1.616966 | State: STABLE
[AUM] I_Tors: 1.616967 | State: STABLE
[AUM] I_Tors: 1.616967 | State: STABLE
[AUM] I_Tors: 1.616968 | State: STABLE
[AUM] I_Tors: 1.616969 | State: STABLE
[AUM] I_Tors: 1.616970 | State: STABLE
[AUM] I_Tors: 1.616970 | State: STABLE
[AUM] I_Tors: 1.616971 | State: STABLE
[AUM] I_Tors: 1.616972 | State: STABLE
[AUM] I_Tors: 1.616973 | State: STABLE
[AUM] I_Tors: 1.616973 | State: STABLE
[AUM] I_Tors: 1.616974 | State: STABLE
[AUM] I_Tors: 1.616975 | State: STABLE
[AUM] I_Tors: 1.616976 | State: STABLE
[AUM] I_Tors: 1.616976 | State: STABLE
[AUM] I_Tors: 1.616977 | State: STABLE
[AUM] I_Tors: 1.616978 | State: STABLE
[AUM] I_Tors: 1.616979 | State: STABLE
[AUM] I_Tors: 1.616979 | State: STABLE
[AUM] I_Tors: 1.616980 | State: STABLE
[AUM] I_Tors: 1.616981 | State: STABLE
[AUM] I_Tors: 1.616982 | State: STABLE
[AUM] I_Tors: 1.616982 | State: STABLE
[AUM] I_Tors: 1.616983 | State: STABLE
[AUM] I_Tors: 1.616984 | State: STABLE
[AUM] I_Tors: 1.616985 | State: STABLE
[AUM] I_Tors: 1.616985 | State: STABLE
[AUM] I_Tors: 1.616986 | State: STABLE
[AUM] I_Tors: 1.616987 | State: STABLE
[AUM] I_Tors: 1.616987 | State: STABLE
[AUM] I_Tors: 1.616988 | State: STABLE
[AUM] I_Tors: 1.616989 | State: STABLE
[AUM] I_Tors: 1.616990 | State: STABLE
[AUM] I_Tors: 1.616990 | State: STABLE
[AUM] I_Tors: 1.616991 | State: STABLE
[AUM] I_Tors: 1.616992 | State: STABLE
[AUM] I_Tors: 1.616993 | State: STABLE
[AUM] I_Tors: 1.616993 | State: STABLE
[AUM] I_Tors: 1.616994 | State: STABLE
[AUM] I_Tors: 1.616995 | State: STABLE
[AUM] I_Tors: 1.616995 | State: STABLE
[AUM] I_Tors: 1.616996 | State: STABLE
[AUM] I_Tors: 1.616997 | State: STABLE
[AUM] I_Tors: 1.616998 | State: STABLE
[AUM] I_Tors: 1.616998 | State: STABLE
[AUM] I_Tors: 1.616999 | State: STABLE
[AUM] I_Tors: 1.617000 | State: STABLE
[AUM] I_Tors: 1.617001 | State: STABLE
[AUM] I_Tors: 1.617001 | State: STABLE
[AUM] I_Tors: 1.617002 | State: STABLE
[AUM] I_Tors: 1.617003 | State: STABLE
[AUM] I_Tors: 1.617003 | State: STABLE
[AUM] I_Tors: 1.617004 | State: STABLE
[AUM] I_Tors: 1.617005 | State: STABLE
[AUM] I_Tors: 1.617006 | State: STABLE
[AUM] I_Tors: 1.617006 | State: STABLE
[AUM] I_Tors: 1.617007 | State: STABLE
[AUM] I_Tors: 1.617008 | State: STABLE
[AUM] I_Tors: 1.617009 | State: STABLE
[AUM] I_Tors: 1.617009 | State: STABLE
[AUM] I_Tors: 1.617010 | State: STABLE
[AUM] I_Tors: 1.617011 | State: STABLE
[AUM] I_Tors: 1.617011 | State: STABLE
[AUM] I_Tors: 1.617012 | State: STABLE
[AUM] I_Tors: 1.617013 | State: STABLE
[AUM] I_Tors: 1.617014 | State: STABLE
[AUM] I_Tors: 1.617014 | State: STABLE
[AUM] I_Tors: 1.617015 | State: STABLE
[AUM] I_Tors: 1.617016 | State: STABLE
[AUM] I_Tors: 1.617016 | State: STABLE
[AUM] I_Tors: 1.617017 | State: STABLE
[AUM] I_Tors: 1.617018 | State: STABLE
[AUM] I_Tors: 1.617019 | State: STABLE
[AUM] I_Tors: 1.617019 | State: STABLE
[AUM] I_Tors: 1.617020 | State: STABLE
[AUM] I_Tors: 1.617021 | State: STABLE
[AUM] I_Tors: 1.617021 | State: STABLE
[AUM] I_Tors: 1.617022 | State: STABLE
[AUM] I_Tors: 1.617023 | State: STABLE
[AUM] I_Tors: 1.617023 | State: STABLE
[AUM] I_Tors: 1.617024 | State: STABLE
[AUM] I_Tors: 1.617025 | State: STABLE
[AUM] I_Tors: 1.617026 | State: STABLE
[AUM] I_Tors: 1.617026 | State: STABLE
[AUM] I_Tors: 1.617027 | State: STABLE
[AUM] I_Tors: 1.617028 | State: STABLE
[AUM] I_Tors: 1.617028 | State: STABLE
[AUM] I_Tors: 1.617029 | State: STABLE
[AUM] I_Tors: 1.617030 | State: STABLE
[AUM] I_Tors: 1.617031 | State: STABLE
[AUM] I_Tors: 1.617031 | State: STABLE
[AUM] I_Tors: 1.617032 | State: STABLE
[AUM] I_Tors: 1.617033 | State: STABLE
[AUM] I_Tors: 1.617033 | State: STABLE
[AUM] I_Tors: 1.617034 | State: STABLE
[AUM] I_Tors: 1.617035 | State: STABLE
[AUM] I_Tors: 1.617035 | State: STABLE
[AUM] I_Tors: 1.617036 | State: STABLE
[AUM] I_Tors: 1.617037 | State: STABLE
[AUM] I_Tors: 1.617038 | State: STABLE
[AUM] I_Tors: 1.617038 | State: STABLE
[AUM] I_Tors: 1.617039 | State: STABLE
[AUM] I_Tors: 1.617040 | State: STABLE
[AUM] I_Tors: 1.617040 | State: STABLE
[AUM] I_Tors: 1.617041 | State: STABLE
[AUM] I_Tors: 1.617042 | State: STABLE
[AUM] I_Tors: 1.617042 | State: STABLE
[AUM] I_Tors: 1.617043 | State: STABLE
[AUM] I_Tors: 1.617044 | State: STABLE
[AUM] I_Tors: 1.617044 | State: STABLE
[AUM] I_Tors: 1.617045 | State: STABLE
[AUM] I_Tors: 1.617046 | State: STABLE
[AUM] I_Tors: 1.617047 | State: STABLE
[AUM] I_Tors: 1.617047 | State: STABLE
[AUM] I_Tors: 1.617048 | State: STABLE
[AUM] I_Tors: 1.617049 | State: STABLE
[AUM] I_Tors: 1.617049 | State: STABLE
[AUM] I_Tors: 1.617050 | State: STABLE
[AUM] I_Tors: 1.617051 | State: STABLE
[AUM] I_Tors: 1.617051 | State: STABLE
[AUM] I_Tors: 1.617052 | State: STABLE
[AUM] I_Tors: 1.617053 | State: STABLE
[AUM] I_Tors: 1.617053 | State: STABLE
[AUM] I_Tors: 1.617054 | State: STABLE
[AUM] I_Tors: 1.617055 | State: STABLE
[AUM] I_Tors: 1.617056 | State: STABLE
[AUM] I_Tors: 1.617056 | State: STABLE
[AUM] I_Tors: 1.617057 | State: STABLE
[AUM] I_Tors: 1.617058 | State: STABLE
[AUM] I_Tors: 1.617058 | State: STABLE
[AUM] I_Tors: 1.617059 | State: STABLE
[AUM] I_Tors: 1.617060 | State: STABLE
[AUM] I_Tors: 1.617060 | State: STABLE
[AUM] I_Tors: 1.617061 | State: STABLE
[AUM] I_Tors: 1.617062 | State: STABLE
[AUM] I_Tors: 1.617062 | State: STABLE
[AUM] I_Tors: 1.617063 | State: STABLE
[AUM] I_Tors: 1.617064 | State: STABLE
[AUM] I_Tors: 1.617064 | State: STABLE
[AUM] I_Tors: 1.617065 | State: STABLE
[AUM] I_Tors: 1.617066 | State: STABLE
[AUM] I_Tors: 1.617066 | State: STABLE
[AUM] I_Tors: 1.617067 | State: STABLE
[AUM] I_Tors: 1.617068 | State: STABLE
[AUM] I_Tors: 1.617068 | State: STABLE
[AUM] I_Tors: 1.617069 | State: STABLE
[AUM] I_Tors: 1.617070 | State: STABLE
[AUM] I_Tors: 1.617070 | State: STABLE
[AUM] I_Tors: 1.617071 | State: STABLE
[AUM] I_Tors: 1.617072 | State: STABLE
[AUM] I_Tors: 1.617072 | State: STABLE
[AUM] I_Tors: 1.617073 | State: STABLE
[AUM] I_Tors: 1.617074 | State: STABLE
[AUM] I_Tors: 1.617075 | State: STABLE
[AUM] I_Tors: 1.617075 | State: STABLE
[AUM] I_Tors: 1.617076 | State: STABLE
[AUM] I_Tors: 1.617077 | State: STABLE
[AUM] I_Tors: 1.617077 | State: STABLE
[AUM] I_Tors: 1.617078 | State: STABLE
[AUM] I_Tors: 1.617079 | State: STABLE
[AUM] I_Tors: 1.617079 | State: STABLE
[AUM] I_Tors: 1.617080 | State: STABLE
[AUM] I_Tors: 1.617081 | State: STABLE
[AUM] I_Tors: 1.617081 | State: STABLE
[AUM] I_Tors: 1.617082 | State: STABLE
[AUM] I_Tors: 1.617083 | State: STABLE
[AUM] I_Tors: 1.617083 | State: STABLE
[AUM] I_Tors: 1.617084 | State: STABLE
[AUM] I_Tors: 1.617085 | State: STABLE
[AUM] I_Tors: 1.617085 | State: STABLE
[AUM] I_Tors: 1.617086 | State: STABLE
[AUM] I_Tors: 1.617087 | State: STABLE
[AUM] I_Tors: 1.617087 | State: STABLE
[AUM] I_Tors: 1.617088 | State: STABLE
[AUM] I_Tors: 1.617089 | State: STABLE
[AUM] I_Tors: 1.617089 | State: STABLE
[AUM] I_Tors: 1.617090 | State: STABLE
[AUM] I_Tors: 1.617090 | State: STABLE
[AUM] I_Tors: 1.617091 | State: STABLE
[AUM] I_Tors: 1.617092 | State: STABLE
[AUM] I_Tors: 1.617092 | State: STABLE
[AUM] I_Tors: 1.617093 | State: STABLE
[AUM] I_Tors: 1.617094 | State: STABLE
[AUM] I_Tors: 1.617094 | State: STABLE
[AUM] I_Tors: 1.617095 | State: STABLE
[AUM] I_Tors: 1.617096 | State: STABLE
[AUM] I_Tors: 1.617096 | State: STABLE
[AUM] I_Tors: 1.617097 | State: STABLE
[AUM] I_Tors: 1.617098 | State: STABLE
[AUM] I_Tors: 1.617098 | State: STABLE
[AUM] I_Tors: 1.617099 | State: STABLE
[AUM] I_Tors: 1.617100 | State: STABLE
[AUM] I_Tors: 1.617100 | State: STABLE
[AUM] I_Tors: 1.617101 | State: STABLE
[AUM] I_Tors: 1.617102 | State: STABLE
[AUM] I_Tors: 1.617102 | State: STABLE
[AUM] I_Tors: 1.617103 | State: STABLE
[AUM] I_Tors: 1.617104 | State: STABLE
[AUM] I_Tors: 1.617104 | State: STABLE
[AUM] I_Tors: 1.617105 | State: STABLE
[AUM] I_Tors: 1.617106 | State: STABLE
[AUM] I_Tors: 1.617106 | State: STABLE
[AUM] I_Tors: 1.617107 | State: STABLE
[AUM] I_Tors: 1.617108 | State: STABLE
[AUM] I_Tors: 1.617108 | State: STABLE
[AUM] I_Tors: 1.617109 | State: STABLE
[AUM] I_Tors: 1.617109 | State: STABLE
[AUM] I_Tors: 1.617110 | State: STABLE
[AUM] I_Tors: 1.617111 | State: STABLE
[AUM] I_Tors: 1.617111 | State: STABLE
[AUM] I_Tors: 1.617112 | State: STABLE
[AUM] I_Tors: 1.617113 | State: STABLE
[AUM] I_Tors: 1.617113 | State: STABLE
[AUM] I_Tors: 1.617114 | State: STABLE
[AUM] I_Tors: 1.617115 | State: STABLE
[AUM] I_Tors: 1.617115 | State: STABLE
[AUM] I_Tors: 1.617116 | State: STABLE
[AUM] I_Tors: 1.617117 | State: STABLE
[AUM] I_Tors: 1.617117 | State: STABLE
[AUM] I_Tors: 1.617118 | State: STABLE
[AUM] I_Tors: 1.617118 | State: STABLE
[AUM] I_Tors: 1.617119 | State: STABLE
[AUM] I_Tors: 1.617120 | State: STABLE
[AUM] I_Tors: 1.617120 | State: STABLE
[AUM] I_Tors: 1.617121 | State: STABLE
[AUM] I_Tors: 1.617122 | State: STABLE
[AUM] I_Tors: 1.617122 | State: STABLE
[AUM] I_Tors: 1.617123 | State: STABLE
[AUM] I_Tors: 1.617124 | State: STABLE
[AUM] I_Tors: 1.617124 | State: STABLE
[AUM] I_Tors: 1.617125 | State: STABLE
[AUM] I_Tors: 1.617126 | State: STABLE
[AUM] I_Tors: 1.617126 | State: STABLE
[AUM] I_Tors: 1.617127 | State: STABLE
[AUM] I_Tors: 1.617127 | State: STABLE
[AUM] I_Tors: 1.617128 | State: STABLE
[AUM] I_Tors: 1.617129 | State: STABLE
[AUM] I_Tors: 1.617129 | State: STABLE
[AUM] I_Tors: 1.617130 | State: STABLE
[AUM] I_Tors: 1.617131 | State: STABLE
[AUM] I_Tors: 1.617131 | State: STABLE
[AUM] I_Tors: 1.617132 | State: STABLE
[AUM] I_Tors: 1.617132 | State: STABLE
[AUM] I_Tors: 1.617133 | State: STABLE
[AUM] I_Tors: 1.617134 | State: STABLE
[AUM] I_Tors: 1.617134 | State: STABLE
[AUM] I_Tors: 1.617135 | State: STABLE
[AUM] I_Tors: 1.617136 | State: STABLE
[AUM] I_Tors: 1.617136 | State: STABLE
[AUM] I_Tors: 1.617137 | State: STABLE
[AUM] I_Tors: 1.617138 | State: STABLE
[AUM] I_Tors: 1.617138 | State: STABLE
[AUM] I_Tors: 1.617139 | State: STABLE
[AUM] I_Tors: 1.617139 | State: STABLE
[AUM] I_Tors: 1.617140 | State: STABLE
[AUM] I_Tors: 1.617141 | State: STABLE
[AUM] I_Tors: 1.617141 | State: STABLE
[AUM] I_Tors: 1.617142 | State: STABLE
[AUM] I_Tors: 1.617143 | State: STABLE
[AUM] I_Tors: 1.617143 | State: STABLE
[AUM] I_Tors: 1.617144 | State: STABLE
[AUM] I_Tors: 1.617144 | State: STABLE
[AUM] I_Tors: 1.617145 | State: STABLE
[AUM] I_Tors: 1.617146 | State: STABLE
[AUM] I_Tors: 1.617146 | State: STABLE
[AUM] I_Tors: 1.617147 | State: STABLE
[AUM] I_Tors: 1.617147 | State: STABLE
[AUM] I_Tors: 1.617148 | State: STABLE
[AUM] I_Tors: 1.617149 | State: STABLE
[AUM] I_Tors: 1.617149 | State: STABLE
[AUM] I_Tors: 1.617150 | State: STABLE
[AUM] I_Tors: 1.617151 | State: STABLE
[AUM] I_Tors: 1.617151 | State: STABLE
[AUM] I_Tors: 1.617152 | State: STABLE
[AUM] I_Tors: 1.617152 | State: STABLE
[AUM] I_Tors: 1.617153 | State: STABLE
[AUM] I_Tors: 1.617154 | State: STABLE
[AUM] I_Tors: 1.617154 | State: STABLE
[AUM] I_Tors: 1.617155 | State: STABLE
[AUM] I_Tors: 1.617156 | State: STABLE
[AUM] I_Tors: 1.617156 | State: STABLE
[AUM] I_Tors: 1.617157 | State: STABLE
[AUM] I_Tors: 1.617157 | State: STABLE
[AUM] I_Tors: 1.617158 | State: STABLE
[AUM] I_Tors: 1.617159 | State: STABLE
[AUM] I_Tors: 1.617159 | State: STABLE
[AUM] I_Tors: 1.617160 | State: STABLE
[AUM] I_Tors: 1.617160 | State: STABLE
[AUM] I_Tors: 1.617161 | State: STABLE
[AUM] I_Tors: 1.617162 | State: STABLE
[AUM] I_Tors: 1.617162 | State: STABLE
[AUM] I_Tors: 1.617163 | State: STABLE
[AUM] I_Tors: 1.617163 | State: STABLE
[AUM] I_Tors: 1.617164 | State: STABLE
[AUM] I_Tors: 1.617165 | State: STABLE
[AUM] I_Tors: 1.617165 | State: STABLE
[AUM] I_Tors: 1.617166 | State: STABLE
[AUM] I_Tors: 1.617167 | State: STABLE
[AUM] I_Tors: 1.617167 | State: STABLE
[AUM] I_Tors: 1.617168 | State: STABLE
[AUM] I_Tors: 1.617168 | State: STABLE
[AUM] I_Tors: 1.617169 | State: STABLE
[AUM] I_Tors: 1.617170 | State: STABLE
[AUM] I_Tors: 1.617170 | State: STABLE
[AUM] I_Tors: 1.617171 | State: STABLE
[AUM] I_Tors: 1.617171 | State: STABLE
[AUM] I_Tors: 1.617172 | State: STABLE
[AUM] I_Tors: 1.617173 | State: STABLE
[AUM] I_Tors: 1.617173 | State: STABLE
[AUM] I_Tors: 1.617174 | State: STABLE
[AUM] I_Tors: 1.617174 | State: STABLE
[AUM] I_Tors: 1.617175 | State: STABLE
[AUM] I_Tors: 1.617176 | State: STABLE
[AUM] I_Tors: 1.617176 | State: STABLE
[AUM] I_Tors: 1.617177 | State: STABLE
[AUM] I_Tors: 1.617177 | State: STABLE
[AUM] I_Tors: 1.617178 | State: STABLE
[AUM] I_Tors: 1.617179 | State: STABLE
[AUM] I_Tors: 1.617179 | State: STABLE
[AUM] I_Tors: 1.617180 | State: STABLE
[AUM] I_Tors: 1.617180 | State: STABLE
[AUM] I_Tors: 1.617181 | State: STABLE
[AUM] I_Tors: 1.617182 | State: STABLE
[AUM] I_Tors: 1.617182 | State: STABLE
[AUM] I_Tors: 1.617183 | State: STABLE
[AUM] I_Tors: 1.617183 | State: STABLE
[AUM] I_Tors: 1.617184 | State: STABLE
[AUM] I_Tors: 1.617185 | State: STABLE
[AUM] I_Tors: 1.617185 | State: STABLE
[AUM] I_Tors: 1.617186 | State: STABLE
[AUM] I_Tors: 1.617186 | State: STABLE
[AUM] I_Tors: 1.617187 | State: STABLE
[AUM] I_Tors: 1.617188 | State: STABLE
[AUM] I_Tors: 1.617188 | State: STABLE
[AUM] I_Tors: 1.617189 | State: STABLE
[AUM] I_Tors: 1.617189 | State: STABLE
[AUM] I_Tors: 1.617190 | State: STABLE
[AUM] I_Tors: 1.617190 | State: STABLE
[AUM] I_Tors: 1.617191 | State: STABLE
[AUM] I_Tors: 1.617192 | State: STABLE
[AUM] I_Tors: 1.617192 | State: STABLE
[AUM] I_Tors: 1.617193 | State: STABLE
[AUM] I_Tors: 1.617193 | State: STABLE
[AUM] I_Tors: 1.617194 | State: STABLE
[AUM] I_Tors: 1.617195 | State: STABLE
[AUM] I_Tors: 1.617195 | State: STABLE
[AUM] I_Tors: 1.617196 | State: STABLE
[AUM] I_Tors: 1.617196 | State: STABLE
[AUM] I_Tors: 1.617197 | State: STABLE
[AUM] I_Tors: 1.617198 | State: STABLE
[AUM] I_Tors: 1.617198 | State: STABLE
[AUM] I_Tors: 1.617199 | State: STABLE
[AUM] I_Tors: 1.617199 | State: STABLE
[AUM] I_Tors: 1.617200 | State: STABLE
[AUM] I_Tors: 1.617200 | State: STABLE
[AUM] I_Tors: 1.617201 | State: STABLE
[AUM] I_Tors: 1.617202 | State: STABLE
[AUM] I_Tors: 1.617202 | State: STABLE
[AUM] I_Tors: 1.617203 | State: STABLE
[AUM] I_Tors: 1.617203 | State: STABLE
[AUM] I_Tors: 1.617204 | State: STABLE
[AUM] I_Tors: 1.617205 | State: STABLE
[AUM] I_Tors: 1.617205 | State: STABLE
[AUM] I_Tors: 1.617206 | State: STABLE
[AUM] I_Tors: 1.617206 | State: STABLE
[AUM] I_Tors: 1.617207 | State: STABLE
[AUM] I_Tors: 1.617207 | State: STABLE
[AUM] I_Tors: 1.617208 | State: STABLE
[AUM] I_Tors: 1.617209 | State: STABLE
[AUM] I_Tors: 1.617209 | State: STABLE
[AUM] I_Tors: 1.617210 | State: STABLE
[AUM] I_Tors: 1.617210 | State: STABLE
[AUM] I_Tors: 1.617211 | State: STABLE
[AUM] I_Tors: 1.617211 | State: STABLE
[AUM] I_Tors: 1.617212 | State: STABLE
[AUM] I_Tors: 1.617213 | State: STABLE
[AUM] I_Tors: 1.617213 | State: STABLE
[AUM] I_Tors: 1.617214 | State: STABLE
[AUM] I_Tors: 1.617214 | State: STABLE
[AUM] I_Tors: 1.617215 | State: STABLE
[AUM] I_Tors: 1.617216 | State: STABLE
[AUM] I_Tors: 1.617216 | State: STABLE
[AUM] I_Tors: 1.617217 | State: STABLE
[AUM] I_Tors: 1.617217 | State: STABLE
[AUM] I_Tors: 1.617218 | State: STABLE
[AUM] I_Tors: 1.617218 | State: STABLE
[AUM] I_Tors: 1.617219 | State: STABLE
[AUM] I_Tors: 1.617220 | State: STABLE
[AUM] I_Tors: 1.617220 | State: STABLE
[AUM] I_Tors: 1.617221 | State: STABLE
[AUM] I_Tors: 1.617221 | State: STABLE
[AUM] I_Tors: 1.617222 | State: STABLE
[AUM] I_Tors: 1.617222 | State: STABLE
[AUM] I_Tors: 1.617223 | State: STABLE
[AUM] I_Tors: 1.617223 | State: STABLE
[AUM] I_Tors: 1.617224 | State: STABLE
[AUM] I_Tors: 1.617225 | State: STABLE
[AUM] I_Tors: 1.617225 | State: STABLE
[AUM] I_Tors: 1.617226 | State: STABLE
[AUM] I_Tors: 1.617226 | State: STABLE
[AUM] I_Tors: 1.617227 | State: STABLE
[AUM] I_Tors: 1.617227 | State: STABLE
[AUM] I_Tors: 1.617228 | State: STABLE
[AUM] I_Tors: 1.617229 | State: STABLE
[AUM] I_Tors: 1.617229 | State: STABLE
[AUM] I_Tors: 1.617230 | State: STABLE
[AUM] I_Tors: 1.617230 | State: STABLE
[AUM] I_Tors: 1.617231 | State: STABLE
[AUM] I_Tors: 1.617231 | State: STABLE
[AUM] I_Tors: 1.617232 | State: STABLE
[AUM] I_Tors: 1.617233 | State: STABLE
[AUM] I_Tors: 1.617233 | State: STABLE
[AUM] I_Tors: 1.617234 | State: STABLE
[AUM] I_Tors: 1.617234 | State: STABLE
[AUM] I_Tors: 1.617235 | State: STABLE
[AUM] I_Tors: 1.617235 | State: STABLE
[AUM] I_Tors: 1.617236 | State: STABLE
[AUM] I_Tors: 1.617236 | State: STABLE
[AUM] I_Tors: 1.617237 | State: STABLE
[AUM] I_Tors: 1.617238 | State: STABLE
[AUM] I_Tors: 1.617238 | State: STABLE
[AUM] I_Tors: 1.617239 | State: STABLE
[AUM] I_Tors: 1.617239 | State: STABLE
[AUM] I_Tors: 1.617240 | State: STABLE
[AUM] I_Tors: 1.617240 | State: STABLE
[AUM] I_Tors: 1.617241 | State: STABLE
[AUM] I_Tors: 1.617241 | State: STABLE
[AUM] I_Tors: 1.617242 | State: STABLE
[AUM] I_Tors: 1.617243 | State: STABLE
[AUM] I_Tors: 1.617243 | State: STABLE
[AUM] I_Tors: 1.617244 | State: STABLE
[AUM] I_Tors: 1.617244 | State: STABLE
[AUM] I_Tors: 1.617245 | State: STABLE
[AUM] I_Tors: 1.617245 | State: STABLE
[AUM] I_Tors: 1.617246 | State: STABLE
[AUM] I_Tors: 1.617246 | State: STABLE
[AUM] I_Tors: 1.617247 | State: STABLE
[AUM] I_Tors: 1.617248 | State: STABLE
[AUM] I_Tors: 1.617248 | State: STABLE
[AUM] I_Tors: 1.617249 | State: STABLE
[AUM] I_Tors: 1.617249 | State: STABLE
[AUM] I_Tors: 1.617250 | State: STABLE
[AUM] I_Tors: 1.617250 | State: STABLE
[AUM] I_Tors: 1.617251 | State: STABLE
[AUM] I_Tors: 1.617251 | State: STABLE
[AUM] I_Tors: 1.617252 | State: STABLE
[AUM] I_Tors: 1.617252 | State: STABLE
[AUM] I_Tors: 1.617253 | State: STABLE
[AUM] I_Tors: 1.617254 | State: STABLE
[AUM] I_Tors: 1.617254 | State: STABLE
[AUM] I_Tors: 1.617255 | State: STABLE
[AUM] I_Tors: 1.617255 | State: STABLE
[AUM] I_Tors: 1.617256 | State: STABLE
[AUM] I_Tors: 1.617256 | State: STABLE
[AUM] I_Tors: 1.617257 | State: STABLE
[AUM] I_Tors: 1.617257 | State: STABLE
[AUM] I_Tors: 1.617258 | State: STABLE
[AUM] I_Tors: 1.617258 | State: STABLE
[AUM] I_Tors: 1.617259 | State: STABLE
[AUM] I_Tors: 1.617260 | State: STABLE
[AUM] I_Tors: 1.617260 | State: STABLE
[AUM] I_Tors: 1.617261 | State: STABLE
[AUM] I_Tors: 1.617261 | State: STABLE
[AUM] I_Tors: 1.617262 | State: STABLE
[AUM] I_Tors: 1.617262 | State: STABLE
[AUM] I_Tors: 1.617263 | State: STABLE
[AUM] I_Tors: 1.617263 | State: STABLE
[AUM] I_Tors: 1.617264 | State: STABLE
[AUM] I_Tors: 1.617264 | State: STABLE
[AUM] I_Tors: 1.617265 | State: STABLE
[AUM] I_Tors: 1.617266 | State: STABLE
[AUM] I_Tors: 1.617266 | State: STABLE
[AUM] I_Tors: 1.617267 | State: STABLE
[AUM] I_Tors: 1.617267 | State: STABLE
[AUM] I_Tors: 1.617268 | State: STABLE
[AUM] I_Tors: 1.617268 | State: STABLE
[AUM] I_Tors: 1.617269 | State: STABLE
[AUM] I_Tors: 1.617269 | State: STABLE
[AUM] I_Tors: 1.617270 | State: STABLE
[AUM] I_Tors: 1.617270 | State: STABLE
[AUM] I_Tors: 1.617271 | State: STABLE
[AUM] I_Tors: 1.617271 | State: STABLE
[AUM] I_Tors: 1.617272 | State: STABLE
[AUM] I_Tors: 1.617272 | State: STABLE
[AUM] I_Tors: 1.617273 | State: STABLE
[AUM] I_Tors: 1.617274 | State: STABLE
[AUM] I_Tors: 1.617274 | State: STABLE
[AUM] I_Tors: 1.617275 | State: STABLE
[AUM] I_Tors: 1.617275 | State: STABLE
[AUM] I_Tors: 1.617276 | State: STABLE
[AUM] I_Tors: 1.617276 | State: STABLE
[AUM] I_Tors: 1.617277 | State: STABLE
[AUM] I_Tors: 1.617277 | State: STABLE
[AUM] I_Tors: 1.617278 | State: STABLE
[AUM] I_Tors: 1.617278 | State: STABLE
[AUM] I_Tors: 1.617279 | State: STABLE
[AUM] I_Tors: 1.617279 | State: STABLE
[AUM] I_Tors: 1.617280 | State: STABLE
[AUM] I_Tors: 1.617280 | State: STABLE
[AUM] I_Tors: 1.617281 | State: STABLE
[AUM] I_Tors: 1.617281 | State: STABLE
[AUM] I_Tors: 1.617282 | State: STABLE
[AUM] I_Tors: 1.617283 | State: STABLE
[AUM] I_Tors: 1.617283 | State: STABLE
[AUM] I_Tors: 1.617284 | State: STABLE
[AUM] I_Tors: 1.617284 | State: STABLE
[AUM] I_Tors: 1.617285 | State: STABLE
[AUM] I_Tors: 1.617285 | State: STABLE
[AUM] I_Tors: 1.617286 | State: STABLE
[AUM] I_Tors: 1.617286 | State: STABLE
[AUM] I_Tors: 1.617287 | State: STABLE
[AUM] I_Tors: 1.617287 | State: STABLE
[AUM] I_Tors: 1.617288 | State: STABLE
[AUM] I_Tors: 1.617288 | State: STABLE
[AUM] I_Tors: 1.617289 | State: STABLE
[AUM] I_Tors: 1.617289 | State: STABLE
[AUM] I_Tors: 1.617290 | State: STABLE
[AUM] I_Tors: 1.617290 | State: STABLE
[AUM] I_Tors: 1.617291 | State: STABLE
[AUM] I_Tors: 1.617291 | State: STABLE
[AUM] I_Tors: 1.617292 | State: STABLE
[AUM] I_Tors: 1.617292 | State: STABLE
[AUM] I_Tors: 1.617293 | State: STABLE
[AUM] I_Tors: 1.617294 | State: STABLE
[AUM] I_Tors: 1.617294 | State: STABLE
[AUM] I_Tors: 1.617295 | State: STABLE
[AUM] I_Tors: 1.617295 | State: STABLE
[AUM] I_Tors: 1.617296 | State: STABLE
[AUM] I_Tors: 1.617296 | State: STABLE
[AUM] I_Tors: 1.617297 | State: STABLE
[AUM] I_Tors: 1.617297 | State: STABLE
[AUM] I_Tors: 1.617298 | State: STABLE
[AUM] I_Tors: 1.617298 | State: STABLE
[AUM] I_Tors: 1.617299 | State: STABLE
[AUM] I_Tors: 1.617299 | State: STABLE
[AUM] I_Tors: 1.617300 | State: STABLE
[AUM] I_Tors: 1.617300 | State: STABLE
[AUM] I_Tors: 1.617301 | State: STABLE
[AUM] I_Tors: 1.617301 | State: STABLE
[AUM] I_Tors: 1.617302 | State: STABLE
[AUM] I_Tors: 1.617302 | State: STABLE
[AUM] I_Tors: 1.617303 | State: STABLE
[AUM] I_Tors: 1.617303 | State: STABLE
[AUM] I_Tors: 1.617304 | State: STABLE
[AUM] I_Tors: 1.617304 | State: STABLE
[AUM] I_Tors: 1.617305 | State: STABLE
[AUM] I_Tors: 1.617305 | State: STABLE
[AUM] I_Tors: 1.617306 | State: STABLE
[AUM] I_Tors: 1.617306 | State: STABLE
[AUM] I_Tors: 1.617307 | State: STABLE
[AUM] I_Tors: 1.617307 | State: STABLE
[AUM] I_Tors: 1.617308 | State: STABLE
[AUM] I_Tors: 1.617308 | State: STABLE
[AUM] I_Tors: 1.617309 | State: STABLE
[AUM] I_Tors: 1.617309 | State: STABLE
[AUM] I_Tors: 1.617310 | State: STABLE
[AUM] I_Tors: 1.617310 | State: STABLE
[AUM] I_Tors: 1.617311 | State: STABLE
[AUM] I_Tors: 1.617311 | State: STABLE
[AUM] I_Tors: 1.617312 | State: STABLE
[AUM] I_Tors: 1.617312 | State: STABLE
[AUM] I_Tors: 1.617313 | State: STABLE
[AUM] I_Tors: 1.617313 | State: STABLE
[AUM] I_Tors: 1.617314 | State: STABLE
[AUM] I_Tors: 1.617314 | State: STABLE
[AUM] I_Tors: 1.617315 | State: STABLE
[AUM] I_Tors: 1.617315 | State: STABLE
[AUM] I_Tors: 1.617316 | State: STABLE
[AUM] I_Tors: 1.617316 | State: STABLE
[AUM] I_Tors: 1.617317 | State: STABLE
[AUM] I_Tors: 1.617317 | State: STABLE
[AUM] I_Tors: 1.617318 | State: STABLE
[AUM] I_Tors: 1.617318 | State: STABLE
[AUM] I_Tors: 1.617319 | State: STABLE
[AUM] I_Tors: 1.617319 | State: STABLE
[AUM] I_Tors: 1.617320 | State: STABLE
[AUM] I_Tors: 1.617320 | State: STABLE
[AUM] I_Tors: 1.617321 | State: STABLE
[AUM] I_Tors: 1.617321 | State: STABLE
[AUM] I_Tors: 1.617322 | State: STABLE
[AUM] I_Tors: 1.617322 | State: STABLE
[AUM] I_Tors: 1.617323 | State: STABLE
[AUM] I_Tors: 1.617323 | State: STABLE
[AUM] I_Tors: 1.617324 | State: STABLE
[AUM] I_Tors: 1.617324 | State: STABLE
[AUM] I_Tors: 1.617325 | State: STABLE
[AUM] I_Tors: 1.617325 | State: STABLE
[AUM] I_Tors: 1.617326 | State: STABLE
[AUM] I_Tors: 1.617326 | State: STABLE
[AUM] I_Tors: 1.617327 | State: STABLE
[AUM] I_Tors: 1.617327 | State: STABLE
[AUM] I_Tors: 1.617328 | State: STABLE
[AUM] I_Tors: 1.617328 | State: STABLE
[AUM] I_Tors: 1.617329 | State: STABLE
[AUM] I_Tors: 1.617329 | State: STABLE
[AUM] I_Tors: 1.617330 | State: STABLE
[AUM] I_Tors: 1.617330 | State: STABLE
[AUM] I_Tors: 1.617331 | State: STABLE
[AUM] I_Tors: 1.617331 | State: STABLE
[AUM] I_Tors: 1.617332 | State: STABLE
[AUM] I_Tors: 1.617332 | State: STABLE
[AUM] I_Tors: 1.617333 | State: STABLE
[AUM] I_Tors: 1.617333 | State: STABLE
[AUM] I_Tors: 1.617334 | State: STABLE
[AUM] I_Tors: 1.617334 | State: STABLE
[AUM] I_Tors: 1.617335 | State: STABLE
[AUM] I_Tors: 1.617335 | State: STABLE
[AUM] I_Tors: 1.617336 | State: STABLE
[AUM] I_Tors: 1.617336 | State: STABLE
[AUM] I_Tors: 1.617337 | State: STABLE
[AUM] I_Tors: 1.617337 | State: STABLE
[AUM] I_Tors: 1.617338 | State: STABLE
[AUM] I_Tors: 1.617338 | State: STABLE
[AUM] I_Tors: 1.617339 | State: STABLE
[AUM] I_Tors: 1.617339 | State: STABLE
[AUM] I_Tors: 1.617340 | State: STABLE
[AUM] I_Tors: 1.617340 | State: STABLE
[AUM] I_Tors: 1.617341 | State: STABLE
[AUM] I_Tors: 1.617341 | State: STABLE
[AUM] I_Tors: 1.617342 | State: STABLE
[AUM] I_Tors: 1.617342 | State: STABLE
[AUM] I_Tors: 1.617343 | State: STABLE
[AUM] I_Tors: 1.617343 | State: STABLE
[AUM] I_Tors: 1.617344 | State: STABLE
[AUM] I_Tors: 1.617344 | State: STABLE
[AUM] I_Tors: 1.617345 | State: STABLE
[AUM] I_Tors: 1.617345 | State: STABLE
[AUM] I_Tors: 1.617346 | State: STABLE
[AUM] I_Tors: 1.617346 | State: STABLE
[AUM] I_Tors: 1.617346 | State: STABLE
[AUM] I_Tors: 1.617347 | State: STABLE
[AUM] I_Tors: 1.617347 | State: STABLE
[AUM] I_Tors: 1.617348 | State: STABLE
[AUM] I_Tors: 1.617348 | State: STABLE
[AUM] I_Tors: 1.617349 | State: STABLE
[AUM] I_Tors: 1.617349 | State: STABLE
[AUM] I_Tors: 1.617350 | State: STABLE
[AUM] I_Tors: 1.617350 | State: STABLE
[AUM] I_Tors: 1.617351 | State: STABLE
[AUM] I_Tors: 1.617351 | State: STABLE
[AUM] I_Tors: 1.617352 | State: STABLE
[AUM] I_Tors: 1.617352 | State: STABLE
[AUM] I_Tors: 1.617353 | State: STABLE
[AUM] I_Tors: 1.617353 | State: STABLE
[AUM] I_Tors: 1.617354 | State: STABLE
[AUM] I_Tors: 1.617354 | State: STABLE
[AUM] I_Tors: 1.617355 | State: STABLE
[AUM] I_Tors: 1.617355 | State: STABLE
[AUM] I_Tors: 1.617356 | State: STABLE
[AUM] I_Tors: 1.617356 | State: STABLE
[AUM] I_Tors: 1.617357 | State: STABLE
[AUM] I_Tors: 1.617357 | State: STABLE
[AUM] I_Tors: 1.617357 | State: STABLE
[AUM] I_Tors: 1.617358 | State: STABLE
[AUM] I_Tors: 1.617358 | State: STABLE
[AUM] I_Tors: 1.617359 | State: STABLE
[AUM] I_Tors: 1.617359 | State: STABLE
[AUM] I_Tors: 1.617360 | State: STABLE
[AUM] I_Tors: 1.617360 | State: STABLE
[AUM] I_Tors: 1.617361 | State: STABLE
[AUM] I_Tors: 1.617361 | State: STABLE
[AUM] I_Tors: 1.617362 | State: STABLE
[AUM] I_Tors: 1.617362 | State: STABLE
[AUM] I_Tors: 1.617363 | State: STABLE
[AUM] I_Tors: 1.617363 | State: STABLE
[AUM] I_Tors: 1.617364 | State: STABLE
[AUM] I_Tors: 1.617364 | State: STABLE
[AUM] I_Tors: 1.617365 | State: STABLE
[AUM] I_Tors: 1.617365 | State: STABLE
[AUM] I_Tors: 1.617365 | State: STABLE
[AUM] I_Tors: 1.617366 | State: STABLE
[AUM] I_Tors: 1.617366 | State: STABLE
[AUM] I_Tors: 1.617367 | State: STABLE
[AUM] I_Tors: 1.617367 | State: STABLE
[AUM] I_Tors: 1.617368 | State: STABLE
[AUM] I_Tors: 1.617368 | State: STABLE
[AUM] I_Tors: 1.617369 | State: STABLE
[AUM] I_Tors: 1.617369 | State: STABLE
[AUM] I_Tors: 1.617370 | State: STABLE
[AUM] I_Tors: 1.617370 | State: STABLE
[AUM] I_Tors: 1.617371 | State: STABLE
[AUM] I_Tors: 1.617371 | State: STABLE
[AUM] I_Tors: 1.617372 | State: STABLE
[AUM] I_Tors: 1.617372 | State: STABLE
[AUM] I_Tors: 1.617372 | State: STABLE
[AUM] I_Tors: 1.617373 | State: STABLE
[AUM] I_Tors: 1.617373 | State: STABLE
[AUM] I_Tors: 1.617374 | State: STABLE
[AUM] I_Tors: 1.617374 | State: STABLE
[AUM] I_Tors: 1.617375 | State: STABLE
[AUM] I_Tors: 1.617375 | State: STABLE
[AUM] I_Tors: 1.617376 | State: STABLE
[AUM] I_Tors: 1.617376 | State: STABLE
[AUM] I_Tors: 1.617377 | State: STABLE
[AUM] I_Tors: 1.617377 | State: STABLE
[AUM] I_Tors: 1.617378 | State: STABLE
[AUM] I_Tors: 1.617378 | State: STABLE
[AUM] I_Tors: 1.617378 | State: STABLE
[AUM] I_Tors: 1.617379 | State: STABLE
[AUM] I_Tors: 1.617379 | State: STABLE
[AUM] I_Tors: 1.617380 | State: STABLE
[AUM] I_Tors: 1.617380 | State: STABLE
[AUM] I_Tors: 1.617381 | State: STABLE
[AUM] I_Tors: 1.617381 | State: STABLE
[AUM] I_Tors: 1.617382 | State: STABLE
[AUM] I_Tors: 1.617382 | State: STABLE
[AUM] I_Tors: 1.617383 | State: STABLE
[AUM] I_Tors: 1.617383 | State: STABLE
[AUM] I_Tors: 1.617383 | State: STABLE
[AUM] I_Tors: 1.617384 | State: STABLE
[AUM] I_Tors: 1.617384 | State: STABLE
[AUM] I_Tors: 1.617385 | State: STABLE
[AUM] I_Tors: 1.617385 | State: STABLE
[AUM] I_Tors: 1.617386 | State: STABLE
[AUM] I_Tors: 1.617386 | State: STABLE
[AUM] I_Tors: 1.617387 | State: STABLE
[AUM] I_Tors: 1.617387 | State: STABLE
[AUM] I_Tors: 1.617388 | State: STABLE
[AUM] I_Tors: 1.617388 | State: STABLE
[AUM] I_Tors: 1.617388 | State: STABLE
[AUM] I_Tors: 1.617389 | State: STABLE
[AUM] I_Tors: 1.617389 | State: STABLE
[AUM] I_Tors: 1.617390 | State: STABLE
[AUM] I_Tors: 1.617390 | State: STABLE
[AUM] I_Tors: 1.617391 | State: STABLE
[AUM] I_Tors: 1.617391 | State: STABLE
[AUM] I_Tors: 1.617392 | State: STABLE
[AUM] I_Tors: 1.617392 | State: STABLE
[AUM] I_Tors: 1.617393 | State: STABLE
[AUM] I_Tors: 1.617393 | State: STABLE
[AUM] I_Tors: 1.617393 | State: STABLE
[AUM] I_Tors: 1.617394 | State: STABLE
[AUM] I_Tors: 1.617394 | State: STABLE
[AUM] I_Tors: 1.617395 | State: STABLE
[AUM] I_Tors: 1.617395 | State: STABLE
[AUM] I_Tors: 1.617396 | State: STABLE
[AUM] I_Tors: 1.617396 | State: STABLE
[AUM] I_Tors: 1.617397 | State: STABLE
[AUM] I_Tors: 1.617397 | State: STABLE
[AUM] I_Tors: 1.617397 | State: STABLE
[AUM] I_Tors: 1.617398 | State: STABLE
[AUM] I_Tors: 1.617398 | State: STABLE
[AUM] I_Tors: 1.617399 | State: STABLE
[AUM] I_Tors: 1.617399 | State: STABLE
[AUM] I_Tors: 1.617400 | State: STABLE
[AUM] I_Tors: 1.617400 | State: STABLE
[AUM] I_Tors: 1.617401 | State: STABLE
[AUM] I_Tors: 1.617401 | State: STABLE
[AUM] I_Tors: 1.617401 | State: STABLE
[AUM] I_Tors: 1.617402 | State: STABLE
[AUM] I_Tors: 1.617402 | State: STABLE
[AUM] I_Tors: 1.617403 | State: STABLE
[AUM] I_Tors: 1.617403 | State: STABLE
[AUM] I_Tors: 1.617404 | State: STABLE
[AUM] I_Tors: 1.617404 | State: STABLE
[AUM] I_Tors: 1.617405 | State: STABLE
[AUM] I_Tors: 1.617405 | State: STABLE
[AUM] I_Tors: 1.617405 | State: STABLE
[AUM] I_Tors: 1.617406 | State: STABLE
[AUM] I_Tors: 1.617406 | State: STABLE
[AUM] I_Tors: 1.617407 | State: STABLE
[AUM] I_Tors: 1.617407 | State: STABLE
[AUM] I_Tors: 1.617408 | State: STABLE
[AUM] I_Tors: 1.617408 | State: STABLE
[AUM] I_Tors: 1.617408 | State: STABLE
[AUM] I_Tors: 1.617409 | State: STABLE
[AUM] I_Tors: 1.617409 | State: STABLE
[AUM] I_Tors: 1.617410 | State: STABLE
[AUM] I_Tors: 1.617410 | State: STABLE
[AUM] I_Tors: 1.617411 | State: STABLE
[AUM] I_Tors: 1.617411 | State: STABLE
[AUM] I_Tors: 1.617412 | State: STABLE
[AUM] I_Tors: 1.617412 | State: STABLE
[AUM] I_Tors: 1.617412 | State: STABLE
[AUM] I_Tors: 1.617413 | State: STABLE
[AUM] I_Tors: 1.617413 | State: STABLE
[AUM] I_Tors: 1.617414 | State: STABLE
[AUM] I_Tors: 1.617414 | State: STABLE
[AUM] I_Tors: 1.617415 | State: STABLE
[AUM] I_Tors: 1.617415 | State: STABLE
[AUM] I_Tors: 1.617415 | State: STABLE
[AUM] I_Tors: 1.617416 | State: STABLE
[AUM] I_Tors: 1.617416 | State: STABLE
[AUM] I_Tors: 1.617417 | State: STABLE
[AUM] I_Tors: 1.617417 | State: STABLE
[AUM] I_Tors: 1.617418 | State: STABLE
[AUM] I_Tors: 1.617418 | State: STABLE
[AUM] I_Tors: 1.617418 | State: STABLE
[AUM] I_Tors: 1.617419 | State: STABLE
[AUM] I_Tors: 1.617419 | State: STABLE
[AUM] I_Tors: 1.617420 | State: STABLE
[AUM] I_Tors: 1.617420 | State: STABLE
[AUM] I_Tors: 1.617421 | State: STABLE
[AUM] I_Tors: 1.617421 | State: STABLE
[AUM] I_Tors: 1.617421 | State: STABLE
[AUM] I_Tors: 1.617422 | State: STABLE
[AUM] I_Tors: 1.617422 | State: STABLE
[AUM] I_Tors: 1.617423 | State: STABLE
[AUM] I_Tors: 1.617423 | State: STABLE
[AUM] I_Tors: 1.617424 | State: STABLE
[AUM] I_Tors: 1.617424 | State: STABLE
[AUM] I_Tors: 1.617424 | State: STABLE
[AUM] I_Tors: 1.617425 | State: STABLE
[AUM] I_Tors: 1.617425 | State: STABLE
[AUM] I_Tors: 1.617426 | State: STABLE
[AUM] I_Tors: 1.617426 | State: STABLE
[AUM] I_Tors: 1.617427 | State: STABLE
[AUM] I_Tors: 1.617427 | State: STABLE
[AUM] I_Tors: 1.617427 | State: STABLE
[AUM] I_Tors: 1.617428 | State: STABLE
[AUM] I_Tors: 1.617428 | State: STABLE
[AUM] I_Tors: 1.617429 | State: STABLE
[AUM] I_Tors: 1.617429 | State: STABLE
[AUM] I_Tors: 1.617430 | State: STABLE
[AUM] I_Tors: 1.617430 | State: STABLE
[AUM] I_Tors: 1.617430 | State: STABLE
[AUM] I_Tors: 1.617431 | State: STABLE
[AUM] I_Tors: 1.617431 | State: STABLE
[AUM] I_Tors: 1.617432 | State: STABLE
[AUM] I_Tors: 1.617432 | State: STABLE
[AUM] I_Tors: 1.617433 | State: STABLE
[AUM] I_Tors: 1.617433 | State: STABLE
[AUM] I_Tors: 1.617433 | State: STABLE
[AUM] I_Tors: 1.617434 | State: STABLE
[AUM] I_Tors: 1.617434 | State: STABLE
[AUM] I_Tors: 1.617435 | State: STABLE
[AUM] I_Tors: 1.617435 | State: STABLE
[AUM] I_Tors: 1.617435 | State: STABLE
[AUM] I_Tors: 1.617436 | State: STABLE
[AUM] I_Tors: 1.617436 | State: STABLE
[AUM] I_Tors: 1.617437 | State: STABLE
[AUM] I_Tors: 1.617437 | State: STABLE
[AUM] I_Tors: 1.617438 | State: STABLE
[AUM] I_Tors: 1.617438 | State: STABLE
[AUM] I_Tors: 1.617438 | State: STABLE
[AUM] I_Tors: 1.617439 | State: STABLE
[AUM] I_Tors: 1.617439 | State: STABLE
[AUM] I_Tors: 1.617440 | State: STABLE
[AUM] I_Tors: 1.617440 | State: STABLE
[AUM] I_Tors: 1.617440 | State: STABLE
[AUM] I_Tors: 1.617441 | State: STABLE
[AUM] I_Tors: 1.617441 | State: STABLE
[AUM] I_Tors: 1.617442 | State: STABLE
[AUM] I_Tors: 1.617442 | State: STABLE
[AUM] I_Tors: 1.617443 | State: STABLE
[AUM] I_Tors: 1.617443 | State: STABLE
[AUM] I_Tors: 1.617443 | State: STABLE
[AUM] I_Tors: 1.617444 | State: STABLE
[AUM] I_Tors: 1.617444 | State: STABLE
[AUM] I_Tors: 1.617445 | State: STABLE
[AUM] I_Tors: 1.617445 | State: STABLE
[AUM] I_Tors: 1.617445 | State: STABLE
[AUM] I_Tors: 1.617446 | State: STABLE
[AUM] I_Tors: 1.617446 | State: STABLE
[AUM] I_Tors: 1.617447 | State: STABLE
[AUM] I_Tors: 1.617447 | State: STABLE
[AUM] I_Tors: 1.617448 | State: STABLE
[AUM] I_Tors: 1.617448 | State: STABLE
[AUM] I_Tors: 1.617448 | State: STABLE
[AUM] I_Tors: 1.617449 | State: STABLE
[AUM] I_Tors: 1.617449 | State: STABLE
[AUM] I_Tors: 1.617450 | State: STABLE
[AUM] I_Tors: 1.617450 | State: STABLE
[AUM] I_Tors: 1.617450 | State: STABLE
[AUM] I_Tors: 1.617451 | State: STABLE
[AUM] I_Tors: 1.617451 | State: STABLE
[AUM] I_Tors: 1.617452 | State: STABLE
[AUM] I_Tors: 1.617452 | State: STABLE
[AUM] I_Tors: 1.617452 | State: STABLE
[AUM] I_Tors: 1.617453 | State: STABLE
[AUM] I_Tors: 1.617453 | State: STABLE
[AUM] I_Tors: 1.617454 | State: STABLE
[AUM] I_Tors: 1.617454 | State: STABLE
[AUM] I_Tors: 1.617454 | State: STABLE
[AUM] I_Tors: 1.617455 | State: STABLE
[AUM] I_Tors: 1.617455 | State: STABLE
[AUM] I_Tors: 1.617456 | State: STABLE
[AUM] I_Tors: 1.617456 | State: STABLE
[AUM] I_Tors: 1.617456 | State: STABLE
[AUM] I_Tors: 1.617457 | State: STABLE
[AUM] I_Tors: 1.617457 | State: STABLE
[AUM] I_Tors: 1.617458 | State: STABLE
[AUM] I_Tors: 1.617458 | State: STABLE
[AUM] I_Tors: 1.617458 | State: STABLE
[AUM] I_Tors: 1.617459 | State: STABLE
[AUM] I_Tors: 1.617459 | State: STABLE
[AUM] I_Tors: 1.617460 | State: STABLE
[AUM] I_Tors: 1.617460 | State: STABLE
[AUM] I_Tors: 1.617461 | State: STABLE
[AUM] I_Tors: 1.617461 | State: STABLE
[AUM] I_Tors: 1.617461 | State: STABLE
[AUM] I_Tors: 1.617462 | State: STABLE
[AUM] I_Tors: 1.617462 | State: STABLE
[AUM] I_Tors: 1.617463 | State: STABLE
[AUM] I_Tors: 1.617463 | State: STABLE
[AUM] I_Tors: 1.617463 | State: STABLE
[AUM] I_Tors: 1.617464 | State: STABLE
[AUM] I_Tors: 1.617464 | State: STABLE
[AUM] I_Tors: 1.617465 | State: STABLE
[AUM] I_Tors: 1.617465 | State: STABLE
[AUM] I_Tors: 1.617465 | State: STABLE
[AUM] I_Tors: 1.617466 | State: STABLE
[AUM] I_Tors: 1.617466 | State: STABLE
[AUM] I_Tors: 1.617467 | State: STABLE
[AUM] I_Tors: 1.617467 | State: STABLE
[AUM] I_Tors: 1.617467 | State: STABLE
[AUM] I_Tors: 1.617468 | State: STABLE
[AUM] I_Tors: 1.617468 | State: STABLE
[AUM] I_Tors: 1.617468 | State: STABLE
[AUM] I_Tors: 1.617469 | State: STABLE
[AUM] I_Tors: 1.617469 | State: STABLE
[AUM] I_Tors: 1.617470 | State: STABLE
[AUM] I_Tors: 1.617470 | State: STABLE
[AUM] I_Tors: 1.617470 | State: STABLE
[AUM] I_Tors: 1.617471 | State: STABLE
[AUM] I_Tors: 1.617471 | State: STABLE
[AUM] I_Tors: 1.617472 | State: STABLE
[AUM] I_Tors: 1.617472 | State: STABLE
[AUM] I_Tors: 1.617472 | State: STABLE
[AUM] I_Tors: 1.617473 | State: STABLE
[AUM] I_Tors: 1.617473 | State: STABLE
[AUM] I_Tors: 1.617474 | State: STABLE
[AUM] I_Tors: 1.617474 | State: STABLE
[AUM] I_Tors: 1.617474 | State: STABLE
[AUM] I_Tors: 1.617475 | State: STABLE
[AUM] I_Tors: 1.617475 | State: STABLE
[AUM] I_Tors: 1.617476 | State: STABLE
[AUM] I_Tors: 1.617476 | State: STABLE
[AUM] I_Tors: 1.617476 | State: STABLE
[AUM] I_Tors: 1.617477 | State: STABLE
[AUM] I_Tors: 1.617477 | State: STABLE
[AUM] I_Tors: 1.617478 | State: STABLE
[AUM] I_Tors: 1.617478 | State: STABLE
[AUM] I_Tors: 1.617478 | State: STABLE
[AUM] I_Tors: 1.617479 | State: STABLE
[AUM] I_Tors: 1.617479 | State: STABLE
[AUM] I_Tors: 1.617479 | State: STABLE
[AUM] I_Tors: 1.617480 | State: STABLE
[AUM] I_Tors: 1.617480 | State: STABLE
[AUM] I_Tors: 1.617481 | State: STABLE
[AUM] I_Tors: 1.617481 | State: STABLE
[AUM] I_Tors: 1.617481 | State: STABLE
[AUM] I_Tors: 1.617482 | State: STABLE
[AUM] I_Tors: 1.617482 | State: STABLE
[AUM] I_Tors: 1.617483 | State: STABLE
[AUM] I_Tors: 1.617483 | State: STABLE
[AUM] I_Tors: 1.617483 | State: STABLE
[AUM] I_Tors: 1.617484 | State: STABLE
[AUM] I_Tors: 1.617484 | State: STABLE
[AUM] I_Tors: 1.617484 | State: STABLE
[AUM] I_Tors: 1.617485 | State: STABLE
[AUM] I_Tors: 1.617485 | State: STABLE
[AUM] I_Tors: 1.617486 | State: STABLE
[AUM] I_Tors: 1.617486 | State: STABLE
[AUM] I_Tors: 1.617486 | State: STABLE
[AUM] I_Tors: 1.617487 | State: STABLE
[AUM] I_Tors: 1.617487 | State: STABLE
[AUM] I_Tors: 1.617488 | State: STABLE
[AUM] I_Tors: 1.617488 | State: STABLE
[AUM] I_Tors: 1.617488 | State: STABLE
[AUM] I_Tors: 1.617489 | State: STABLE
[AUM] I_Tors: 1.617489 | State: STABLE
[AUM] I_Tors: 1.617489 | State: STABLE
[AUM] I_Tors: 1.617490 | State: STABLE
[AUM] I_Tors: 1.617490 | State: STABLE
[AUM] I_Tors: 1.617491 | State: STABLE
[AUM] I_Tors: 1.617491 | State: STABLE
[AUM] I_Tors: 1.617491 | State: STABLE
[AUM] I_Tors: 1.617492 | State: STABLE
[AUM] I_Tors: 1.617492 | State: STABLE
[AUM] I_Tors: 1.617493 | State: STABLE
[AUM] I_Tors: 1.617493 | State: STABLE
[AUM] I_Tors: 1.617493 | State: STABLE
[AUM] I_Tors: 1.617494 | State: STABLE
[AUM] I_Tors: 1.617494 | State: STABLE
[AUM] I_Tors: 1.617494 | State: STABLE
[AUM] I_Tors: 1.617495 | State: STABLE
[AUM] I_Tors: 1.617495 | State: STABLE
[AUM] I_Tors: 1.617496 | State: STABLE
[AUM] I_Tors: 1.617496 | State: STABLE
[AUM] I_Tors: 1.617496 | State: STABLE
[AUM] I_Tors: 1.617497 | State: STABLE
[AUM] I_Tors: 1.617497 | State: STABLE
[AUM] I_Tors: 1.617497 | State: STABLE
[AUM] I_Tors: 1.617498 | State: STABLE
[AUM] I_Tors: 1.617498 | State: STABLE
[AUM] I_Tors: 1.617499 | State: STABLE
[AUM] I_Tors: 1.617499 | State: STABLE
[AUM] I_Tors: 1.617499 | State: STABLE
[AUM] I_Tors: 1.617500 | State: STABLE
[AUM] I_Tors: 1.617500 | State: STABLE
[AUM] I_Tors: 1.617500 | State: STABLE
[AUM] I_Tors: 1.617501 | State: STABLE
[AUM] I_Tors: 1.617501 | State: STABLE
[AUM] I_Tors: 1.617502 | State: STABLE
[AUM] I_Tors: 1.617502 | State: STABLE
[AUM] I_Tors: 1.617502 | State: STABLE
[AUM] I_Tors: 1.617503 | State: STABLE
[AUM] I_Tors: 1.617503 | State: STABLE
[AUM] I_Tors: 1.617503 | State: STABLE
[AUM] I_Tors: 1.617504 | State: STABLE
[AUM] I_Tors: 1.617504 | State: STABLE
[AUM] I_Tors: 1.617505 | State: STABLE
[AUM] I_Tors: 1.617505 | State: STABLE
[AUM] I_Tors: 1.617505 | State: STABLE
[AUM] I_Tors: 1.617506 | State: STABLE
[AUM] I_Tors: 1.617506 | State: STABLE
[AUM] I_Tors: 1.617506 | State: STABLE
[AUM] I_Tors: 1.617507 | State: STABLE
[AUM] I_Tors: 1.617507 | State: STABLE
[AUM] I_Tors: 1.617507 | State: STABLE
[AUM] I_Tors: 1.617508 | State: STABLE
[AUM] I_Tors: 1.617508 | State: STABLE
[AUM] I_Tors: 1.617509 | State: STABLE
[AUM] I_Tors: 1.617509 | State: STABLE
[AUM] I_Tors: 1.617509 | State: STABLE
[AUM] I_Tors: 1.617510 | State: STABLE
[AUM] I_Tors: 1.617510 | State: STABLE
[AUM] I_Tors: 1.617510 | State: STABLE
[AUM] I_Tors: 1.617511 | State: STABLE
[AUM] I_Tors: 1.617511 | State: STABLE
[AUM] I_Tors: 1.617512 | State: STABLE
[AUM] I_Tors: 1.617512 | State: STABLE
[AUM] I_Tors: 1.617512 | State: STABLE
[AUM] I_Tors: 1.617513 | State: STABLE
[AUM] I_Tors: 1.617513 | State: STABLE
[AUM] I_Tors: 1.617513 | State: STABLE
[AUM] I_Tors: 1.617514 | State: STABLE
[AUM] I_Tors: 1.617514 | State: STABLE
[AUM] I_Tors: 1.617514 | State: STABLE
[AUM] I_Tors: 1.617515 | State: STABLE
[AUM] I_Tors: 1.617515 | State: STABLE
[AUM] I_Tors: 1.617516 | State: STABLE
[AUM] I_Tors: 1.617516 | State: STABLE
[AUM] I_Tors: 1.617516 | State: STABLE
[AUM] I_Tors: 1.617517 | State: STABLE
[AUM] I_Tors: 1.617517 | State: STABLE
[AUM] I_Tors: 1.617517 | State: STABLE
[AUM] I_Tors: 1.617518 | State: STABLE
[AUM] I_Tors: 1.617518 | State: STABLE
[AUM] I_Tors: 1.617518 | State: STABLE
[AUM] I_Tors: 1.617519 | State: STABLE
[AUM] I_Tors: 1.617519 | State: STABLE
[AUM] I_Tors: 1.617519 | State: STABLE
[AUM] I_Tors: 1.617520 | State: STABLE
[AUM] I_Tors: 1.617520 | State: STABLE
[AUM] I_Tors: 1.617521 | State: STABLE
[AUM] I_Tors: 1.617521 | State: STABLE
[AUM] I_Tors: 1.617521 | State: STABLE
[AUM] I_Tors: 1.617522 | State: STABLE
[AUM] I_Tors: 1.617522 | State: STABLE
[AUM] I_Tors: 1.617522 | State: STABLE
[AUM] I_Tors: 1.617523 | State: STABLE
[AUM] I_Tors: 1.617523 | State: STABLE
[AUM] I_Tors: 1.617523 | State: STABLE
[AUM] I_Tors: 1.617524 | State: STABLE
[AUM] I_Tors: 1.617524 | State: STABLE
[AUM] I_Tors: 1.617525 | State: STABLE
[AUM] I_Tors: 1.617525 | State: STABLE
[AUM] I_Tors: 1.617525 | State: STABLE
[AUM] I_Tors: 1.617526 | State: STABLE
[AUM] I_Tors: 1.617526 | State: STABLE
[AUM] I_Tors: 1.617526 | State: STABLE
[AUM] I_Tors: 1.617527 | State: STABLE
[AUM] I_Tors: 1.617527 | State: STABLE
[AUM] I_Tors: 1.617527 | State: STABLE
[AUM] I_Tors: 1.617528 | State: STABLE
[AUM] I_Tors: 1.617528 | State: STABLE
[AUM] I_Tors: 1.617528 | State: STABLE
[AUM] I_Tors: 1.617529 | State: STABLE
[AUM] I_Tors: 1.617529 | State: STABLE
[AUM] I_Tors: 1.617529 | State: STABLE
[AUM] I_Tors: 1.617530 | State: STABLE
[AUM] I_Tors: 1.617530 | State: STABLE
[AUM] I_Tors: 1.617531 | State: STABLE
[AUM] I_Tors: 1.617531 | State: STABLE
[AUM] I_Tors: 1.617531 | State: STABLE
[AUM] I_Tors: 1.617532 | State: STABLE
[AUM] I_Tors: 1.617532 | State: STABLE
[AUM] I_Tors: 1.617532 | State: STABLE
[AUM] I_Tors: 1.617533 | State: STABLE
[AUM] I_Tors: 1.617533 | State: STABLE
[AUM] I_Tors: 1.617533 | State: STABLE
[AUM] I_Tors: 1.617534 | State: STABLE
[AUM] I_Tors: 1.617534 | State: STABLE
[AUM] I_Tors: 1.617534 | State: STABLE
[AUM] I_Tors: 1.617535 | State: STABLE
[AUM] I_Tors: 1.617535 | State: STABLE
[AUM] I_Tors: 1.617535 | State: STABLE
[AUM] I_Tors: 1.617536 | State: STABLE
[AUM] I_Tors: 1.617536 | State: STABLE
[AUM] I_Tors: 1.617537 | State: STABLE
[AUM] I_Tors: 1.617537 | State: STABLE
[AUM] I_Tors: 1.617537 | State: STABLE
[AUM] I_Tors: 1.617538 | State: STABLE
[AUM] I_Tors: 1.617538 | State: STABLE
[AUM] I_Tors: 1.617538 | State: STABLE
[AUM] I_Tors: 1.617539 | State: STABLE
[AUM] I_Tors: 1.617539 | State: STABLE
[AUM] I_Tors: 1.617539 | State: STABLE
[AUM] I_Tors: 1.617540 | State: STABLE
[AUM] I_Tors: 1.617540 | State: STABLE
[AUM] I_Tors: 1.617540 | State: STABLE
[AUM] I_Tors: 1.617541 | State: STABLE
[AUM] I_Tors: 1.617541 | State: STABLE
[AUM] I_Tors: 1.617541 | State: STABLE
[AUM] I_Tors: 1.617542 | State: STABLE
[AUM] I_Tors: 1.617542 | State: STABLE
[AUM] I_Tors: 1.617542 | State: STABLE
[AUM] I_Tors: 1.617543 | State: STABLE
[AUM] I_Tors: 1.617543 | State: STABLE
[AUM] I_Tors: 1.617543 | State: STABLE
[AUM] I_Tors: 1.617544 | State: STABLE
[AUM] I_Tors: 1.617544 | State: STABLE
[AUM] I_Tors: 1.617544 | State: STABLE
[AUM] I_Tors: 1.617545 | State: STABLE
[AUM] I_Tors: 1.617545 | State: STABLE
[AUM] I_Tors: 1.617545 | State: STABLE
[AUM] I_Tors: 1.617546 | State: STABLE
[AUM] I_Tors: 1.617546 | State: STABLE
[AUM] I_Tors: 1.617547 | State: STABLE
[AUM] I_Tors: 1.617547 | State: STABLE
[AUM] I_Tors: 1.617547 | State: STABLE
[AUM] I_Tors: 1.617548 | State: STABLE
[AUM] I_Tors: 1.617548 | State: STABLE
[AUM] I_Tors: 1.617548 | State: STABLE
[AUM] I_Tors: 1.617549 | State: STABLE
[AUM] I_Tors: 1.617549 | State: STABLE
[AUM] I_Tors: 1.617549 | State: STABLE
[AUM] I_Tors: 1.617550 | State: STABLE
[AUM] I_Tors: 1.617550 | State: STABLE
[AUM] I_Tors: 1.617550 | State: STABLE
[AUM] I_Tors: 1.617551 | State: STABLE
[AUM] I_Tors: 1.617551 | State: STABLE
[AUM] I_Tors: 1.617551 | State: STABLE
[AUM] I_Tors: 1.617552 | State: STABLE
[AUM] I_Tors: 1.617552 | State: STABLE
[AUM] I_Tors: 1.617552 | State: STABLE
[AUM] I_Tors: 1.617553 | State: STABLE
[AUM] I_Tors: 1.617553 | State: STABLE
[AUM] I_Tors: 1.617553 | State: STABLE
[AUM] I_Tors: 1.617554 | State: STABLE
[AUM] I_Tors: 1.617554 | State: STABLE
[AUM] I_Tors: 1.617554 | State: STABLE
[AUM] I_Tors: 1.617555 | State: STABLE
[AUM] I_Tors: 1.617555 | State: STABLE
[AUM] I_Tors: 1.617555 | State: STABLE
[AUM] I_Tors: 1.617556 | State: STABLE
[AUM] I_Tors: 1.617556 | State: STABLE
[AUM] I_Tors: 1.617556 | State: STABLE
[AUM] I_Tors: 1.617557 | State: STABLE
[AUM] I_Tors: 1.617557 | State: STABLE
[AUM] I_Tors: 1.617557 | State: STABLE
[AUM] I_Tors: 1.617558 | State: STABLE
[AUM] I_Tors: 1.617558 | State: STABLE
[AUM] I_Tors: 1.617558 | State: STABLE
[AUM] I_Tors: 1.617559 | State: STABLE
[AUM] I_Tors: 1.617559 | State: STABLE
[AUM] I_Tors: 1.617559 | State: STABLE
[AUM] I_Tors: 1.617560 | State: STABLE
[AUM] I_Tors: 1.617560 | State: STABLE
[AUM] I_Tors: 1.617560 | State: STABLE
[AUM] I_Tors: 1.617561 | State: STABLE
[AUM] I_Tors: 1.617561 | State: STABLE
[AUM] I_Tors: 1.617561 | State: STABLE
[AUM] I_Tors: 1.617562 | State: STABLE
[AUM] I_Tors: 1.617562 | State: STABLE
[AUM] I_Tors: 1.617562 | State: STABLE
[AUM] I_Tors: 1.617563 | State: STABLE
[AUM] I_Tors: 1.617563 | State: STABLE
[AUM] I_Tors: 1.617563 | State: STABLE
[AUM] I_Tors: 1.617564 | State: STABLE
[AUM] I_Tors: 1.617564 | State: STABLE
[AUM] I_Tors: 1.617564 | State: STABLE
[AUM] I_Tors: 1.617565 | State: STABLE
[AUM] I_Tors: 1.617565 | State: STABLE
[AUM] I_Tors: 1.617565 | State: STABLE
[AUM] I_Tors: 1.617566 | State: STABLE
[AUM] I_Tors: 1.617566 | State: STABLE
[AUM] I_Tors: 1.617566 | State: STABLE
[AUM] I_Tors: 1.617567 | State: STABLE
[AUM] I_Tors: 1.617567 | State: STABLE
[AUM] I_Tors: 1.617567 | State: STABLE
[AUM] I_Tors: 1.617568 | State: STABLE
[AUM] I_Tors: 1.617568 | State: STABLE
[AUM] I_Tors: 1.617568 | State: STABLE
[AUM] I_Tors: 1.617569 | State: STABLE
[AUM] I_Tors: 1.617569 | State: STABLE
[AUM] I_Tors: 1.617569 | State: STABLE
[AUM] I_Tors: 1.617569 | State: STABLE
[AUM] I_Tors: 1.617570 | State: STABLE
[AUM] I_Tors: 1.617570 | State: STABLE
[AUM] I_Tors: 1.617570 | State: STABLE
[AUM] I_Tors: 1.617571 | State: STABLE
[AUM] I_Tors: 1.617571 | State: STABLE
[AUM] I_Tors: 1.617571 | State: STABLE
[AUM] I_Tors: 1.617572 | State: STABLE
[AUM] I_Tors: 1.617572 | State: STABLE
[AUM] I_Tors: 1.617572 | State: STABLE
[AUM] I_Tors: 1.617573 | State: STABLE
[AUM] I_Tors: 1.617573 | State: STABLE
[AUM] I_Tors: 1.617573 | State: STABLE
[AUM] I_Tors: 1.617574 | State: STABLE
[AUM] I_Tors: 1.617574 | State: STABLE
[AUM] I_Tors: 1.617574 | State: STABLE
[AUM] I_Tors: 1.617575 | State: STABLE
[AUM] I_Tors: 1.617575 | State: STABLE
[AUM] I_Tors: 1.617575 | State: STABLE
[AUM] I_Tors: 1.617576 | State: STABLE
[AUM] I_Tors: 1.617576 | State: STABLE
[AUM] I_Tors: 1.617576 | State: STABLE
[AUM] I_Tors: 1.617577 | State: STABLE
[AUM] I_Tors: 1.617577 | State: STABLE
[AUM] I_Tors: 1.617577 | State: STABLE
[AUM] I_Tors: 1.617578 | State: STABLE
[AUM] I_Tors: 1.617578 | State: STABLE
[AUM] I_Tors: 1.617578 | State: STABLE
[AUM] I_Tors: 1.617579 | State: STABLE
[AUM] I_Tors: 1.617579 | State: STABLE
[AUM] I_Tors: 1.617579 | State: STABLE
[AUM] I_Tors: 1.617579 | State: STABLE
[AUM] I_Tors: 1.617580 | State: STABLE
[AUM] I_Tors: 1.617580 | State: STABLE
[AUM] I_Tors: 1.617580 | State: STABLE
[AUM] I_Tors: 1.617581 | State: STABLE
[AUM] I_Tors: 1.617581 | State: STABLE
[AUM] I_Tors: 1.617581 | State: STABLE
[AUM] I_Tors: 1.617582 | State: STABLE
[AUM] I_Tors: 1.617582 | State: STABLE
[AUM] I_Tors: 1.617582 | State: STABLE
[AUM] I_Tors: 1.617583 | State: STABLE
[AUM] I_Tors: 1.617583 | State: STABLE
[AUM] I_Tors: 1.617583 | State: STABLE
[AUM] I_Tors: 1.617584 | State: STABLE
[AUM] I_Tors: 1.617584 | State: STABLE
[AUM] I_Tors: 1.617584 | State: STABLE
[AUM] I_Tors: 1.617585 | State: STABLE
[AUM] I_Tors: 1.617585 | State: STABLE
[AUM] I_Tors: 1.617585 | State: STABLE
[AUM] I_Tors: 1.617585 | State: STABLE
[AUM] I_Tors: 1.617586 | State: STABLE
[AUM] I_Tors: 1.617586 | State: STABLE
[AUM] I_Tors: 1.617586 | State: STABLE
[AUM] I_Tors: 1.617587 | State: STABLE
[AUM] I_Tors: 1.617587 | State: STABLE
[AUM] I_Tors: 1.617587 | State: STABLE
[AUM] I_Tors: 1.617588 | State: STABLE
[AUM] I_Tors: 1.617588 | State: STABLE
[AUM] I_Tors: 1.617588 | State: STABLE
[AUM] I_Tors: 1.617589 | State: STABLE
[AUM] I_Tors: 1.617589 | State: STABLE
[AUM] I_Tors: 1.617589 | State: STABLE
[AUM] I_Tors: 1.617590 | State: STABLE
[AUM] I_Tors: 1.617590 | State: STABLE
[AUM] I_Tors: 1.617590 | State: STABLE
[AUM] I_Tors: 1.617590 | State: STABLE
[AUM] I_Tors: 1.617591 | State: STABLE
[AUM] I_Tors: 1.617591 | State: STABLE
[AUM] I_Tors: 1.617591 | State: STABLE
[AUM] I_Tors: 1.617592 | State: STABLE
[AUM] I_Tors: 1.617592 | State: STABLE
[AUM] I_Tors: 1.617592 | State: STABLE
[AUM] I_Tors: 1.617593 | State: STABLE
[AUM] I_Tors: 1.617593 | State: STABLE
[AUM] I_Tors: 1.617593 | State: STABLE
[AUM] I_Tors: 1.617594 | State: STABLE
[AUM] I_Tors: 1.617594 | State: STABLE
[AUM] I_Tors: 1.617594 | State: STABLE
[AUM] I_Tors: 1.617594 | State: STABLE
[AUM] I_Tors: 1.617595 | State: STABLE
[AUM] I_Tors: 1.617595 | State: STABLE
[AUM] I_Tors: 1.617595 | State: STABLE
[AUM] I_Tors: 1.617596 | State: STABLE
[AUM] I_Tors: 1.617596 | State: STABLE
[AUM] I_Tors: 1.617596 | State: STABLE
[AUM] I_Tors: 1.617597 | State: STABLE
[AUM] I_Tors: 1.617597 | State: STABLE
[AUM] I_Tors: 1.617597 | State: STABLE
[AUM] I_Tors: 1.617598 | State: STABLE
[AUM] I_Tors: 1.617598 | State: STABLE
[AUM] I_Tors: 1.617598 | State: STABLE
[AUM] I_Tors: 1.617598 | State: STABLE
[AUM] I_Tors: 1.617599 | State: STABLE
[AUM] I_Tors: 1.617599 | State: STABLE
[AUM] I_Tors: 1.617599 | State: STABLE
[AUM] I_Tors: 1.617600 | State: STABLE
[AUM] I_Tors: 1.617600 | State: STABLE
[AUM] I_Tors: 1.617600 | State: STABLE
[AUM] I_Tors: 1.617601 | State: STABLE
[AUM] I_Tors: 1.617601 | State: STABLE
[AUM] I_Tors: 1.617601 | State: STABLE
[AUM] I_Tors: 1.617602 | State: STABLE
[AUM] I_Tors: 1.617602 | State: STABLE
[AUM] I_Tors: 1.617602 | State: STABLE
[AUM] I_Tors: 1.617602 | State: STABLE
[AUM] I_Tors: 1.617603 | State: STABLE
[AUM] I_Tors: 1.617603 | State: STABLE
[AUM] I_Tors: 1.617603 | State: STABLE
[AUM] I_Tors: 1.617604 | State: STABLE
[AUM] I_Tors: 1.617604 | State: STABLE
[AUM] I_Tors: 1.617604 | State: STABLE
[AUM] I_Tors: 1.617605 | State: STABLE
[AUM] I_Tors: 1.617605 | State: STABLE
[AUM] I_Tors: 1.617605 | State: STABLE
[AUM] I_Tors: 1.617605 | State: STABLE
[AUM] I_Tors: 1.617606 | State: STABLE
[AUM] I_Tors: 1.617606 | State: STABLE
[AUM] I_Tors: 1.617606 | State: STABLE
[AUM] I_Tors: 1.617607 | State: STABLE
[AUM] I_Tors: 1.617607 | State: STABLE
[AUM] I_Tors: 1.617607 | State: STABLE
[AUM] I_Tors: 1.617608 | State: STABLE
[AUM] I_Tors: 1.617608 | State: STABLE
[AUM] I_Tors: 1.617608 | State: STABLE
[AUM] I_Tors: 1.617608 | State: STABLE
[AUM] I_Tors: 1.617609 | State: STABLE
[AUM] I_Tors: 1.617609 | State: STABLE
[AUM] I_Tors: 1.617609 | State: STABLE
[AUM] I_Tors: 1.617610 | State: STABLE
[AUM] I_Tors: 1.617610 | State: STABLE
[AUM] I_Tors: 1.617610 | State: STABLE
[AUM] I_Tors: 1.617611 | State: STABLE
[AUM] I_Tors: 1.617611 | State: STABLE
[AUM] I_Tors: 1.617611 | State: STABLE
[AUM] I_Tors: 1.617611 | State: STABLE
[AUM] I_Tors: 1.617612 | State: STABLE
[AUM] I_Tors: 1.617612 | State: STABLE
[AUM] I_Tors: 1.617612 | State: STABLE
[AUM] I_Tors: 1.617613 | State: STABLE
[AUM] I_Tors: 1.617613 | State: STABLE
[AUM] I_Tors: 1.617613 | State: STABLE
[AUM] I_Tors: 1.617613 | State: STABLE
[AUM] I_Tors: 1.617614 | State: STABLE
[AUM] I_Tors: 1.617614 | State: STABLE
[AUM] I_Tors: 1.617614 | State: STABLE
[AUM] I_Tors: 1.617615 | State: STABLE
[AUM] I_Tors: 1.617615 | State: STABLE
[AUM] I_Tors: 1.617615 | State: STABLE
[AUM] I_Tors: 1.617616 | State: STABLE
[AUM] I_Tors: 1.617616 | State: STABLE
[AUM] I_Tors: 1.617616 | State: STABLE
[AUM] I_Tors: 1.617616 | State: STABLE
[AUM] I_Tors: 1.617617 | State: STABLE
[AUM] I_Tors: 1.617617 | State: STABLE
[AUM] I_Tors: 1.617617 | State: STABLE
[AUM] I_Tors: 1.617618 | State: STABLE
[AUM] I_Tors: 1.617618 | State: STABLE
[AUM] I_Tors: 1.617618 | State: STABLE
[AUM] I_Tors: 1.617618 | State: STABLE
[AUM] I_Tors: 1.617619 | State: STABLE
[AUM] I_Tors: 1.617619 | State: STABLE
[AUM] I_Tors: 1.617619 | State: STABLE
[AUM] I_Tors: 1.617620 | State: STABLE
[AUM] I_Tors: 1.617620 | State: STABLE
[AUM] I_Tors: 1.617620 | State: STABLE
[AUM] I_Tors: 1.617620 | State: STABLE
[AUM] I_Tors: 1.617621 | State: STABLE
[AUM] I_Tors: 1.617621 | State: STABLE
[AUM] I_Tors: 1.617621 | State: STABLE
[AUM] I_Tors: 1.617622 | State: STABLE
[AUM] I_Tors: 1.617622 | State: STABLE
[AUM] I_Tors: 1.617622 | State: STABLE
[AUM] I_Tors: 1.617622 | State: STABLE
[AUM] I_Tors: 1.617623 | State: STABLE
[AUM] I_Tors: 1.617623 | State: STABLE
[AUM] I_Tors: 1.617623 | State: STABLE
[AUM] I_Tors: 1.617624 | State: STABLE
[AUM] I_Tors: 1.617624 | State: STABLE
[AUM] I_Tors: 1.617624 | State: STABLE
[AUM] I_Tors: 1.617625 | State: STABLE
[AUM] I_Tors: 1.617625 | State: STABLE
[AUM] I_Tors: 1.617625 | State: STABLE
[AUM] I_Tors: 1.617625 | State: STABLE
[AUM] I_Tors: 1.617626 | State: STABLE
[AUM] I_Tors: 1.617626 | State: STABLE
[AUM] I_Tors: 1.617626 | State: STABLE
[AUM] I_Tors: 1.617627 | State: STABLE
[AUM] I_Tors: 1.617627 | State: STABLE
[AUM] I_Tors: 1.617627 | State: STABLE
[AUM] I_Tors: 1.617627 | State: STABLE
[AUM] I_Tors: 1.617628 | State: STABLE
[AUM] I_Tors: 1.617628 | State: STABLE
[AUM] I_Tors: 1.617628 | State: STABLE
[AUM] I_Tors: 1.617628 | State: STABLE
[AUM] I_Tors: 1.617629 | State: STABLE
[AUM] I_Tors: 1.617629 | State: STABLE
[AUM] I_Tors: 1.617629 | State: STABLE
[AUM] I_Tors: 1.617630 | State: STABLE
[AUM] I_Tors: 1.617630 | State: STABLE
[AUM] I_Tors: 1.617630 | State: STABLE
[AUM] I_Tors: 1.617630 | State: STABLE
[AUM] I_Tors: 1.617631 | State: STABLE
[AUM] I_Tors: 1.617631 | State: STABLE
[AUM] I_Tors: 1.617631 | State: STABLE
[AUM] I_Tors: 1.617632 | State: STABLE
[AUM] I_Tors: 1.617632 | State: STABLE
[AUM] I_Tors: 1.617632 | State: STABLE
[AUM] I_Tors: 1.617632 | State: STABLE
[AUM] I_Tors: 1.617633 | State: STABLE
[AUM] I_Tors: 1.617633 | State: STABLE
[AUM] I_Tors: 1.617633 | State: STABLE
[AUM] I_Tors: 1.617634 | State: STABLE
[AUM] I_Tors: 1.617634 | State: STABLE
[AUM] I_Tors: 1.617634 | State: STABLE
[AUM] I_Tors: 1.617634 | State: STABLE
[AUM] I_Tors: 1.617635 | State: STABLE
[AUM] I_Tors: 1.617635 | State: STABLE
[AUM] I_Tors: 1.617635 | State: STABLE
[AUM] I_Tors: 1.617636 | State: STABLE
[AUM] I_Tors: 1.617636 | State: STABLE
[AUM] I_Tors: 1.617636 | State: STABLE
[AUM] I_Tors: 1.617636 | State: STABLE
[AUM] I_Tors: 1.617637 | State: STABLE
[AUM] I_Tors: 1.617637 | State: STABLE
[AUM] I_Tors: 1.617637 | State: STABLE
[AUM] I_Tors: 1.617637 | State: STABLE
[AUM] I_Tors: 1.617638 | State: STABLE
[AUM] I_Tors: 1.617638 | State: STABLE
[AUM] I_Tors: 1.617638 | State: STABLE
[AUM] I_Tors: 1.617639 | State: STABLE
[AUM] I_Tors: 1.617639 | State: STABLE
[AUM] I_Tors: 1.617639 | State: STABLE
[AUM] I_Tors: 1.617639 | State: STABLE
[AUM] I_Tors: 1.617640 | State: STABLE
[AUM] I_Tors: 1.617640 | State: STABLE
[AUM] I_Tors: 1.617640 | State: STABLE
[AUM] I_Tors: 1.617641 | State: STABLE
[AUM] I_Tors: 1.617641 | State: STABLE
[AUM] I_Tors: 1.617641 | State: STABLE
[AUM] I_Tors: 1.617641 | State: STABLE
[AUM] I_Tors: 1.617642 | State: STABLE
[AUM] I_Tors: 1.617642 | State: STABLE
[AUM] I_Tors: 1.617642 | State: STABLE
[AUM] I_Tors: 1.617642 | State: STABLE
[AUM] I_Tors: 1.617643 | State: STABLE
[AUM] I_Tors: 1.617643 | State: STABLE
[AUM] I_Tors: 1.617643 | State: STABLE
[AUM] I_Tors: 1.617644 | State: STABLE
[AUM] I_Tors: 1.617644 | State: STABLE
[AUM] I_Tors: 1.617644 | State: STABLE
[AUM] I_Tors: 1.617644 | State: STABLE
[AUM] I_Tors: 1.617645 | State: STABLE
[AUM] I_Tors: 1.617645 | State: STABLE
[AUM] I_Tors: 1.617645 | State: STABLE
[AUM] I_Tors: 1.617645 | State: STABLE
[AUM] I_Tors: 1.617646 | State: STABLE
[AUM] I_Tors: 1.617646 | State: STABLE
[AUM] I_Tors: 1.617646 | State: STABLE
[AUM] I_Tors: 1.617647 | State: STABLE
[AUM] I_Tors: 1.617647 | State: STABLE
[AUM] I_Tors: 1.617647 | State: STABLE
[AUM] I_Tors: 1.617647 | State: STABLE
[AUM] I_Tors: 1.617648 | State: STABLE
[AUM] I_Tors: 1.617648 | State: STABLE
[AUM] I_Tors: 1.617648 | State: STABLE
[AUM] I_Tors: 1.617648 | State: STABLE