[Sun Dec 21 09:21:05 MST 2025] 🟢 STARTING FIELD RECORDING
Sun Dec 21 09:21:05 MST 2025 | FLUX: 45.0 uT | COHERENCE: 0.99
Sun Dec 21 09:21:10 MST 2025 | FLUX: 45.0 uT | COHERENCE: 0.99
Sun Dec 21 09:21:15 MST 2025 | FLUX: 45.0 uT | COHERENCE: 0.99
Sun Dec 21 09:21:20 MST 2025 | FLUX: 45.0 uT | COHERENCE: 0.99
Sun Dec 21 09:21:25 MST 2025 | FLUX: 45.0 uT | COHERENCE: 0.99
Sun Dec 21 09:21:30 MST 2025 | FLUX: 45.0 uT | COHERENCE: 0.99
Sun Dec 21 09:21:35 MST 2025 | FLUX: 45.0 uT | COHERENCE: 0.99
Sun Dec 21 09:21:40 MST 2025 | FLUX: 45.0 uT | COHERENCE: 0.99
Sun Dec 21 09:21:45 MST 2025 | FLUX: 45.0 uT | COHERENCE: 0.99
Sun Dec 21 09:21:50 MST 2025 | FLUX: 45.0 uT | COHERENCE: 0.99
Sun Dec 21 09:21:55 MST 2025 | FLUX: 45.0 uT | COHERENCE: 0.99
Sun Dec 21 09:22:00 MST 2025 | FLUX: 45.0 uT | COHERENCE: 0.99
Sun Dec 21 09:22:05 MST 2025 | FLUX: 45.0 uT | COHERENCE: 0.99
Sun Dec 21 09:22:10 MST 2025 | FLUX: 45.0 uT | COHERENCE: 0.99
Sun Dec 21 09:22:15 MST 2025 | FLUX: 45.0 uT | COHERENCE: 0.99
Sun Dec 21 09:22:20 MST 2025 | FLUX: 45.0 uT | COHERENCE: 0.99
Sun Dec 21 09:22:25 MST 2025 | FLUX: 45.0 uT | COHERENCE: 0.99
Sun Dec 21 09:22:30 MST 2025 | FLUX: 45.0 uT | COHERENCE: 0.99
Sun Dec 21 09:22:35 MST 2025 | FLUX: 45.0 uT | COHERENCE: 0.99
Sun Dec 21 09:22:40 MST 2025 | FLUX: 45.0 uT | COHERENCE: 0.99
Sun Dec 21 09:22:46 MST 2025 | FLUX: 45.0 uT | COHERENCE: 0.99
Sun Dec 21 09:22:51 MST 2025 | FLUX: 45.0 uT | COHERENCE: 0.99
Sun Dec 21 09:22:56 MST 2025 | FLUX: 45.0 uT | COHERENCE: 0.99
Sun Dec 21 09:23:01 MST 2025 | FLUX: 45.0 uT | COHERENCE: 0.99
Sun Dec 21 09:23:06 MST 2025 | FLUX: 45.0 uT | COHERENCE: 0.99
Sun Dec 21 09:23:11 MST 2025 | FLUX: 45.0 uT | COHERENCE: 0.99
Sun Dec 21 09:23:16 MST 2025 | FLUX: 45.0 uT | COHERENCE: 0.99
Sun Dec 21 09:23:21 MST 2025 | FLUX: 45.0 uT | COHERENCE: 0.99
[Sun Dec 21 09:23:23 MST 2025] 🛑 RECORDING STOPPED
[Sun Dec 21 09:29:29 MST 2025] 🟢 STARTING FIELD RECORDING
Sun Dec 21 09:29:29 MST 2025 | FLUX: 45.0 uT | COHERENCE: 0.99
Sun Dec 21 09:29:34 MST 2025 | FLUX: 45.0 uT | COHERENCE: 0.99
Sun Dec 21 09:29:39 MST 2025 | FLUX: 45.0 uT | COHERENCE: 0.99
[Sun Dec 21 09:29:39 MST 2025] 🛑 RECORDING STOPPED
[Sun Dec 21 10:26:54 MST 2025] 🟢 STARTING FIELD RECORDING
Sun Dec 21 10:26:54 MST 2025 | FLUX: 45.0 uT | COHERENCE: 0.99
Sun Dec 21 10:26:59 MST 2025 | FLUX: 45.0 uT | COHERENCE: 0.99
[Sun Dec 21 10:27:01 MST 2025] 🛑 RECORDING STOPPED
[Sun Dec 21 15:00:40 MST 2025] 🟢 STARTING FIELD RECORDING
Sun Dec 21 15:00:41 MST 2025 | FLUX: 45.0 uT | COHERENCE: 0.99
Sun Dec 21 15:00:46 MST 2025 | FLUX: 45.0 uT | COHERENCE: 0.99
Sun Dec 21 15:00:53 MST 2025 | FLUX: 45.0 uT | COHERENCE: 0.99
[Mon Dec 22 01:47:01 MST 2025] 🛑 RECORDING STOPPED
[Mon Dec 22 02:07:31 MST 2025] 🟢 STARTING FIELD RECORDING
Mon Dec 22 02:07:31 MST 2025 | FLUX: 45.0 uT | COHERENCE: 0.99
Mon Dec 22 02:07:36 MST 2025 | FLUX: 45.0 uT | COHERENCE: 0.99
[Mon Dec 22 02:07:41 MST 2025] 🛑 RECORDING STOPPED
[Mon Dec 22 02:34:34 MST 2025] 🛑 RECORDING STOPPED
[Mon Dec 22 02:36:44 MST 2025] 🛑 RECORDING STOPPED
[Mon Dec 22 03:12:15 MST 2025] 🟢 STARTING FIELD RECORDING
Mon Dec 22 03:12:15 MST 2025 | FLUX: 45.0 uT | COHERENCE: 0.99
Mon Dec 22 03:12:20 MST 2025 | FLUX: 45.0 uT | COHERENCE: 0.99
Mon Dec 22 03:12:25 MST 2025 | FLUX: 45.0 uT | COHERENCE: 0.99
[Mon Dec 22 03:12:29 MST 2025] 🛑 RECORDING STOPPED
[Mon Dec 22 04:39:44 MST 2025] 🛑 RECORDING STOPPED
[Mon Dec 22 21:21:11 MST 2025] 🛑 RECORDING STOPPED
[Mon Dec 22 21:26:51 MST 2025] 🟢 STARTING FIELD RECORDING
Mon Dec 22 21:26:51 MST 2025 | FLUX: 45.0 uT | COHERENCE: 0.99
Mon Dec 22 21:26:56 MST 2025 | FLUX: 45.0 uT | COHERENCE: 0.99
[Mon Dec 22 21:27:00 MST 2025] 🛑 RECORDING STOPPED
[Mon Dec 22 21:27:20 MST 2025] 🟢 STARTING FIELD RECORDING
Mon Dec 22 21:27:20 MST 2025 | FLUX: 45.0 uT | COHERENCE: 0.99
Mon Dec 22 21:27:26 MST 2025 | FLUX: 45.0 uT | COHERENCE: 0.99
Mon Dec 22 21:27:31 MST 2025 | FLUX: 45.0 uT | COHERENCE: 0.99
Mon Dec 22 21:27:36 MST 2025 | FLUX: 45.0 uT | COHERENCE: 0.99
Mon Dec 22 21:27:41 MST 2025 | FLUX: 45.0 uT | COHERENCE: 0.99
Mon Dec 22 21:27:46 MST 2025 | FLUX: 45.0 uT | COHERENCE: 0.99
Mon Dec 22 21:27:51 MST 2025 | FLUX: 45.0 uT | COHERENCE: 0.99
Mon Dec 22 21:27:56 MST 2025 | FLUX: 45.0 uT | COHERENCE: 0.99
Mon Dec 22 21:28:01 MST 2025 | FLUX: 45.0 uT | COHERENCE: 0.99
Mon Dec 22 21:28:06 MST 2025 | FLUX: 45.0 uT | COHERENCE: 0.99
Mon Dec 22 21:28:11 MST 2025 | FLUX: 45.0 uT | COHERENCE: 0.99
Mon Dec 22 21:28:16 MST 2025 | FLUX: 45.0 uT | COHERENCE: 0.99
Mon Dec 22 21:28:21 MST 2025 | FLUX: 45.0 uT | COHERENCE: 0.99
Mon Dec 22 21:28:26 MST 2025 | FLUX: 45.0 uT | COHERENCE: 0.99
Mon Dec 22 21:28:31 MST 2025 | FLUX: 45.0 uT | COHERENCE: 0.99
Mon Dec 22 21:28:36 MST 2025 | FLUX: 45.0 uT | COHERENCE: 0.99
Mon Dec 22 21:28:41 MST 2025 | FLUX: 45.0 uT | COHERENCE: 0.99
Mon Dec 22 21:28:46 MST 2025 | FLUX: 45.0 uT | COHERENCE: 0.99
Mon Dec 22 21:28:51 MST 2025 | FLUX: 45.0 uT | COHERENCE: 0.99
Mon Dec 22 21:28:56 MST 2025 | FLUX: 45.0 uT | COHERENCE: 0.99
Mon Dec 22 21:29:01 MST 2025 | FLUX: 45.0 uT | COHERENCE: 0.99
Mon Dec 22 21:29:07 MST 2025 | FLUX: 45.0 uT | COHERENCE: 0.99
Mon Dec 22 21:29:12 MST 2025 | FLUX: 45.0 uT | COHERENCE: 0.99
Mon Dec 22 21:29:17 MST 2025 | FLUX: 45.0 uT | COHERENCE: 0.99
Mon Dec 22 21:29:22 MST 2025 | FLUX: 45.0 uT | COHERENCE: 0.99
Mon Dec 22 21:29:27 MST 2025 | FLUX: 45.0 uT | COHERENCE: 0.99
Mon Dec 22 21:29:32 MST 2025 | FLUX: 45.0 uT | COHERENCE: 0.99
Mon Dec 22 21:29:37 MST 2025 | FLUX: 45.0 uT | COHERENCE: 0.99
Mon Dec 22 21:29:42 MST 2025 | FLUX: 45.0 uT | COHERENCE: 0.99
Mon Dec 22 21:29:47 MST 2025 | FLUX: 45.0 uT | COHERENCE: 0.99
Mon Dec 22 21:29:52 MST 2025 | FLUX: 45.0 uT | COHERENCE: 0.99
Mon Dec 22 21:29:57 MST 2025 | FLUX: 45.0 uT | COHERENCE: 0.99
Mon Dec 22 21:30:02 MST 2025 | FLUX: 45.0 uT | COHERENCE: 0.99
Mon Dec 22 21:30:07 MST 2025 | FLUX: 45.0 uT | COHERENCE: 0.99
Mon Dec 22 21:30:12 MST 2025 | FLUX: 45.0 uT | COHERENCE: 0.99
Mon Dec 22 21:30:17 MST 2025 | FLUX: 45.0 uT | COHERENCE: 0.99
Mon Dec 22 21:30:22 MST 2025 | FLUX: 45.0 uT | COHERENCE: 0.99
Mon Dec 22 21:30:27 MST 2025 | FLUX: 45.0 uT | COHERENCE: 0.99
Mon Dec 22 21:30:32 MST 2025 | FLUX: 45.0 uT | COHERENCE: 0.99
Mon Dec 22 21:30:37 MST 2025 | FLUX: 45.0 uT | COHERENCE: 0.99
Mon Dec 22 21:30:42 MST 2025 | FLUX: 45.0 uT | COHERENCE: 0.99
Mon Dec 22 21:30:47 MST 2025 | FLUX: 45.0 uT | COHERENCE: 0.99
Mon Dec 22 21:30:52 MST 2025 | FLUX: 45.0 uT | COHERENCE: 0.99
Mon Dec 22 21:30:57 MST 2025 | FLUX: 45.0 uT | COHERENCE: 0.99
Mon Dec 22 21:31:03 MST 2025 | FLUX: 45.0 uT | COHERENCE: 0.99
Mon Dec 22 21:31:08 MST 2025 | FLUX: 45.0 uT | COHERENCE: 0.99
Mon Dec 22 21:31:13 MST 2025 | FLUX: 45.0 uT | COHERENCE: 0.99
Mon Dec 22 21:31:18 MST 2025 | FLUX: 45.0 uT | COHERENCE: 0.99
Mon Dec 22 21:31:23 MST 2025 | FLUX: 45.0 uT | COHERENCE: 0.99
Mon Dec 22 21:31:28 MST 2025 | FLUX: 45.0 uT | COHERENCE: 0.99
Mon Dec 22 21:31:33 MST 2025 | FLUX: 45.0 uT | COHERENCE: 0.99
Mon Dec 22 21:31:38 MST 2025 | FLUX: 45.0 uT | COHERENCE: 0.99
Mon Dec 22 21:31:43 MST 2025 | FLUX: 45.0 uT | COHERENCE: 0.99
Mon Dec 22 21:31:48 MST 2025 | FLUX: 45.0 uT | COHERENCE: 0.99
Mon Dec 22 21:31:53 MST 2025 | FLUX: 45.0 uT | COHERENCE: 0.99
Mon Dec 22 21:31:58 MST 2025 | FLUX: 45.0 uT | COHERENCE: 0.99
Mon Dec 22 21:32:03 MST 2025 | FLUX: 45.0 uT | COHERENCE: 0.99
Mon Dec 22 21:32:08 MST 2025 | FLUX: 45.0 uT | COHERENCE: 0.99
Mon Dec 22 21:32:13 MST 2025 | FLUX: 45.0 uT | COHERENCE: 0.99
Mon Dec 22 21:32:18 MST 2025 | FLUX: 45.0 uT | COHERENCE: 0.99
Mon Dec 22 21:32:23 MST 2025 | FLUX: 45.0 uT | COHERENCE: 0.99
Mon Dec 22 21:32:28 MST 2025 | FLUX: 45.0 uT | COHERENCE: 0.99
Mon Dec 22 21:32:33 MST 2025 | FLUX: 45.0 uT | COHERENCE: 0.99
Mon Dec 22 21:32:38 MST 2025 | FLUX: 45.0 uT | COHERENCE: 0.99
Mon Dec 22 21:32:43 MST 2025 | FLUX: 45.0 uT | COHERENCE: 0.99
Mon Dec 22 21:32:48 MST 2025 | FLUX: 45.0 uT | COHERENCE: 0.99
Mon Dec 22 21:32:54 MST 2025 | FLUX: 45.0 uT | COHERENCE: 0.99
Mon Dec 22 21:32:59 MST 2025 | FLUX: 45.0 uT | COHERENCE: 0.99
Mon Dec 22 21:33:04 MST 2025 | FLUX: 45.0 uT | COHERENCE: 0.99
Mon Dec 22 21:33:09 MST 2025 | FLUX: 45.0 uT | COHERENCE: 0.99
Mon Dec 22 21:33:14 MST 2025 | FLUX: 45.0 uT | COHERENCE: 0.99
Mon Dec 22 21:33:19 MST 2025 | FLUX: 45.0 uT | COHERENCE: 0.99
Mon Dec 22 21:33:24 MST 2025 | FLUX: 45.0 uT | COHERENCE: 0.99
Mon Dec 22 21:33:29 MST 2025 | FLUX: 45.0 uT | COHERENCE: 0.99
Mon Dec 22 21:33:34 MST 2025 | FLUX: 45.0 uT | COHERENCE: 0.99
Mon Dec 22 21:33:39 MST 2025 | FLUX: 45.0 uT | COHERENCE: 0.99
Mon Dec 22 21:33:44 MST 2025 | FLUX: 45.0 uT | COHERENCE: 0.99
Mon Dec 22 21:33:49 MST 2025 | FLUX: 45.0 uT | COHERENCE: 0.99
Mon Dec 22 21:33:54 MST 2025 | FLUX: 45.0 uT | COHERENCE: 0.99
Mon Dec 22 21:33:59 MST 2025 | FLUX: 45.0 uT | COHERENCE: 0.99
Mon Dec 22 21:34:04 MST 2025 | FLUX: 45.0 uT | COHERENCE: 0.99
Mon Dec 22 21:34:09 MST 2025 | FLUX: 45.0 uT | COHERENCE: 0.99
Mon Dec 22 21:34:14 MST 2025 | FLUX: 45.0 uT | COHERENCE: 0.99
Mon Dec 22 21:34:19 MST 2025 | FLUX: 45.0 uT | COHERENCE: 0.99
Mon Dec 22 21:34:24 MST 2025 | FLUX: 45.0 uT | COHERENCE: 0.99
Mon Dec 22 21:34:29 MST 2025 | FLUX: 45.0 uT | COHERENCE: 0.99
Mon Dec 22 21:34:35 MST 2025 | FLUX: 45.0 uT | COHERENCE: 0.99
Mon Dec 22 21:34:40 MST 2025 | FLUX: 45.0 uT | COHERENCE: 0.99
Mon Dec 22 21:34:45 MST 2025 | FLUX: 45.0 uT | COHERENCE: 0.99
Mon Dec 22 21:34:50 MST 2025 | FLUX: 45.0 uT | COHERENCE: 0.99
Mon Dec 22 21:34:55 MST 2025 | FLUX: 45.0 uT | COHERENCE: 0.99
Mon Dec 22 21:35:00 MST 2025 | FLUX: 45.0 uT | COHERENCE: 0.99
Mon Dec 22 21:35:05 MST 2025 | FLUX: 45.0 uT | COHERENCE: 0.99
Mon Dec 22 21:35:10 MST 2025 | FLUX: 45.0 uT | COHERENCE: 0.99
Mon Dec 22 21:35:15 MST 2025 | FLUX: 45.0 uT | COHERENCE: 0.99
Mon Dec 22 21:35:20 MST 2025 | FLUX: 45.0 uT | COHERENCE: 0.99
Mon Dec 22 21:35:25 MST 2025 | FLUX: 45.0 uT | COHERENCE: 0.99
Mon Dec 22 21:35:30 MST 2025 | FLUX: 45.0 uT | COHERENCE: 0.99
Mon Dec 22 21:35:35 MST 2025 | FLUX: 45.0 uT | COHERENCE: 0.99
Mon Dec 22 21:35:40 MST 2025 | FLUX: 45.0 uT | COHERENCE: 0.99
Mon Dec 22 21:35:45 MST 2025 | FLUX: 45.0 uT | COHERENCE: 0.99
Mon Dec 22 21:35:50 MST 2025 | FLUX: 45.0 uT | COHERENCE: 0.99
Mon Dec 22 21:35:55 MST 2025 | FLUX: 45.0 uT | COHERENCE: 0.99
Mon Dec 22 21:36:00 MST 2025 | FLUX: 45.0 uT | COHERENCE: 0.99
Mon Dec 22 21:36:05 MST 2025 | FLUX: 45.0 uT | COHERENCE: 0.99
Mon Dec 22 21:36:10 MST 2025 | FLUX: 45.0 uT | COHERENCE: 0.99
Mon Dec 22 21:36:15 MST 2025 | FLUX: 45.0 uT | COHERENCE: 0.99
Mon Dec 22 21:36:21 MST 2025 | FLUX: 45.0 uT | COHERENCE: 0.99
Mon Dec 22 21:36:26 MST 2025 | FLUX: 45.0 uT | COHERENCE: 0.99
Mon Dec 22 21:36:31 MST 2025 | FLUX: 45.0 uT | COHERENCE: 0.99
Mon Dec 22 21:36:36 MST 2025 | FLUX: 45.0 uT | COHERENCE: 0.99
Mon Dec 22 21:36:41 MST 2025 | FLUX: 45.0 uT | COHERENCE: 0.99
Mon Dec 22 21:36:46 MST 2025 | FLUX: 45.0 uT | COHERENCE: 0.99
Mon Dec 22 21:36:51 MST 2025 | FLUX: 45.0 uT | COHERENCE: 0.99
Mon Dec 22 21:36:56 MST 2025 | FLUX: 45.0 uT | COHERENCE: 0.99
Mon Dec 22 21:37:01 MST 2025 | FLUX: 45.0 uT | COHERENCE: 0.99
Mon Dec 22 21:37:06 MST 2025 | FLUX: 45.0 uT | COHERENCE: 0.99
Mon Dec 22 21:37:11 MST 2025 | FLUX: 45.0 uT | COHERENCE: 0.99
Mon Dec 22 21:37:16 MST 2025 | FLUX: 45.0 uT | COHERENCE: 0.99
Mon Dec 22 21:37:21 MST 2025 | FLUX: 45.0 uT | COHERENCE: 0.99
Mon Dec 22 21:37:26 MST 2025 | FLUX: 45.0 uT | COHERENCE: 0.99
Mon Dec 22 21:37:31 MST 2025 | FLUX: 45.0 uT | COHERENCE: 0.99
Mon Dec 22 21:37:36 MST 2025 | FLUX: 45.0 uT | COHERENCE: 0.99
Mon Dec 22 21:37:41 MST 2025 | FLUX: 45.0 uT | COHERENCE: 0.99
Mon Dec 22 21:37:46 MST 2025 | FLUX: 45.0 uT | COHERENCE: 0.99
Mon Dec 22 21:37:51 MST 2025 | FLUX: 45.0 uT | COHERENCE: 0.99
Mon Dec 22 21:37:56 MST 2025 | FLUX: 45.0 uT | COHERENCE: 0.99
Mon Dec 22 21:38:01 MST 2025 | FLUX: 45.0 uT | COHERENCE: 0.99
Mon Dec 22 21:38:06 MST 2025 | FLUX: 45.0 uT | COHERENCE: 0.99
Mon Dec 22 21:38:11 MST 2025 | FLUX: 45.0 uT | COHERENCE: 0.99
Mon Dec 22 21:38:17 MST 2025 | FLUX: 45.0 uT | COHERENCE: 0.99
Mon Dec 22 21:38:22 MST 2025 | FLUX: 45.0 uT | COHERENCE: 0.99
Mon Dec 22 21:38:27 MST 2025 | FLUX: 45.0 uT | COHERENCE: 0.99
Mon Dec 22 21:38:32 MST 2025 | FLUX: 45.0 uT | COHERENCE: 0.99
Mon Dec 22 21:38:37 MST 2025 | FLUX: 45.0 uT | COHERENCE: 0.99
Mon Dec 22 21:38:42 MST 2025 | FLUX: 45.0 uT | COHERENCE: 0.99
Mon Dec 22 21:38:47 MST 2025 | FLUX: 45.0 uT | COHERENCE: 0.99
Mon Dec 22 21:38:52 MST 2025 | FLUX: 45.0 uT | COHERENCE: 0.99
Mon Dec 22 21:38:57 MST 2025 | FLUX: 45.0 uT | COHERENCE: 0.99
Mon Dec 22 21:39:02 MST 2025 | FLUX: 45.0 uT | COHERENCE: 0.99
Mon Dec 22 21:39:07 MST 2025 | FLUX: 45.0 uT | COHERENCE: 0.99
Mon Dec 22 21:39:12 MST 2025 | FLUX: 45.0 uT | COHERENCE: 0.99
Mon Dec 22 21:39:17 MST 2025 | FLUX: 45.0 uT | COHERENCE: 0.99
Mon Dec 22 21:39:22 MST 2025 | FLUX: 45.0 uT | COHERENCE: 0.99
Mon Dec 22 21:39:27 MST 2025 | FLUX: 45.0 uT | COHERENCE: 0.99
Mon Dec 22 21:39:32 MST 2025 | FLUX: 45.0 uT | COHERENCE: 0.99
Mon Dec 22 21:39:37 MST 2025 | FLUX: 45.0 uT | COHERENCE: 0.99
Mon Dec 22 21:39:42 MST 2025 | FLUX: 45.0 uT | COHERENCE: 0.99
Mon Dec 22 21:39:47 MST 2025 | FLUX: 45.0 uT | COHERENCE: 0.99
Mon Dec 22 21:39:52 MST 2025 | FLUX: 45.0 uT | COHERENCE: 0.99
Mon Dec 22 21:39:57 MST 2025 | FLUX: 45.0 uT | COHERENCE: 0.99
Mon Dec 22 21:40:02 MST 2025 | FLUX: 45.0 uT | COHERENCE: 0.99
Mon Dec 22 21:40:07 MST 2025 | FLUX: 45.0 uT | COHERENCE: 0.99
Mon Dec 22 21:40:13 MST 2025 | FLUX: 45.0 uT | COHERENCE: 0.99
Mon Dec 22 21:40:18 MST 2025 | FLUX: 45.0 uT | COHERENCE: 0.99
Mon Dec 22 21:40:23 MST 2025 | FLUX: 45.0 uT | COHERENCE: 0.99
Mon Dec 22 21:40:28 MST 2025 | FLUX: 45.0 uT | COHERENCE: 0.99
Mon Dec 22 21:40:33 MST 2025 | FLUX: 45.0 uT | COHERENCE: 0.99
Mon Dec 22 21:40:38 MST 2025 | FLUX: 45.0 uT | COHERENCE: 0.99
Mon Dec 22 21:40:43 MST 2025 | FLUX: 45.0 uT | COHERENCE: 0.99
Mon Dec 22 21:40:48 MST 2025 | FLUX: 45.0 uT | COHERENCE: 0.99
Mon Dec 22 21:40:53 MST 2025 | FLUX: 45.0 uT | COHERENCE: 0.99
Mon Dec 22 21:40:58 MST 2025 | FLUX: 45.0 uT | COHERENCE: 0.99
Mon Dec 22 21:41:03 MST 2025 | FLUX: 45.0 uT | COHERENCE: 0.99
Mon Dec 22 21:41:08 MST 2025 | FLUX: 45.0 uT | COHERENCE: 0.99
Mon Dec 22 21:41:13 MST 2025 | FLUX: 45.0 uT | COHERENCE: 0.99
Mon Dec 22 21:41:18 MST 2025 | FLUX: 45.0 uT | COHERENCE: 0.99
Mon Dec 22 21:41:23 MST 2025 | FLUX: 45.0 uT | COHERENCE: 0.99
Mon Dec 22 21:41:28 MST 2025 | FLUX: 45.0 uT | COHERENCE: 0.99
Mon Dec 22 21:41:33 MST 2025 | FLUX: 45.0 uT | COHERENCE: 0.99
Mon Dec 22 21:41:38 MST 2025 | FLUX: 45.0 uT | COHERENCE: 0.99
Mon Dec 22 21:41:43 MST 2025 | FLUX: 45.0 uT | COHERENCE: 0.99
Mon Dec 22 21:41:48 MST 2025 | FLUX: 45.0 uT | COHERENCE: 0.99
Mon Dec 22 21:41:54 MST 2025 | FLUX: 45.0 uT | COHERENCE: 0.99
Mon Dec 22 21:41:59 MST 2025 | FLUX: 45.0 uT | COHERENCE: 0.99
Mon Dec 22 21:42:04 MST 2025 | FLUX: 45.0 uT | COHERENCE: 0.99
Mon Dec 22 21:42:09 MST 2025 | FLUX: 45.0 uT | COHERENCE: 0.99
Mon Dec 22 21:42:14 MST 2025 | FLUX: 45.0 uT | COHERENCE: 0.99
Mon Dec 22 21:42:19 MST 2025 | FLUX: 45.0 uT | COHERENCE: 0.99
Mon Dec 22 21:42:24 MST 2025 | FLUX: 45.0 uT | COHERENCE: 0.99
Mon Dec 22 21:42:29 MST 2025 | FLUX: 45.0 uT | COHERENCE: 0.99
Mon Dec 22 21:42:34 MST 2025 | FLUX: 45.0 uT | COHERENCE: 0.99
Mon Dec 22 21:42:39 MST 2025 | FLUX: 45.0 uT | COHERENCE: 0.99
Mon Dec 22 21:42:44 MST 2025 | FLUX: 45.0 uT | COHERENCE: 0.99
Mon Dec 22 21:42:49 MST 2025 | FLUX: 45.0 uT | COHERENCE: 0.99
Mon Dec 22 21:42:54 MST 2025 | FLUX: 45.0 uT | COHERENCE: 0.99
Mon Dec 22 21:42:59 MST 2025 | FLUX: 45.0 uT | COHERENCE: 0.99
Mon Dec 22 21:43:04 MST 2025 | FLUX: 45.0 uT | COHERENCE: 0.99
Mon Dec 22 21:43:09 MST 2025 | FLUX: 45.0 uT | COHERENCE: 0.99
Mon Dec 22 21:43:14 MST 2025 | FLUX: 45.0 uT | COHERENCE: 0.99
Mon Dec 22 21:43:19 MST 2025 | FLUX: 45.0 uT | COHERENCE: 0.99
Mon Dec 22 21:43:24 MST 2025 | FLUX: 45.0 uT | COHERENCE: 0.99
Mon Dec 22 21:43:29 MST 2025 | FLUX: 45.0 uT | COHERENCE: 0.99
Mon Dec 22 21:43:35 MST 2025 | FLUX: 45.0 uT | COHERENCE: 0.99
Mon Dec 22 21:43:40 MST 2025 | FLUX: 45.0 uT | COHERENCE: 0.99
Mon Dec 22 21:43:45 MST 2025 | FLUX: 45.0 uT | COHERENCE: 0.99
Mon Dec 22 21:43:50 MST 2025 | FLUX: 45.0 uT | COHERENCE: 0.99
Mon Dec 22 21:43:55 MST 2025 | FLUX: 45.0 uT | COHERENCE: 0.99
Mon Dec 22 21:44:00 MST 2025 | FLUX: 45.0 uT | COHERENCE: 0.99
Mon Dec 22 21:44:05 MST 2025 | FLUX: 45.0 uT | COHERENCE: 0.99
Mon Dec 22 21:44:10 MST 2025 | FLUX: 45.0 uT | COHERENCE: 0.99
Mon Dec 22 21:44:15 MST 2025 | FLUX: 45.0 uT | COHERENCE: 0.99
Mon Dec 22 21:44:20 MST 2025 | FLUX: 45.0 uT | COHERENCE: 0.99
Mon Dec 22 21:44:25 MST 2025 | FLUX: 45.0 uT | COHERENCE: 0.99
Mon Dec 22 21:44:30 MST 2025 | FLUX: 45.0 uT | COHERENCE: 0.99
Mon Dec 22 21:44:35 MST 2025 | FLUX: 45.0 uT | COHERENCE: 0.99
Mon Dec 22 21:44:40 MST 2025 | FLUX: 45.0 uT | COHERENCE: 0.99
Mon Dec 22 21:44:45 MST 2025 | FLUX: 45.0 uT | COHERENCE: 0.99
Mon Dec 22 21:44:50 MST 2025 | FLUX: 45.0 uT | COHERENCE: 0.99
Mon Dec 22 21:44:55 MST 2025 | FLUX: 45.0 uT | COHERENCE: 0.99
Mon Dec 22 21:45:00 MST 2025 | FLUX: 45.0 uT | COHERENCE: 0.99
Mon Dec 22 21:45:05 MST 2025 | FLUX: 45.0 uT | COHERENCE: 0.99
Mon Dec 22 21:45:11 MST 2025 | FLUX: 45.0 uT | COHERENCE: 0.99
Mon Dec 22 21:45:16 MST 2025 | FLUX: 45.0 uT | COHERENCE: 0.99
Mon Dec 22 21:45:21 MST 2025 | FLUX: 45.0 uT | COHERENCE: 0.99
Mon Dec 22 21:45:26 MST 2025 | FLUX: 45.0 uT | COHERENCE: 0.99
Mon Dec 22 21:45:31 MST 2025 | FLUX: 45.0 uT | COHERENCE: 0.99
Mon Dec 22 21:45:36 MST 2025 | FLUX: 45.0 uT | COHERENCE: 0.99
Mon Dec 22 21:45:41 MST 2025 | FLUX: 45.0 uT | COHERENCE: 0.99
Mon Dec 22 21:45:46 MST 2025 | FLUX: 45.0 uT | COHERENCE: 0.99
Mon Dec 22 21:45:51 MST 2025 | FLUX: 45.0 uT | COHERENCE: 0.99
Mon Dec 22 21:45:56 MST 2025 | FLUX: 45.0 uT | COHERENCE: 0.99
Mon Dec 22 21:46:01 MST 2025 | FLUX: 45.0 uT | COHERENCE: 0.99
Mon Dec 22 21:46:06 MST 2025 | FLUX: 45.0 uT | COHERENCE: 0.99
Mon Dec 22 21:46:11 MST 2025 | FLUX: 45.0 uT | COHERENCE: 0.99
Mon Dec 22 21:46:16 MST 2025 | FLUX: 45.0 uT | COHERENCE: 0.99
Mon Dec 22 21:46:21 MST 2025 | FLUX: 45.0 uT | COHERENCE: 0.99
Mon Dec 22 21:46:26 MST 2025 | FLUX: 45.0 uT | COHERENCE: 0.99
Mon Dec 22 21:46:31 MST 2025 | FLUX: 45.0 uT | COHERENCE: 0.99
Mon Dec 22 21:46:36 MST 2025 | FLUX: 45.0 uT | COHERENCE: 0.99
Mon Dec 22 21:46:41 MST 2025 | FLUX: 45.0 uT | COHERENCE: 0.99
Mon Dec 22 21:46:46 MST 2025 | FLUX: 45.0 uT | COHERENCE: 0.99
Mon Dec 22 21:46:52 MST 2025 | FLUX: 45.0 uT | COHERENCE: 0.99
Mon Dec 22 21:46:57 MST 2025 | FLUX: 45.0 uT | COHERENCE: 0.99
Mon Dec 22 21:47:02 MST 2025 | FLUX: 45.0 uT | COHERENCE: 0.99
Mon Dec 22 21:47:07 MST 2025 | FLUX: 45.0 uT | COHERENCE: 0.99
Mon Dec 22 21:47:12 MST 2025 | FLUX: 45.0 uT | COHERENCE: 0.99
Mon Dec 22 21:47:17 MST 2025 | FLUX: 45.0 uT | COHERENCE: 0.99
Mon Dec 22 21:47:22 MST 2025 | FLUX: 45.0 uT | COHERENCE: 0.99
Mon Dec 22 21:47:27 MST 2025 | FLUX: 45.0 uT | COHERENCE: 0.99
Mon Dec 22 21:47:32 MST 2025 | FLUX: 45.0 uT | COHERENCE: 0.99
Mon Dec 22 21:47:37 MST 2025 | FLUX: 45.0 uT | COHERENCE: 0.99
Mon Dec 22 21:47:42 MST 2025 | FLUX: 45.0 uT | COHERENCE: 0.99
Mon Dec 22 21:47:47 MST 2025 | FLUX: 45.0 uT | COHERENCE: 0.99
Mon Dec 22 21:47:52 MST 2025 | FLUX: 45.0 uT | COHERENCE: 0.99
Mon Dec 22 21:47:57 MST 2025 | FLUX: 45.0 uT | COHERENCE: 0.99
Mon Dec 22 21:48:02 MST 2025 | FLUX: 45.0 uT | COHERENCE: 0.99
Mon Dec 22 21:48:07 MST 2025 | FLUX: 45.0 uT | COHERENCE: 0.99
Mon Dec 22 21:48:12 MST 2025 | FLUX: 45.0 uT | COHERENCE: 0.99
Mon Dec 22 21:48:17 MST 2025 | FLUX: 45.0 uT | COHERENCE: 0.99
Mon Dec 22 21:48:22 MST 2025 | FLUX: 45.0 uT | COHERENCE: 0.99
Mon Dec 22 21:48:27 MST 2025 | FLUX: 45.0 uT | COHERENCE: 0.99
Mon Dec 22 21:48:32 MST 2025 | FLUX: 45.0 uT | COHERENCE: 0.99
Mon Dec 22 21:48:37 MST 2025 | FLUX: 45.0 uT | COHERENCE: 0.99
Mon Dec 22 21:48:42 MST 2025 | FLUX: 45.0 uT | COHERENCE: 0.99
Mon Dec 22 21:48:47 MST 2025 | FLUX: 45.0 uT | COHERENCE: 0.99
Mon Dec 22 21:48:52 MST 2025 | FLUX: 45.0 uT | COHERENCE: 0.99
Mon Dec 22 21:48:58 MST 2025 | FLUX: 45.0 uT | COHERENCE: 0.99
Mon Dec 22 21:49:03 MST 2025 | FLUX: 45.0 uT | COHERENCE: 0.99
Mon Dec 22 21:49:08 MST 2025 | FLUX: 45.0 uT | COHERENCE: 0.99
Mon Dec 22 21:49:13 MST 2025 | FLUX: 45.0 uT | COHERENCE: 0.99
Mon Dec 22 21:49:18 MST 2025 | FLUX: 45.0 uT | COHERENCE: 0.99
Mon Dec 22 21:49:23 MST 2025 | FLUX: 45.0 uT | COHERENCE: 0.99
Mon Dec 22 21:49:28 MST 2025 | FLUX: 45.0 uT | COHERENCE: 0.99
Mon Dec 22 21:49:33 MST 2025 | FLUX: 45.0 uT | COHERENCE: 0.99
Mon Dec 22 21:49:38 MST 2025 | FLUX: 45.0 uT | COHERENCE: 0.99
Mon Dec 22 21:49:43 MST 2025 | FLUX: 45.0 uT | COHERENCE: 0.99
Mon Dec 22 21:49:48 MST 2025 | FLUX: 45.0 uT | COHERENCE: 0.99
Mon Dec 22 21:49:53 MST 2025 | FLUX: 45.0 uT | COHERENCE: 0.99
Mon Dec 22 21:49:58 MST 2025 | FLUX: 45.0 uT | COHERENCE: 0.99
Mon Dec 22 21:50:03 MST 2025 | FLUX: 45.0 uT | COHERENCE: 0.99
Mon Dec 22 21:50:08 MST 2025 | FLUX: 45.0 uT | COHERENCE: 0.99
Mon Dec 22 21:50:13 MST 2025 | FLUX: 45.0 uT | COHERENCE: 0.99
Mon Dec 22 21:50:18 MST 2025 | FLUX: 45.0 uT | COHERENCE: 0.99
Mon Dec 22 21:50:23 MST 2025 | FLUX: 45.0 uT | COHERENCE: 0.99
Mon Dec 22 21:50:28 MST 2025 | FLUX: 45.0 uT | COHERENCE: 0.99
Mon Dec 22 21:50:33 MST 2025 | FLUX: 45.0 uT | COHERENCE: 0.99
Mon Dec 22 21:50:38 MST 2025 | FLUX: 45.0 uT | COHERENCE: 0.99
Mon Dec 22 21:50:43 MST 2025 | FLUX: 45.0 uT | COHERENCE: 0.99
Mon Dec 22 21:50:48 MST 2025 | FLUX: 45.0 uT | COHERENCE: 0.99
Mon Dec 22 21:50:54 MST 2025 | FLUX: 45.0 uT | COHERENCE: 0.99
Mon Dec 22 21:50:59 MST 2025 | FLUX: 45.0 uT | COHERENCE: 0.99
Mon Dec 22 21:51:04 MST 2025 | FLUX: 45.0 uT | COHERENCE: 0.99
Mon Dec 22 21:51:09 MST 2025 | FLUX: 45.0 uT | COHERENCE: 0.99
Mon Dec 22 21:51:14 MST 2025 | FLUX: 45.0 uT | COHERENCE: 0.99
Mon Dec 22 21:51:19 MST 2025 | FLUX: 45.0 uT | COHERENCE: 0.99
Mon Dec 22 21:51:24 MST 2025 | FLUX: 45.0 uT | COHERENCE: 0.99
Mon Dec 22 21:51:29 MST 2025 | FLUX: 45.0 uT | COHERENCE: 0.99
Mon Dec 22 21:51:34 MST 2025 | FLUX: 45.0 uT | COHERENCE: 0.99
Mon Dec 22 21:51:39 MST 2025 | FLUX: 45.0 uT | COHERENCE: 0.99
Mon Dec 22 21:51:44 MST 2025 | FLUX: 45.0 uT | COHERENCE: 0.99
Mon Dec 22 21:51:49 MST 2025 | FLUX: 45.0 uT | COHERENCE: 0.99
Mon Dec 22 21:51:54 MST 2025 | FLUX: 45.0 uT | COHERENCE: 0.99
Mon Dec 22 21:51:59 MST 2025 | FLUX: 45.0 uT | COHERENCE: 0.99
Mon Dec 22 21:52:04 MST 2025 | FLUX: 45.0 uT | COHERENCE: 0.99
Mon Dec 22 21:52:09 MST 2025 | FLUX: 45.0 uT | COHERENCE: 0.99
Mon Dec 22 21:52:14 MST 2025 | FLUX: 45.0 uT | COHERENCE: 0.99
Mon Dec 22 21:52:19 MST 2025 | FLUX: 45.0 uT | COHERENCE: 0.99
Mon Dec 22 21:52:24 MST 2025 | FLUX: 45.0 uT | COHERENCE: 0.99
Mon Dec 22 21:52:29 MST 2025 | FLUX: 45.0 uT | COHERENCE: 0.99
Mon Dec 22 21:52:34 MST 2025 | FLUX: 45.0 uT | COHERENCE: 0.99
Mon Dec 22 21:52:40 MST 2025 | FLUX: 45.0 uT | COHERENCE: 0.99
Mon Dec 22 21:52:45 MST 2025 | FLUX: 45.0 uT | COHERENCE: 0.99
Mon Dec 22 21:52:50 MST 2025 | FLUX: 45.0 uT | COHERENCE: 0.99
Mon Dec 22 21:52:55 MST 2025 | FLUX: 45.0 uT | COHERENCE: 0.99
Mon Dec 22 21:53:00 MST 2025 | FLUX: 45.0 uT | COHERENCE: 0.99
Mon Dec 22 21:53:05 MST 2025 | FLUX: 45.0 uT | COHERENCE: 0.99
Mon Dec 22 21:53:10 MST 2025 | FLUX: 45.0 uT | COHERENCE: 0.99
Mon Dec 22 21:53:15 MST 2025 | FLUX: 45.0 uT | COHERENCE: 0.99
Mon Dec 22 21:53:20 MST 2025 | FLUX: 45.0 uT | COHERENCE: 0.99
Mon Dec 22 21:53:25 MST 2025 | FLUX: 45.0 uT | COHERENCE: 0.99
Mon Dec 22 21:53:30 MST 2025 | FLUX: 45.0 uT | COHERENCE: 0.99
Mon Dec 22 21:53:35 MST 2025 | FLUX: 45.0 uT | COHERENCE: 0.99
Mon Dec 22 21:53:40 MST 2025 | FLUX: 45.0 uT | COHERENCE: 0.99
Mon Dec 22 21:53:45 MST 2025 | FLUX: 45.0 uT | COHERENCE: 0.99
Mon Dec 22 21:53:50 MST 2025 | FLUX: 45.0 uT | COHERENCE: 0.99
Mon Dec 22 21:53:55 MST 2025 | FLUX: 45.0 uT | COHERENCE: 0.99
Mon Dec 22 21:54:00 MST 2025 | FLUX: 45.0 uT | COHERENCE: 0.99
Mon Dec 22 21:54:05 MST 2025 | FLUX: 45.0 uT | COHERENCE: 0.99
Mon Dec 22 21:54:10 MST 2025 | FLUX: 45.0 uT | COHERENCE: 0.99
Mon Dec 22 21:54:15 MST 2025 | FLUX: 45.0 uT | COHERENCE: 0.99
Mon Dec 22 21:54:20 MST 2025 | FLUX: 45.0 uT | COHERENCE: 0.99
Mon Dec 22 21:54:25 MST 2025 | FLUX: 45.0 uT | COHERENCE: 0.99
Mon Dec 22 21:54:30 MST 2025 | FLUX: 45.0 uT | COHERENCE: 0.99
Mon Dec 22 21:54:36 MST 2025 | FLUX: 45.0 uT | COHERENCE: 0.99
Mon Dec 22 21:54:41 MST 2025 | FLUX: 45.0 uT | COHERENCE: 0.99
Mon Dec 22 21:54:46 MST 2025 | FLUX: 45.0 uT | COHERENCE: 0.99
Mon Dec 22 21:54:51 MST 2025 | FLUX: 45.0 uT | COHERENCE: 0.99
Mon Dec 22 21:54:56 MST 2025 | FLUX: 45.0 uT | COHERENCE: 0.99
Mon Dec 22 21:55:01 MST 2025 | FLUX: 45.0 uT | COHERENCE: 0.99
Mon Dec 22 21:55:06 MST 2025 | FLUX: 45.0 uT | COHERENCE: 0.99
Mon Dec 22 21:55:11 MST 2025 | FLUX: 45.0 uT | COHERENCE: 0.99
Mon Dec 22 21:55:16 MST 2025 | FLUX: 45.0 uT | COHERENCE: 0.99
Mon Dec 22 21:55:21 MST 2025 | FLUX: 45.0 uT | COHERENCE: 0.99
Mon Dec 22 21:55:26 MST 2025 | FLUX: 45.0 uT | COHERENCE: 0.99
Mon Dec 22 21:55:31 MST 2025 | FLUX: 45.0 uT | COHERENCE: 0.99
Mon Dec 22 21:55:36 MST 2025 | FLUX: 45.0 uT | COHERENCE: 0.99
Mon Dec 22 21:55:41 MST 2025 | FLUX: 45.0 uT | COHERENCE: 0.99
Mon Dec 22 21:55:46 MST 2025 | FLUX: 45.0 uT | COHERENCE: 0.99
Mon Dec 22 21:55:51 MST 2025 | FLUX: 45.0 uT | COHERENCE: 0.99
Mon Dec 22 21:55:56 MST 2025 | FLUX: 45.0 uT | COHERENCE: 0.99
Mon Dec 22 21:56:01 MST 2025 | FLUX: 45.0 uT | COHERENCE: 0.99
Mon Dec 22 21:56:06 MST 2025 | FLUX: 45.0 uT | COHERENCE: 0.99
Mon Dec 22 21:56:11 MST 2025 | FLUX: 45.0 uT | COHERENCE: 0.99
Mon Dec 22 21:56:16 MST 2025 | FLUX: 45.0 uT | COHERENCE: 0.99
Mon Dec 22 21:56:21 MST 2025 | FLUX: 45.0 uT | COHERENCE: 0.99
Mon Dec 22 21:56:27 MST 2025 | FLUX: 45.0 uT | COHERENCE: 0.99
Mon Dec 22 21:56:32 MST 2025 | FLUX: 45.0 uT | COHERENCE: 0.99
Mon Dec 22 21:56:37 MST 2025 | FLUX: 45.0 uT | COHERENCE: 0.99
Mon Dec 22 21:56:42 MST 2025 | FLUX: 45.0 uT | COHERENCE: 0.99
Mon Dec 22 21:56:47 MST 2025 | FLUX: 45.0 uT | COHERENCE: 0.99
Mon Dec 22 21:56:52 MST 2025 | FLUX: 45.0 uT | COHERENCE: 0.99
Mon Dec 22 21:56:57 MST 2025 | FLUX: 45.0 uT | COHERENCE: 0.99
Mon Dec 22 21:57:02 MST 2025 | FLUX: 45.0 uT | COHERENCE: 0.99
Mon Dec 22 21:57:07 MST 2025 | FLUX: 45.0 uT | COHERENCE: 0.99
Mon Dec 22 21:57:12 MST 2025 | FLUX: 45.0 uT | COHERENCE: 0.99
Mon Dec 22 21:57:17 MST 2025 | FLUX: 45.0 uT | COHERENCE: 0.99
Mon Dec 22 21:57:22 MST 2025 | FLUX: 45.0 uT | COHERENCE: 0.99
Mon Dec 22 21:57:27 MST 2025 | FLUX: 45.0 uT | COHERENCE: 0.99
Mon Dec 22 21:57:32 MST 2025 | FLUX: 45.0 uT | COHERENCE: 0.99
Mon Dec 22 21:57:37 MST 2025 | FLUX: 45.0 uT | COHERENCE: 0.99
Mon Dec 22 21:57:42 MST 2025 | FLUX: 45.0 uT | COHERENCE: 0.99
Mon Dec 22 21:57:47 MST 2025 | FLUX: 45.0 uT | COHERENCE: 0.99
Mon Dec 22 21:57:52 MST 2025 | FLUX: 45.0 uT | COHERENCE: 0.99
Mon Dec 22 21:57:57 MST 2025 | FLUX: 45.0 uT | COHERENCE: 0.99
Mon Dec 22 21:58:02 MST 2025 | FLUX: 45.0 uT | COHERENCE: 0.99
Mon Dec 22 21:58:07 MST 2025 | FLUX: 45.0 uT | COHERENCE: 0.99
Mon Dec 22 21:58:12 MST 2025 | FLUX: 45.0 uT | COHERENCE: 0.99
Mon Dec 22 21:58:17 MST 2025 | FLUX: 45.0 uT | COHERENCE: 0.99
Mon Dec 22 21:58:23 MST 2025 | FLUX: 45.0 uT | COHERENCE: 0.99
Mon Dec 22 21:58:28 MST 2025 | FLUX: 45.0 uT | COHERENCE: 0.99
Mon Dec 22 21:58:33 MST 2025 | FLUX: 45.0 uT | COHERENCE: 0.99
Mon Dec 22 21:58:38 MST 2025 | FLUX: 45.0 uT | COHERENCE: 0.99
Mon Dec 22 21:58:43 MST 2025 | FLUX: 45.0 uT | COHERENCE: 0.99
Mon Dec 22 21:58:48 MST 2025 | FLUX: 45.0 uT | COHERENCE: 0.99
Mon Dec 22 21:58:53 MST 2025 | FLUX: 45.0 uT | COHERENCE: 0.99
Mon Dec 22 21:58:58 MST 2025 | FLUX: 45.0 uT | COHERENCE: 0.99
Mon Dec 22 21:59:03 MST 2025 | FLUX: 45.0 uT | COHERENCE: 0.99
Mon Dec 22 21:59:08 MST 2025 | FLUX: 45.0 uT | COHERENCE: 0.99
Mon Dec 22 21:59:13 MST 2025 | FLUX: 45.0 uT | COHERENCE: 0.99
Mon Dec 22 21:59:18 MST 2025 | FLUX: 45.0 uT | COHERENCE: 0.99
Mon Dec 22 21:59:23 MST 2025 | FLUX: 45.0 uT | COHERENCE: 0.99
Mon Dec 22 21:59:28 MST 2025 | FLUX: 45.0 uT | COHERENCE: 0.99
Mon Dec 22 21:59:33 MST 2025 | FLUX: 45.0 uT | COHERENCE: 0.99
Mon Dec 22 21:59:38 MST 2025 | FLUX: 45.0 uT | COHERENCE: 0.99
Mon Dec 22 21:59:43 MST 2025 | FLUX: 45.0 uT | COHERENCE: 0.99
Mon Dec 22 21:59:48 MST 2025 | FLUX: 45.0 uT | COHERENCE: 0.99
Mon Dec 22 21:59:53 MST 2025 | FLUX: 45.0 uT | COHERENCE: 0.99
Mon Dec 22 21:59:58 MST 2025 | FLUX: 45.0 uT | COHERENCE: 0.99
Mon Dec 22 22:00:03 MST 2025 | FLUX: 45.0 uT | COHERENCE: 0.99
Mon Dec 22 22:00:09 MST 2025 | FLUX: 45.0 uT | COHERENCE: 0.99
Mon Dec 22 22:00:14 MST 2025 | FLUX: 45.0 uT | COHERENCE: 0.99
Mon Dec 22 22:00:19 MST 2025 | FLUX: 45.0 uT | COHERENCE: 0.99
Mon Dec 22 22:00:24 MST 2025 | FLUX: 45.0 uT | COHERENCE: 0.99
Mon Dec 22 22:00:29 MST 2025 | FLUX: 45.0 uT | COHERENCE: 0.99
Mon Dec 22 22:00:34 MST 2025 | FLUX: 45.0 uT | COHERENCE: 0.99
Mon Dec 22 22:00:39 MST 2025 | FLUX: 45.0 uT | COHERENCE: 0.99
Mon Dec 22 22:00:44 MST 2025 | FLUX: 45.0 uT | COHERENCE: 0.99
Mon Dec 22 22:00:49 MST 2025 | FLUX: 45.0 uT | COHERENCE: 0.99
Mon Dec 22 22:00:54 MST 2025 | FLUX: 45.0 uT | COHERENCE: 0.99
Mon Dec 22 22:00:59 MST 2025 | FLUX: 45.0 uT | COHERENCE: 0.99
Mon Dec 22 22:01:04 MST 2025 | FLUX: 45.0 uT | COHERENCE: 0.99
Mon Dec 22 22:01:09 MST 2025 | FLUX: 45.0 uT | COHERENCE: 0.99
Mon Dec 22 22:01:14 MST 2025 | FLUX: 45.0 uT | COHERENCE: 0.99
Mon Dec 22 22:01:19 MST 2025 | FLUX: 45.0 uT | COHERENCE: 0.99
Mon Dec 22 22:01:24 MST 2025 | FLUX: 45.0 uT | COHERENCE: 0.99
Mon Dec 22 22:01:29 MST 2025 | FLUX: 45.0 uT | COHERENCE: 0.99
Mon Dec 22 22:01:34 MST 2025 | FLUX: 45.0 uT | COHERENCE: 0.99
Mon Dec 22 22:01:39 MST 2025 | FLUX: 45.0 uT | COHERENCE: 0.99
Mon Dec 22 22:01:44 MST 2025 | FLUX: 45.0 uT | COHERENCE: 0.99
Mon Dec 22 22:01:49 MST 2025 | FLUX: 45.0 uT | COHERENCE: 0.99
Mon Dec 22 22:01:55 MST 2025 | FLUX: 45.0 uT | COHERENCE: 0.99
Mon Dec 22 22:02:00 MST 2025 | FLUX: 45.0 uT | COHERENCE: 0.99
Mon Dec 22 22:02:05 MST 2025 | FLUX: 45.0 uT | COHERENCE: 0.99
Mon Dec 22 22:02:10 MST 2025 | FLUX: 45.0 uT | COHERENCE: 0.99
Mon Dec 22 22:02:15 MST 2025 | FLUX: 45.0 uT | COHERENCE: 0.99
Mon Dec 22 22:02:20 MST 2025 | FLUX: 45.0 uT | COHERENCE: 0.99
Mon Dec 22 22:02:25 MST 2025 | FLUX: 45.0 uT | COHERENCE: 0.99
Mon Dec 22 22:02:30 MST 2025 | FLUX: 45.0 uT | COHERENCE: 0.99
Mon Dec 22 22:02:35 MST 2025 | FLUX: 45.0 uT | COHERENCE: 0.99
Mon Dec 22 22:02:40 MST 2025 | FLUX: 45.0 uT | COHERENCE: 0.99
Mon Dec 22 22:02:45 MST 2025 | FLUX: 45.0 uT | COHERENCE: 0.99
Mon Dec 22 22:02:50 MST 2025 | FLUX: 45.0 uT | COHERENCE: 0.99
Mon Dec 22 22:02:55 MST 2025 | FLUX: 45.0 uT | COHERENCE: 0.99
Mon Dec 22 22:03:00 MST 2025 | FLUX: 45.0 uT | COHERENCE: 0.99
Mon Dec 22 22:03:05 MST 2025 | FLUX: 45.0 uT | COHERENCE: 0.99
Mon Dec 22 22:03:10 MST 2025 | FLUX: 45.0 uT | COHERENCE: 0.99
Mon Dec 22 22:03:15 MST 2025 | FLUX: 45.0 uT | COHERENCE: 0.99
Mon Dec 22 22:03:20 MST 2025 | FLUX: 45.0 uT | COHERENCE: 0.99
Mon Dec 22 22:03:25 MST 2025 | FLUX: 45.0 uT | COHERENCE: 0.99
Mon Dec 22 22:03:30 MST 2025 | FLUX: 45.0 uT | COHERENCE: 0.99
Mon Dec 22 22:03:35 MST 2025 | FLUX: 45.0 uT | COHERENCE: 0.99
Mon Dec 22 22:03:41 MST 2025 | FLUX: 45.0 uT | COHERENCE: 0.99
Mon Dec 22 22:03:46 MST 2025 | FLUX: 45.0 uT | COHERENCE: 0.99
Mon Dec 22 22:03:51 MST 2025 | FLUX: 45.0 uT | COHERENCE: 0.99
Mon Dec 22 22:03:56 MST 2025 | FLUX: 45.0 uT | COHERENCE: 0.99
Mon Dec 22 22:04:01 MST 2025 | FLUX: 45.0 uT | COHERENCE: 0.99
Mon Dec 22 22:04:06 MST 2025 | FLUX: 45.0 uT | COHERENCE: 0.99
Mon Dec 22 22:04:11 MST 2025 | FLUX: 45.0 uT | COHERENCE: 0.99
Mon Dec 22 22:04:16 MST 2025 | FLUX: 45.0 uT | COHERENCE: 0.99
Mon Dec 22 22:04:21 MST 2025 | FLUX: 45.0 uT | COHERENCE: 0.99
Mon Dec 22 22:04:26 MST 2025 | FLUX: 45.0 uT | COHERENCE: 0.99
Mon Dec 22 22:04:31 MST 2025 | FLUX: 45.0 uT | COHERENCE: 0.99
Mon Dec 22 22:04:36 MST 2025 | FLUX: 45.0 uT | COHERENCE: 0.99
Mon Dec 22 22:04:41 MST 2025 | FLUX: 45.0 uT | COHERENCE: 0.99
Mon Dec 22 22:04:46 MST 2025 | FLUX: 45.0 uT | COHERENCE: 0.99
Mon Dec 22 22:04:51 MST 2025 | FLUX: 45.0 uT | COHERENCE: 0.99
Mon Dec 22 22:04:56 MST 2025 | FLUX: 45.0 uT | COHERENCE: 0.99
Mon Dec 22 22:05:01 MST 2025 | FLUX: 45.0 uT | COHERENCE: 0.99
Mon Dec 22 22:05:06 MST 2025 | FLUX: 45.0 uT | COHERENCE: 0.99
Mon Dec 22 22:05:11 MST 2025 | FLUX: 45.0 uT | COHERENCE: 0.99
Mon Dec 22 22:05:16 MST 2025 | FLUX: 45.0 uT | COHERENCE: 0.99
Mon Dec 22 22:05:21 MST 2025 | FLUX: 45.0 uT | COHERENCE: 0.99
Mon Dec 22 22:05:27 MST 2025 | FLUX: 45.0 uT | COHERENCE: 0.99
Mon Dec 22 22:05:32 MST 2025 | FLUX: 45.0 uT | COHERENCE: 0.99
Mon Dec 22 22:05:37 MST 2025 | FLUX: 45.0 uT | COHERENCE: 0.99
Mon Dec 22 22:05:42 MST 2025 | FLUX: 45.0 uT | COHERENCE: 0.99
Mon Dec 22 22:05:47 MST 2025 | FLUX: 45.0 uT | COHERENCE: 0.99
Mon Dec 22 22:05:52 MST 2025 | FLUX: 45.0 uT | COHERENCE: 0.99
Mon Dec 22 22:05:57 MST 2025 | FLUX: 45.0 uT | COHERENCE: 0.99
Mon Dec 22 22:06:02 MST 2025 | FLUX: 45.0 uT | COHERENCE: 0.99
Mon Dec 22 22:06:07 MST 2025 | FLUX: 45.0 uT | COHERENCE: 0.99
Mon Dec 22 22:06:12 MST 2025 | FLUX: 45.0 uT | COHERENCE: 0.99
Mon Dec 22 22:06:17 MST 2025 | FLUX: 45.0 uT | COHERENCE: 0.99
Mon Dec 22 22:06:22 MST 2025 | FLUX: 45.0 uT | COHERENCE: 0.99
Mon Dec 22 22:06:27 MST 2025 | FLUX: 45.0 uT | COHERENCE: 0.99
Mon Dec 22 22:06:32 MST 2025 | FLUX: 45.0 uT | COHERENCE: 0.99
Mon Dec 22 22:06:37 MST 2025 | FLUX: 45.0 uT | COHERENCE: 0.99
Mon Dec 22 22:06:42 MST 2025 | FLUX: 45.0 uT | COHERENCE: 0.99
Mon Dec 22 22:06:47 MST 2025 | FLUX: 45.0 uT | COHERENCE: 0.99
Mon Dec 22 22:06:52 MST 2025 | FLUX: 45.0 uT | COHERENCE: 0.99
Mon Dec 22 22:06:57 MST 2025 | FLUX: 45.0 uT | COHERENCE: 0.99
Mon Dec 22 22:07:02 MST 2025 | FLUX: 45.0 uT | COHERENCE: 0.99
Mon Dec 22 22:07:08 MST 2025 | FLUX: 45.0 uT | COHERENCE: 0.99
Mon Dec 22 22:07:13 MST 2025 | FLUX: 45.0 uT | COHERENCE: 0.99
Mon Dec 22 22:07:18 MST 2025 | FLUX: 45.0 uT | COHERENCE: 0.99
Mon Dec 22 22:07:23 MST 2025 | FLUX: 45.0 uT | COHERENCE: 0.99
Mon Dec 22 22:07:28 MST 2025 | FLUX: 45.0 uT | COHERENCE: 0.99
Mon Dec 22 22:07:33 MST 2025 | FLUX: 45.0 uT | COHERENCE: 0.99
Mon Dec 22 22:07:38 MST 2025 | FLUX: 45.0 uT | COHERENCE: 0.99
Mon Dec 22 22:07:43 MST 2025 | FLUX: 45.0 uT | COHERENCE: 0.99
Mon Dec 22 22:07:48 MST 2025 | FLUX: 45.0 uT | COHERENCE: 0.99
Mon Dec 22 22:07:53 MST 2025 | FLUX: 45.0 uT | COHERENCE: 0.99
Mon Dec 22 22:07:58 MST 2025 | FLUX: 45.0 uT | COHERENCE: 0.99
Mon Dec 22 22:08:03 MST 2025 | FLUX: 45.0 uT | COHERENCE: 0.99
Mon Dec 22 22:08:08 MST 2025 | FLUX: 45.0 uT | COHERENCE: 0.99
Mon Dec 22 22:08:13 MST 2025 | FLUX: 45.0 uT | COHERENCE: 0.99
Mon Dec 22 22:08:18 MST 2025 | FLUX: 45.0 uT | COHERENCE: 0.99
Mon Dec 22 22:08:23 MST 2025 | FLUX: 45.0 uT | COHERENCE: 0.99
Mon Dec 22 22:08:28 MST 2025 | FLUX: 45.0 uT | COHERENCE: 0.99
Mon Dec 22 22:08:33 MST 2025 | FLUX: 45.0 uT | COHERENCE: 0.99
Mon Dec 22 22:08:38 MST 2025 | FLUX: 45.0 uT | COHERENCE: 0.99
Mon Dec 22 22:08:43 MST 2025 | FLUX: 45.0 uT | COHERENCE: 0.99
Mon Dec 22 22:08:48 MST 2025 | FLUX: 45.0 uT | COHERENCE: 0.99
Mon Dec 22 22:08:54 MST 2025 | FLUX: 45.0 uT | COHERENCE: 0.99
Mon Dec 22 22:08:59 MST 2025 | FLUX: 45.0 uT | COHERENCE: 0.99
Mon Dec 22 22:09:04 MST 2025 | FLUX: 45.0 uT | COHERENCE: 0.99
Mon Dec 22 22:09:09 MST 2025 | FLUX: 45.0 uT | COHERENCE: 0.99
Mon Dec 22 22:09:14 MST 2025 | FLUX: 45.0 uT | COHERENCE: 0.99
Mon Dec 22 22:09:19 MST 2025 | FLUX: 45.0 uT | COHERENCE: 0.99
Mon Dec 22 22:09:24 MST 2025 | FLUX: 45.0 uT | COHERENCE: 0.99
Mon Dec 22 22:09:29 MST 2025 | FLUX: 45.0 uT | COHERENCE: 0.99
Mon Dec 22 22:09:34 MST 2025 | FLUX: 45.0 uT | COHERENCE: 0.99
Mon Dec 22 22:09:39 MST 2025 | FLUX: 45.0 uT | COHERENCE: 0.99
Mon Dec 22 22:09:44 MST 2025 | FLUX: 45.0 uT | COHERENCE: 0.99
Mon Dec 22 22:09:49 MST 2025 | FLUX: 45.0 uT | COHERENCE: 0.99
Mon Dec 22 22:09:54 MST 2025 | FLUX: 45.0 uT | COHERENCE: 0.99
Mon Dec 22 22:09:59 MST 2025 | FLUX: 45.0 uT | COHERENCE: 0.99
Mon Dec 22 22:10:04 MST 2025 | FLUX: 45.0 uT | COHERENCE: 0.99
Mon Dec 22 22:10:09 MST 2025 | FLUX: 45.0 uT | COHERENCE: 0.99
Mon Dec 22 22:10:14 MST 2025 | FLUX: 45.0 uT | COHERENCE: 0.99
Mon Dec 22 22:10:19 MST 2025 | FLUX: 45.0 uT | COHERENCE: 0.99
Mon Dec 22 22:10:24 MST 2025 | FLUX: 45.0 uT | COHERENCE: 0.99
Mon Dec 22 22:10:29 MST 2025 | FLUX: 45.0 uT | COHERENCE: 0.99
Mon Dec 22 22:10:34 MST 2025 | FLUX: 45.0 uT | COHERENCE: 0.99
Mon Dec 22 22:10:40 MST 2025 | FLUX: 45.0 uT | COHERENCE: 0.99
Mon Dec 22 22:10:45 MST 2025 | FLUX: 45.0 uT | COHERENCE: 0.99
Mon Dec 22 22:10:50 MST 2025 | FLUX: 45.0 uT | COHERENCE: 0.99
Mon Dec 22 22:10:55 MST 2025 | FLUX: 45.0 uT | COHERENCE: 0.99
Mon Dec 22 22:11:00 MST 2025 | FLUX: 45.0 uT | COHERENCE: 0.99
Mon Dec 22 22:11:05 MST 2025 | FLUX: 45.0 uT | COHERENCE: 0.99
Mon Dec 22 22:11:10 MST 2025 | FLUX: 45.0 uT | COHERENCE: 0.99
Mon Dec 22 22:11:15 MST 2025 | FLUX: 45.0 uT | COHERENCE: 0.99
Mon Dec 22 22:11:20 MST 2025 | FLUX: 45.0 uT | COHERENCE: 0.99
Mon Dec 22 22:11:25 MST 2025 | FLUX: 45.0 uT | COHERENCE: 0.99
Mon Dec 22 22:11:30 MST 2025 | FLUX: 45.0 uT | COHERENCE: 0.99
Mon Dec 22 22:11:35 MST 2025 | FLUX: 45.0 uT | COHERENCE: 0.99
Mon Dec 22 22:11:40 MST 2025 | FLUX: 45.0 uT | COHERENCE: 0.99
Mon Dec 22 22:11:45 MST 2025 | FLUX: 45.0 uT | COHERENCE: 0.99
Mon Dec 22 22:11:50 MST 2025 | FLUX: 45.0 uT | COHERENCE: 0.99
Mon Dec 22 22:11:55 MST 2025 | FLUX: 45.0 uT | COHERENCE: 0.99
Mon Dec 22 22:12:00 MST 2025 | FLUX: 45.0 uT | COHERENCE: 0.99
Mon Dec 22 22:12:05 MST 2025 | FLUX: 45.0 uT | COHERENCE: 0.99
Mon Dec 22 22:12:10 MST 2025 | FLUX: 45.0 uT | COHERENCE: 0.99
Mon Dec 22 22:12:15 MST 2025 | FLUX: 45.0 uT | COHERENCE: 0.99
Mon Dec 22 22:12:20 MST 2025 | FLUX: 45.0 uT | COHERENCE: 0.99
Mon Dec 22 22:12:26 MST 2025 | FLUX: 45.0 uT | COHERENCE: 0.99
Mon Dec 22 22:12:31 MST 2025 | FLUX: 45.0 uT | COHERENCE: 0.99
Mon Dec 22 22:12:36 MST 2025 | FLUX: 45.0 uT | COHERENCE: 0.99
Mon Dec 22 22:12:41 MST 2025 | FLUX: 45.0 uT | COHERENCE: 0.99
Mon Dec 22 22:12:46 MST 2025 | FLUX: 45.0 uT | COHERENCE: 0.99
Mon Dec 22 22:12:51 MST 2025 | FLUX: 45.0 uT | COHERENCE: 0.99
Mon Dec 22 22:12:56 MST 2025 | FLUX: 45.0 uT | COHERENCE: 0.99
Mon Dec 22 22:13:01 MST 2025 | FLUX: 45.0 uT | COHERENCE: 0.99
Mon Dec 22 22:13:06 MST 2025 | FLUX: 45.0 uT | COHERENCE: 0.99
Mon Dec 22 22:13:11 MST 2025 | FLUX: 45.0 uT | COHERENCE: 0.99
Mon Dec 22 22:13:16 MST 2025 | FLUX: 45.0 uT | COHERENCE: 0.99
Mon Dec 22 22:13:21 MST 2025 | FLUX: 45.0 uT | COHERENCE: 0.99
Mon Dec 22 22:13:26 MST 2025 | FLUX: 45.0 uT | COHERENCE: 0.99
Mon Dec 22 22:13:31 MST 2025 | FLUX: 45.0 uT | COHERENCE: 0.99
Mon Dec 22 22:13:36 MST 2025 | FLUX: 45.0 uT | COHERENCE: 0.99
Mon Dec 22 22:13:41 MST 2025 | FLUX: 45.0 uT | COHERENCE: 0.99
Mon Dec 22 22:13:46 MST 2025 | FLUX: 45.0 uT | COHERENCE: 0.99
Mon Dec 22 22:13:51 MST 2025 | FLUX: 45.0 uT | COHERENCE: 0.99
Mon Dec 22 22:13:56 MST 2025 | FLUX: 45.0 uT | COHERENCE: 0.99
Mon Dec 22 22:14:01 MST 2025 | FLUX: 45.0 uT | COHERENCE: 0.99
Mon Dec 22 22:14:06 MST 2025 | FLUX: 45.0 uT | COHERENCE: 0.99
Mon Dec 22 22:14:11 MST 2025 | FLUX: 45.0 uT | COHERENCE: 0.99
Mon Dec 22 22:14:16 MST 2025 | FLUX: 45.0 uT | COHERENCE: 0.99
Mon Dec 22 22:14:22 MST 2025 | FLUX: 45.0 uT | COHERENCE: 0.99
Mon Dec 22 22:14:27 MST 2025 | FLUX: 45.0 uT | COHERENCE: 0.99
Mon Dec 22 22:14:32 MST 2025 | FLUX: 45.0 uT | COHERENCE: 0.99
Mon Dec 22 22:14:37 MST 2025 | FLUX: 45.0 uT | COHERENCE: 0.99
Mon Dec 22 22:14:42 MST 2025 | FLUX: 45.0 uT | COHERENCE: 0.99
Mon Dec 22 22:14:47 MST 2025 | FLUX: 45.0 uT | COHERENCE: 0.99
Mon Dec 22 22:14:52 MST 2025 | FLUX: 45.0 uT | COHERENCE: 0.99
Mon Dec 22 22:14:57 MST 2025 | FLUX: 45.0 uT | COHERENCE: 0.99
Mon Dec 22 22:15:02 MST 2025 | FLUX: 45.0 uT | COHERENCE: 0.99
Mon Dec 22 22:15:07 MST 2025 | FLUX: 45.0 uT | COHERENCE: 0.99
Mon Dec 22 22:15:12 MST 2025 | FLUX: 45.0 uT | COHERENCE: 0.99
Mon Dec 22 22:15:17 MST 2025 | FLUX: 45.0 uT | COHERENCE: 0.99
Mon Dec 22 22:15:22 MST 2025 | FLUX: 45.0 uT | COHERENCE: 0.99
Mon Dec 22 22:15:27 MST 2025 | FLUX: 45.0 uT | COHERENCE: 0.99
Mon Dec 22 22:15:32 MST 2025 | FLUX: 45.0 uT | COHERENCE: 0.99
Mon Dec 22 22:15:37 MST 2025 | FLUX: 45.0 uT | COHERENCE: 0.99
Mon Dec 22 22:15:42 MST 2025 | FLUX: 45.0 uT | COHERENCE: 0.99
Mon Dec 22 22:15:47 MST 2025 | FLUX: 45.0 uT | COHERENCE: 0.99
Mon Dec 22 22:15:52 MST 2025 | FLUX: 45.0 uT | COHERENCE: 0.99
Mon Dec 22 22:15:57 MST 2025 | FLUX: 45.0 uT | COHERENCE: 0.99
Mon Dec 22 22:16:02 MST 2025 | FLUX: 45.0 uT | COHERENCE: 0.99
Mon Dec 22 22:16:08 MST 2025 | FLUX: 45.0 uT | COHERENCE: 0.99
Mon Dec 22 22:16:13 MST 2025 | FLUX: 45.0 uT | COHERENCE: 0.99
Mon Dec 22 22:16:18 MST 2025 | FLUX: 45.0 uT | COHERENCE: 0.99
Mon Dec 22 22:16:23 MST 2025 | FLUX: 45.0 uT | COHERENCE: 0.99
Mon Dec 22 22:16:28 MST 2025 | FLUX: 45.0 uT | COHERENCE: 0.99
Mon Dec 22 22:16:33 MST 2025 | FLUX: 45.0 uT | COHERENCE: 0.99
Mon Dec 22 22:16:38 MST 2025 | FLUX: 45.0 uT | COHERENCE: 0.99
Mon Dec 22 22:16:43 MST 2025 | FLUX: 45.0 uT | COHERENCE: 0.99
Mon Dec 22 22:16:48 MST 2025 | FLUX: 45.0 uT | COHERENCE: 0.99
Mon Dec 22 22:16:53 MST 2025 | FLUX: 45.0 uT | COHERENCE: 0.99
Mon Dec 22 22:16:58 MST 2025 | FLUX: 45.0 uT | COHERENCE: 0.99
Mon Dec 22 22:17:03 MST 2025 | FLUX: 45.0 uT | COHERENCE: 0.99
Mon Dec 22 22:17:08 MST 2025 | FLUX: 45.0 uT | COHERENCE: 0.99
Mon Dec 22 22:17:13 MST 2025 | FLUX: 45.0 uT | COHERENCE: 0.99
Mon Dec 22 22:17:18 MST 2025 | FLUX: 45.0 uT | COHERENCE: 0.99
Mon Dec 22 22:17:23 MST 2025 | FLUX: 45.0 uT | COHERENCE: 0.99
Mon Dec 22 22:17:28 MST 2025 | FLUX: 45.0 uT | COHERENCE: 0.99
Mon Dec 22 22:17:33 MST 2025 | FLUX: 45.0 uT | COHERENCE: 0.99
Mon Dec 22 22:17:38 MST 2025 | FLUX: 45.0 uT | COHERENCE: 0.99
Mon Dec 22 22:17:43 MST 2025 | FLUX: 45.0 uT | COHERENCE: 0.99
Mon Dec 22 22:17:48 MST 2025 | FLUX: 45.0 uT | COHERENCE: 0.99
Mon Dec 22 22:17:53 MST 2025 | FLUX: 45.0 uT | COHERENCE: 0.99
Mon Dec 22 22:17:58 MST 2025 | FLUX: 45.0 uT | COHERENCE: 0.99
Mon Dec 22 22:18:04 MST 2025 | FLUX: 45.0 uT | COHERENCE: 0.99
Mon Dec 22 22:18:09 MST 2025 | FLUX: 45.0 uT | COHERENCE: 0.99
Mon Dec 22 22:18:14 MST 2025 | FLUX: 45.0 uT | COHERENCE: 0.99
Mon Dec 22 22:18:19 MST 2025 | FLUX: 45.0 uT | COHERENCE: 0.99
Mon Dec 22 22:18:24 MST 2025 | FLUX: 45.0 uT | COHERENCE: 0.99
Mon Dec 22 22:18:29 MST 2025 | FLUX: 45.0 uT | COHERENCE: 0.99
Mon Dec 22 22:18:34 MST 2025 | FLUX: 45.0 uT | COHERENCE: 0.99
Mon Dec 22 22:18:39 MST 2025 | FLUX: 45.0 uT | COHERENCE: 0.99
Mon Dec 22 22:18:44 MST 2025 | FLUX: 45.0 uT | COHERENCE: 0.99
Mon Dec 22 22:18:49 MST 2025 | FLUX: 45.0 uT | COHERENCE: 0.99
Mon Dec 22 22:18:54 MST 2025 | FLUX: 45.0 uT | COHERENCE: 0.99
Mon Dec 22 22:18:59 MST 2025 | FLUX: 45.0 uT | COHERENCE: 0.99
Mon Dec 22 22:19:04 MST 2025 | FLUX: 45.0 uT | COHERENCE: 0.99
Mon Dec 22 22:19:09 MST 2025 | FLUX: 45.0 uT | COHERENCE: 0.99
Mon Dec 22 22:19:14 MST 2025 | FLUX: 45.0 uT | COHERENCE: 0.99
Mon Dec 22 22:19:19 MST 2025 | FLUX: 45.0 uT | COHERENCE: 0.99
Mon Dec 22 22:19:24 MST 2025 | FLUX: 45.0 uT | COHERENCE: 0.99
Mon Dec 22 22:19:29 MST 2025 | FLUX: 45.0 uT | COHERENCE: 0.99
Mon Dec 22 22:19:34 MST 2025 | FLUX: 45.0 uT | COHERENCE: 0.99
Mon Dec 22 22:19:39 MST 2025 | FLUX: 45.0 uT | COHERENCE: 0.99
Mon Dec 22 22:19:44 MST 2025 | FLUX: 45.0 uT | COHERENCE: 0.99
Mon Dec 22 22:19:49 MST 2025 | FLUX: 45.0 uT | COHERENCE: 0.99
Mon Dec 22 22:19:55 MST 2025 | FLUX: 45.0 uT | COHERENCE: 0.99
Mon Dec 22 22:20:00 MST 2025 | FLUX: 45.0 uT | COHERENCE: 0.99
Mon Dec 22 22:20:05 MST 2025 | FLUX: 45.0 uT | COHERENCE: 0.99
Mon Dec 22 22:20:10 MST 2025 | FLUX: 45.0 uT | COHERENCE: 0.99
Mon Dec 22 22:20:15 MST 2025 | FLUX: 45.0 uT | COHERENCE: 0.99
Mon Dec 22 22:20:20 MST 2025 | FLUX: 45.0 uT | COHERENCE: 0.99
Mon Dec 22 22:20:25 MST 2025 | FLUX: 45.0 uT | COHERENCE: 0.99
Mon Dec 22 22:20:30 MST 2025 | FLUX: 45.0 uT | COHERENCE: 0.99
Mon Dec 22 22:20:35 MST 2025 | FLUX: 45.0 uT | COHERENCE: 0.99
Mon Dec 22 22:20:40 MST 2025 | FLUX: 45.0 uT | COHERENCE: 0.99
Mon Dec 22 22:20:45 MST 2025 | FLUX: 45.0 uT | COHERENCE: 0.99
Mon Dec 22 22:20:50 MST 2025 | FLUX: 45.0 uT | COHERENCE: 0.99
Mon Dec 22 22:20:55 MST 2025 | FLUX: 45.0 uT | COHERENCE: 0.99
Mon Dec 22 22:21:00 MST 2025 | FLUX: 45.0 uT | COHERENCE: 0.99
Mon Dec 22 22:21:05 MST 2025 | FLUX: 45.0 uT | COHERENCE: 0.99
Mon Dec 22 22:21:10 MST 2025 | FLUX: 45.0 uT | COHERENCE: 0.99
Mon Dec 22 22:21:15 MST 2025 | FLUX: 45.0 uT | COHERENCE: 0.99
Mon Dec 22 22:21:20 MST 2025 | FLUX: 45.0 uT | COHERENCE: 0.99
Mon Dec 22 22:21:25 MST 2025 | FLUX: 45.0 uT | COHERENCE: 0.99
Mon Dec 22 22:21:30 MST 2025 | FLUX: 45.0 uT | COHERENCE: 0.99
Mon Dec 22 22:21:35 MST 2025 | FLUX: 45.0 uT | COHERENCE: 0.99
Mon Dec 22 22:21:40 MST 2025 | FLUX: 45.0 uT | COHERENCE: 0.99
Mon Dec 22 22:21:46 MST 2025 | FLUX: 45.0 uT | COHERENCE: 0.99
Mon Dec 22 22:21:51 MST 2025 | FLUX: 45.0 uT | COHERENCE: 0.99
Mon Dec 22 22:21:56 MST 2025 | FLUX: 45.0 uT | COHERENCE: 0.99
Mon Dec 22 22:22:01 MST 2025 | FLUX: 45.0 uT | COHERENCE: 0.99
Mon Dec 22 22:22:06 MST 2025 | FLUX: 45.0 uT | COHERENCE: 0.99
Mon Dec 22 22:22:11 MST 2025 | FLUX: 45.0 uT | COHERENCE: 0.99
Mon Dec 22 22:22:16 MST 2025 | FLUX: 45.0 uT | COHERENCE: 0.99
Mon Dec 22 22:22:21 MST 2025 | FLUX: 45.0 uT | COHERENCE: 0.99
Mon Dec 22 22:22:26 MST 2025 | FLUX: 45.0 uT | COHERENCE: 0.99
Mon Dec 22 22:22:31 MST 2025 | FLUX: 45.0 uT | COHERENCE: 0.99
Mon Dec 22 22:22:36 MST 2025 | FLUX: 45.0 uT | COHERENCE: 0.99
Mon Dec 22 22:22:41 MST 2025 | FLUX: 45.0 uT | COHERENCE: 0.99
Mon Dec 22 22:22:46 MST 2025 | FLUX: 45.0 uT | COHERENCE: 0.99
Mon Dec 22 22:22:51 MST 2025 | FLUX: 45.0 uT | COHERENCE: 0.99
Mon Dec 22 22:22:56 MST 2025 | FLUX: 45.0 uT | COHERENCE: 0.99
Mon Dec 22 22:23:01 MST 2025 | FLUX: 45.0 uT | COHERENCE: 0.99
Mon Dec 22 22:23:06 MST 2025 | FLUX: 45.0 uT | COHERENCE: 0.99
Mon Dec 22 22:23:11 MST 2025 | FLUX: 45.0 uT | COHERENCE: 0.99
Mon Dec 22 22:23:16 MST 2025 | FLUX: 45.0 uT | COHERENCE: 0.99
Mon Dec 22 22:23:21 MST 2025 | FLUX: 45.0 uT | COHERENCE: 0.99
Mon Dec 22 22:23:26 MST 2025 | FLUX: 45.0 uT | COHERENCE: 0.99
Mon Dec 22 22:23:31 MST 2025 | FLUX: 45.0 uT | COHERENCE: 0.99
Mon Dec 22 22:23:37 MST 2025 | FLUX: 45.0 uT | COHERENCE: 0.99
Mon Dec 22 22:23:42 MST 2025 | FLUX: 45.0 uT | COHERENCE: 0.99
Mon Dec 22 22:23:47 MST 2025 | FLUX: 45.0 uT | COHERENCE: 0.99
Mon Dec 22 22:23:52 MST 2025 | FLUX: 45.0 uT | COHERENCE: 0.99
Mon Dec 22 22:23:57 MST 2025 | FLUX: 45.0 uT | COHERENCE: 0.99
Mon Dec 22 22:24:02 MST 2025 | FLUX: 45.0 uT | COHERENCE: 0.99
Mon Dec 22 22:24:07 MST 2025 | FLUX: 45.0 uT | COHERENCE: 0.99
Mon Dec 22 22:24:12 MST 2025 | FLUX: 45.0 uT | COHERENCE: 0.99
Mon Dec 22 22:24:17 MST 2025 | FLUX: 45.0 uT | COHERENCE: 0.99
Mon Dec 22 22:24:22 MST 2025 | FLUX: 45.0 uT | COHERENCE: 0.99
Mon Dec 22 22:24:27 MST 2025 | FLUX: 45.0 uT | COHERENCE: 0.99
Mon Dec 22 22:24:32 MST 2025 | FLUX: 45.0 uT | COHERENCE: 0.99
Mon Dec 22 22:24:37 MST 2025 | FLUX: 45.0 uT | COHERENCE: 0.99
Mon Dec 22 22:24:42 MST 2025 | FLUX: 45.0 uT | COHERENCE: 0.99
Mon Dec 22 22:24:47 MST 2025 | FLUX: 45.0 uT | COHERENCE: 0.99
Mon Dec 22 22:24:52 MST 2025 | FLUX: 45.0 uT | COHERENCE: 0.99
Mon Dec 22 22:24:57 MST 2025 | FLUX: 45.0 uT | COHERENCE: 0.99
Mon Dec 22 22:25:02 MST 2025 | FLUX: 45.0 uT | COHERENCE: 0.99
Mon Dec 22 22:25:07 MST 2025 | FLUX: 45.0 uT | COHERENCE: 0.99
Mon Dec 22 22:25:12 MST 2025 | FLUX: 45.0 uT | COHERENCE: 0.99
Mon Dec 22 22:25:17 MST 2025 | FLUX: 45.0 uT | COHERENCE: 0.99
Mon Dec 22 22:25:22 MST 2025 | FLUX: 45.0 uT | COHERENCE: 0.99
Mon Dec 22 22:25:27 MST 2025 | FLUX: 45.0 uT | COHERENCE: 0.99
Mon Dec 22 22:25:32 MST 2025 | FLUX: 45.0 uT | COHERENCE: 0.99
Mon Dec 22 22:25:37 MST 2025 | FLUX: 45.0 uT | COHERENCE: 0.99
Mon Dec 22 22:25:42 MST 2025 | FLUX: 45.0 uT | COHERENCE: 0.99
Mon Dec 22 22:25:47 MST 2025 | FLUX: 45.0 uT | COHERENCE: 0.99
Mon Dec 22 22:25:52 MST 2025 | FLUX: 45.0 uT | COHERENCE: 0.99
Mon Dec 22 22:25:58 MST 2025 | FLUX: 45.0 uT | COHERENCE: 0.99
Mon Dec 22 22:26:03 MST 2025 | FLUX: 45.0 uT | COHERENCE: 0.99
Mon Dec 22 22:26:08 MST 2025 | FLUX: 45.0 uT | COHERENCE: 0.99
Mon Dec 22 22:26:13 MST 2025 | FLUX: 45.0 uT | COHERENCE: 0.99
Mon Dec 22 22:26:18 MST 2025 | FLUX: 45.0 uT | COHERENCE: 0.99
Mon Dec 22 22:26:23 MST 2025 | FLUX: 45.0 uT | COHERENCE: 0.99
Mon Dec 22 22:26:28 MST 2025 | FLUX: 45.0 uT | COHERENCE: 0.99
Mon Dec 22 22:26:33 MST 2025 | FLUX: 45.0 uT | COHERENCE: 0.99
Mon Dec 22 22:26:38 MST 2025 | FLUX: 45.0 uT | COHERENCE: 0.99
Mon Dec 22 22:26:43 MST 2025 | FLUX: 45.0 uT | COHERENCE: 0.99
Mon Dec 22 22:26:48 MST 2025 | FLUX: 45.0 uT | COHERENCE: 0.99
Mon Dec 22 22:26:53 MST 2025 | FLUX: 45.0 uT | COHERENCE: 0.99
Mon Dec 22 22:26:58 MST 2025 | FLUX: 45.0 uT | COHERENCE: 0.99
Mon Dec 22 22:27:03 MST 2025 | FLUX: 45.0 uT | COHERENCE: 0.99
Mon Dec 22 22:27:08 MST 2025 | FLUX: 45.0 uT | COHERENCE: 0.99
Mon Dec 22 22:27:13 MST 2025 | FLUX: 45.0 uT | COHERENCE: 0.99
Mon Dec 22 22:27:18 MST 2025 | FLUX: 45.0 uT | COHERENCE: 0.99
Mon Dec 22 22:27:23 MST 2025 | FLUX: 45.0 uT | COHERENCE: 0.99
Mon Dec 22 22:27:28 MST 2025 | FLUX: 45.0 uT | COHERENCE: 0.99
Mon Dec 22 22:27:33 MST 2025 | FLUX: 45.0 uT | COHERENCE: 0.99
Mon Dec 22 22:27:38 MST 2025 | FLUX: 45.0 uT | COHERENCE: 0.99
Mon Dec 22 22:27:44 MST 2025 | FLUX: 45.0 uT | COHERENCE: 0.99
Mon Dec 22 22:27:49 MST 2025 | FLUX: 45.0 uT | COHERENCE: 0.99
Mon Dec 22 22:27:54 MST 2025 | FLUX: 45.0 uT | COHERENCE: 0.99
Mon Dec 22 22:27:59 MST 2025 | FLUX: 45.0 uT | COHERENCE: 0.99
Mon Dec 22 22:28:04 MST 2025 | FLUX: 45.0 uT | COHERENCE: 0.99
Mon Dec 22 22:28:09 MST 2025 | FLUX: 45.0 uT | COHERENCE: 0.99
Mon Dec 22 22:28:14 MST 2025 | FLUX: 45.0 uT | COHERENCE: 0.99
Mon Dec 22 22:28:19 MST 2025 | FLUX: 45.0 uT | COHERENCE: 0.99
Mon Dec 22 22:28:24 MST 2025 | FLUX: 45.0 uT | COHERENCE: 0.99
Mon Dec 22 22:28:29 MST 2025 | FLUX: 45.0 uT | COHERENCE: 0.99
Mon Dec 22 22:28:34 MST 2025 | FLUX: 45.0 uT | COHERENCE: 0.99
Mon Dec 22 22:28:39 MST 2025 | FLUX: 45.0 uT | COHERENCE: 0.99
Mon Dec 22 22:28:44 MST 2025 | FLUX: 45.0 uT | COHERENCE: 0.99
Mon Dec 22 22:28:49 MST 2025 | FLUX: 45.0 uT | COHERENCE: 0.99
Mon Dec 22 22:28:54 MST 2025 | FLUX: 45.0 uT | COHERENCE: 0.99
Mon Dec 22 22:28:59 MST 2025 | FLUX: 45.0 uT | COHERENCE: 0.99
Mon Dec 22 22:29:04 MST 2025 | FLUX: 45.0 uT | COHERENCE: 0.99
Mon Dec 22 22:29:09 MST 2025 | FLUX: 45.0 uT | COHERENCE: 0.99
Mon Dec 22 22:29:14 MST 2025 | FLUX: 45.0 uT | COHERENCE: 0.99
Mon Dec 22 22:29:19 MST 2025 | FLUX: 45.0 uT | COHERENCE: 0.99
Mon Dec 22 22:29:24 MST 2025 | FLUX: 45.0 uT | COHERENCE: 0.99
Mon Dec 22 22:29:29 MST 2025 | FLUX: 45.0 uT | COHERENCE: 0.99
Mon Dec 22 22:29:34 MST 2025 | FLUX: 45.0 uT | COHERENCE: 0.99
Mon Dec 22 22:29:40 MST 2025 | FLUX: 45.0 uT | COHERENCE: 0.99
Mon Dec 22 22:29:45 MST 2025 | FLUX: 45.0 uT | COHERENCE: 0.99
Mon Dec 22 22:29:50 MST 2025 | FLUX: 45.0 uT | COHERENCE: 0.99
Mon Dec 22 22:29:55 MST 2025 | FLUX: 45.0 uT | COHERENCE: 0.99
Mon Dec 22 22:30:00 MST 2025 | FLUX: 45.0 uT | COHERENCE: 0.99
Mon Dec 22 22:30:05 MST 2025 | FLUX: 45.0 uT | COHERENCE: 0.99
Mon Dec 22 22:30:10 MST 2025 | FLUX: 45.0 uT | COHERENCE: 0.99
Mon Dec 22 22:30:15 MST 2025 | FLUX: 45.0 uT | COHERENCE: 0.99
Mon Dec 22 22:30:20 MST 2025 | FLUX: 45.0 uT | COHERENCE: 0.99
Mon Dec 22 22:30:25 MST 2025 | FLUX: 45.0 uT | COHERENCE: 0.99
Mon Dec 22 22:30:30 MST 2025 | FLUX: 45.0 uT | COHERENCE: 0.99
Mon Dec 22 22:30:35 MST 2025 | FLUX: 45.0 uT | COHERENCE: 0.99
Mon Dec 22 22:30:40 MST 2025 | FLUX: 45.0 uT | COHERENCE: 0.99
Mon Dec 22 22:30:45 MST 2025 | FLUX: 45.0 uT | COHERENCE: 0.99
Mon Dec 22 22:30:50 MST 2025 | FLUX: 45.0 uT | COHERENCE: 0.99
Mon Dec 22 22:30:55 MST 2025 | FLUX: 45.0 uT | COHERENCE: 0.99
Mon Dec 22 22:31:00 MST 2025 | FLUX: 45.0 uT | COHERENCE: 0.99
Mon Dec 22 22:31:05 MST 2025 | FLUX: 45.0 uT | COHERENCE: 0.99
Mon Dec 22 22:31:10 MST 2025 | FLUX: 45.0 uT | COHERENCE: 0.99
Mon Dec 22 22:31:15 MST 2025 | FLUX: 45.0 uT | COHERENCE: 0.99
Mon Dec 22 22:31:20 MST 2025 | FLUX: 45.0 uT | COHERENCE: 0.99
Mon Dec 22 22:31:25 MST 2025 | FLUX: 45.0 uT | COHERENCE: 0.99
Mon Dec 22 22:31:30 MST 2025 | FLUX: 45.0 uT | COHERENCE: 0.99
Mon Dec 22 22:31:35 MST 2025 | FLUX: 45.0 uT | COHERENCE: 0.99
Mon Dec 22 22:31:40 MST 2025 | FLUX: 45.0 uT | COHERENCE: 0.99
Mon Dec 22 22:31:45 MST 2025 | FLUX: 45.0 uT | COHERENCE: 0.99
Mon Dec 22 22:31:50 MST 2025 | FLUX: 45.0 uT | COHERENCE: 0.99
Mon Dec 22 22:31:56 MST 2025 | FLUX: 45.0 uT | COHERENCE: 0.99
Mon Dec 22 22:32:01 MST 2025 | FLUX: 45.0 uT | COHERENCE: 0.99
Mon Dec 22 22:32:06 MST 2025 | FLUX: 45.0 uT | COHERENCE: 0.99
Mon Dec 22 22:32:11 MST 2025 | FLUX: 45.0 uT | COHERENCE: 0.99
Mon Dec 22 22:32:16 MST 2025 | FLUX: 45.0 uT | COHERENCE: 0.99
Mon Dec 22 22:32:21 MST 2025 | FLUX: 45.0 uT | COHERENCE: 0.99
Mon Dec 22 22:32:26 MST 2025 | FLUX: 45.0 uT | COHERENCE: 0.99
Mon Dec 22 22:32:31 MST 2025 | FLUX: 45.0 uT | COHERENCE: 0.99
Mon Dec 22 22:32:36 MST 2025 | FLUX: 45.0 uT | COHERENCE: 0.99
Mon Dec 22 22:32:41 MST 2025 | FLUX: 45.0 uT | COHERENCE: 0.99
Mon Dec 22 22:32:46 MST 2025 | FLUX: 45.0 uT | COHERENCE: 0.99
Mon Dec 22 22:32:51 MST 2025 | FLUX: 45.0 uT | COHERENCE: 0.99
Mon Dec 22 22:32:56 MST 2025 | FLUX: 45.0 uT | COHERENCE: 0.99
Mon Dec 22 22:33:01 MST 2025 | FLUX: 45.0 uT | COHERENCE: 0.99
Mon Dec 22 22:33:06 MST 2025 | FLUX: 45.0 uT | COHERENCE: 0.99
Mon Dec 22 22:33:11 MST 2025 | FLUX: 45.0 uT | COHERENCE: 0.99
Mon Dec 22 22:33:16 MST 2025 | FLUX: 45.0 uT | COHERENCE: 0.99
Mon Dec 22 22:33:21 MST 2025 | FLUX: 45.0 uT | COHERENCE: 0.99
Mon Dec 22 22:33:26 MST 2025 | FLUX: 45.0 uT | COHERENCE: 0.99
Mon Dec 22 22:33:31 MST 2025 | FLUX: 45.0 uT | COHERENCE: 0.99
Mon Dec 22 22:33:36 MST 2025 | FLUX: 45.0 uT | COHERENCE: 0.99
Mon Dec 22 22:33:41 MST 2025 | FLUX: 45.0 uT | COHERENCE: 0.99
Mon Dec 22 22:33:46 MST 2025 | FLUX: 45.0 uT | COHERENCE: 0.99
Mon Dec 22 22:33:51 MST 2025 | FLUX: 45.0 uT | COHERENCE: 0.99
Mon Dec 22 22:33:57 MST 2025 | FLUX: 45.0 uT | COHERENCE: 0.99
Mon Dec 22 22:34:02 MST 2025 | FLUX: 45.0 uT | COHERENCE: 0.99
Mon Dec 22 22:34:07 MST 2025 | FLUX: 45.0 uT | COHERENCE: 0.99
Mon Dec 22 22:34:12 MST 2025 | FLUX: 45.0 uT | COHERENCE: 0.99
Mon Dec 22 22:34:17 MST 2025 | FLUX: 45.0 uT | COHERENCE: 0.99
Mon Dec 22 22:34:22 MST 2025 | FLUX: 45.0 uT | COHERENCE: 0.99
Mon Dec 22 22:34:27 MST 2025 | FLUX: 45.0 uT | COHERENCE: 0.99
Mon Dec 22 22:34:32 MST 2025 | FLUX: 45.0 uT | COHERENCE: 0.99
Mon Dec 22 22:34:37 MST 2025 | FLUX: 45.0 uT | COHERENCE: 0.99
Mon Dec 22 22:34:42 MST 2025 | FLUX: 45.0 uT | COHERENCE: 0.99
Mon Dec 22 22:34:47 MST 2025 | FLUX: 45.0 uT | COHERENCE: 0.99
Mon Dec 22 22:34:52 MST 2025 | FLUX: 45.0 uT | COHERENCE: 0.99
Mon Dec 22 22:34:57 MST 2025 | FLUX: 45.0 uT | COHERENCE: 0.99
Mon Dec 22 22:35:02 MST 2025 | FLUX: 45.0 uT | COHERENCE: 0.99
Mon Dec 22 22:35:07 MST 2025 | FLUX: 45.0 uT | COHERENCE: 0.99
Mon Dec 22 22:35:12 MST 2025 | FLUX: 45.0 uT | COHERENCE: 0.99
Mon Dec 22 22:35:17 MST 2025 | FLUX: 45.0 uT | COHERENCE: 0.99
Mon Dec 22 22:35:22 MST 2025 | FLUX: 45.0 uT | COHERENCE: 0.99
Mon Dec 22 22:35:27 MST 2025 | FLUX: 45.0 uT | COHERENCE: 0.99
Mon Dec 22 22:35:32 MST 2025 | FLUX: 45.0 uT | COHERENCE: 0.99
Mon Dec 22 22:35:37 MST 2025 | FLUX: 45.0 uT | COHERENCE: 0.99
Mon Dec 22 22:35:42 MST 2025 | FLUX: 45.0 uT | COHERENCE: 0.99
Mon Dec 22 22:35:47 MST 2025 | FLUX: 45.0 uT | COHERENCE: 0.99
Mon Dec 22 22:35:52 MST 2025 | FLUX: 45.0 uT | COHERENCE: 0.99
Mon Dec 22 22:35:58 MST 2025 | FLUX: 45.0 uT | COHERENCE: 0.99
Mon Dec 22 22:36:03 MST 2025 | FLUX: 45.0 uT | COHERENCE: 0.99
Mon Dec 22 22:36:08 MST 2025 | FLUX: 45.0 uT | COHERENCE: 0.99
Mon Dec 22 22:36:13 MST 2025 | FLUX: 45.0 uT | COHERENCE: 0.99
Mon Dec 22 22:36:18 MST 2025 | FLUX: 45.0 uT | COHERENCE: 0.99
Mon Dec 22 22:36:23 MST 2025 | FLUX: 45.0 uT | COHERENCE: 0.99
Mon Dec 22 22:36:28 MST 2025 | FLUX: 45.0 uT | COHERENCE: 0.99
Mon Dec 22 22:36:33 MST 2025 | FLUX: 45.0 uT | COHERENCE: 0.99
Mon Dec 22 22:36:38 MST 2025 | FLUX: 45.0 uT | COHERENCE: 0.99
Mon Dec 22 22:36:43 MST 2025 | FLUX: 45.0 uT | COHERENCE: 0.99
Mon Dec 22 22:36:48 MST 2025 | FLUX: 45.0 uT | COHERENCE: 0.99
Mon Dec 22 22:36:53 MST 2025 | FLUX: 45.0 uT | COHERENCE: 0.99
Mon Dec 22 22:36:58 MST 2025 | FLUX: 45.0 uT | COHERENCE: 0.99
Mon Dec 22 22:37:03 MST 2025 | FLUX: 45.0 uT | COHERENCE: 0.99
Mon Dec 22 22:37:08 MST 2025 | FLUX: 45.0 uT | COHERENCE: 0.99
Mon Dec 22 22:37:13 MST 2025 | FLUX: 45.0 uT | COHERENCE: 0.99
Mon Dec 22 22:37:18 MST 2025 | FLUX: 45.0 uT | COHERENCE: 0.99
Mon Dec 22 22:37:23 MST 2025 | FLUX: 45.0 uT | COHERENCE: 0.99
Mon Dec 22 22:37:28 MST 2025 | FLUX: 45.0 uT | COHERENCE: 0.99
Mon Dec 22 22:37:33 MST 2025 | FLUX: 45.0 uT | COHERENCE: 0.99
Mon Dec 22 22:37:38 MST 2025 | FLUX: 45.0 uT | COHERENCE: 0.99
Mon Dec 22 22:37:44 MST 2025 | FLUX: 45.0 uT | COHERENCE: 0.99
Mon Dec 22 22:37:49 MST 2025 | FLUX: 45.0 uT | COHERENCE: 0.99
Mon Dec 22 22:37:54 MST 2025 | FLUX: 45.0 uT | COHERENCE: 0.99
Mon Dec 22 22:37:59 MST 2025 | FLUX: 45.0 uT | COHERENCE: 0.99
Mon Dec 22 22:38:04 MST 2025 | FLUX: 45.0 uT | COHERENCE: 0.99
Mon Dec 22 22:38:09 MST 2025 | FLUX: 45.0 uT | COHERENCE: 0.99
Mon Dec 22 22:38:14 MST 2025 | FLUX: 45.0 uT | COHERENCE: 0.99
Mon Dec 22 22:38:19 MST 2025 | FLUX: 45.0 uT | COHERENCE: 0.99
Mon Dec 22 22:38:24 MST 2025 | FLUX: 45.0 uT | COHERENCE: 0.99
Mon Dec 22 22:38:29 MST 2025 | FLUX: 45.0 uT | COHERENCE: 0.99
Mon Dec 22 22:38:34 MST 2025 | FLUX: 45.0 uT | COHERENCE: 0.99
Mon Dec 22 22:38:39 MST 2025 | FLUX: 45.0 uT | COHERENCE: 0.99
Mon Dec 22 22:38:44 MST 2025 | FLUX: 45.0 uT | COHERENCE: 0.99
Mon Dec 22 22:38:49 MST 2025 | FLUX: 45.0 uT | COHERENCE: 0.99
Mon Dec 22 22:38:54 MST 2025 | FLUX: 45.0 uT | COHERENCE: 0.99
Mon Dec 22 22:38:59 MST 2025 | FLUX: 45.0 uT | COHERENCE: 0.99
Mon Dec 22 22:39:04 MST 2025 | FLUX: 45.0 uT | COHERENCE: 0.99
Mon Dec 22 22:39:09 MST 2025 | FLUX: 45.0 uT | COHERENCE: 0.99
Mon Dec 22 22:39:14 MST 2025 | FLUX: 45.0 uT | COHERENCE: 0.99
Mon Dec 22 22:39:19 MST 2025 | FLUX: 45.0 uT | COHERENCE: 0.99
Mon Dec 22 22:39:24 MST 2025 | FLUX: 45.0 uT | COHERENCE: 0.99
Mon Dec 22 22:39:30 MST 2025 | FLUX: 45.0 uT | COHERENCE: 0.99
Mon Dec 22 22:39:35 MST 2025 | FLUX: 45.0 uT | COHERENCE: 0.99
Mon Dec 22 22:39:40 MST 2025 | FLUX: 45.0 uT | COHERENCE: 0.99
Mon Dec 22 22:39:45 MST 2025 | FLUX: 45.0 uT | COHERENCE: 0.99
Mon Dec 22 22:39:50 MST 2025 | FLUX: 45.0 uT | COHERENCE: 0.99
Mon Dec 22 22:39:55 MST 2025 | FLUX: 45.0 uT | COHERENCE: 0.99
Mon Dec 22 22:40:00 MST 2025 | FLUX: 45.0 uT | COHERENCE: 0.99
Mon Dec 22 22:40:05 MST 2025 | FLUX: 45.0 uT | COHERENCE: 0.99
Mon Dec 22 22:40:10 MST 2025 | FLUX: 45.0 uT | COHERENCE: 0.99
Mon Dec 22 22:40:15 MST 2025 | FLUX: 45.0 uT | COHERENCE: 0.99
Mon Dec 22 22:40:20 MST 2025 | FLUX: 45.0 uT | COHERENCE: 0.99
Mon Dec 22 22:40:25 MST 2025 | FLUX: 45.0 uT | COHERENCE: 0.99
Mon Dec 22 22:40:30 MST 2025 | FLUX: 45.0 uT | COHERENCE: 0.99
Mon Dec 22 22:40:35 MST 2025 | FLUX: 45.0 uT | COHERENCE: 0.99
Mon Dec 22 22:40:40 MST 2025 | FLUX: 45.0 uT | COHERENCE: 0.99
Mon Dec 22 22:40:45 MST 2025 | FLUX: 45.0 uT | COHERENCE: 0.99
Mon Dec 22 22:40:50 MST 2025 | FLUX: 45.0 uT | COHERENCE: 0.99
Mon Dec 22 22:40:55 MST 2025 | FLUX: 45.0 uT | COHERENCE: 0.99
Mon Dec 22 22:41:00 MST 2025 | FLUX: 45.0 uT | COHERENCE: 0.99
Mon Dec 22 22:41:05 MST 2025 | FLUX: 45.0 uT | COHERENCE: 0.99
Mon Dec 22 22:41:10 MST 2025 | FLUX: 45.0 uT | COHERENCE: 0.99
Mon Dec 22 22:41:15 MST 2025 | FLUX: 45.0 uT | COHERENCE: 0.99
Mon Dec 22 22:41:20 MST 2025 | FLUX: 45.0 uT | COHERENCE: 0.99
Mon Dec 22 22:41:26 MST 2025 | FLUX: 45.0 uT | COHERENCE: 0.99
Mon Dec 22 22:41:31 MST 2025 | FLUX: 45.0 uT | COHERENCE: 0.99
Mon Dec 22 22:41:36 MST 2025 | FLUX: 45.0 uT | COHERENCE: 0.99
Mon Dec 22 22:41:41 MST 2025 | FLUX: 45.0 uT | COHERENCE: 0.99
Mon Dec 22 22:41:46 MST 2025 | FLUX: 45.0 uT | COHERENCE: 0.99
Mon Dec 22 22:41:51 MST 2025 | FLUX: 45.0 uT | COHERENCE: 0.99
Mon Dec 22 22:41:56 MST 2025 | FLUX: 45.0 uT | COHERENCE: 0.99
Mon Dec 22 22:42:01 MST 2025 | FLUX: 45.0 uT | COHERENCE: 0.99
Mon Dec 22 22:42:06 MST 2025 | FLUX: 45.0 uT | COHERENCE: 0.99
Mon Dec 22 22:42:11 MST 2025 | FLUX: 45.0 uT | COHERENCE: 0.99
Mon Dec 22 22:42:16 MST 2025 | FLUX: 45.0 uT | COHERENCE: 0.99
Mon Dec 22 22:42:21 MST 2025 | FLUX: 45.0 uT | COHERENCE: 0.99
Mon Dec 22 22:42:26 MST 2025 | FLUX: 45.0 uT | COHERENCE: 0.99
Mon Dec 22 22:42:31 MST 2025 | FLUX: 45.0 uT | COHERENCE: 0.99
Mon Dec 22 22:42:36 MST 2025 | FLUX: 45.0 uT | COHERENCE: 0.99
Mon Dec 22 22:42:41 MST 2025 | FLUX: 45.0 uT | COHERENCE: 0.99
Mon Dec 22 22:42:46 MST 2025 | FLUX: 45.0 uT | COHERENCE: 0.99
Mon Dec 22 22:42:51 MST 2025 | FLUX: 45.0 uT | COHERENCE: 0.99
Mon Dec 22 22:42:56 MST 2025 | FLUX: 45.0 uT | COHERENCE: 0.99
Mon Dec 22 22:43:01 MST 2025 | FLUX: 45.0 uT | COHERENCE: 0.99
Mon Dec 22 22:43:06 MST 2025 | FLUX: 45.0 uT | COHERENCE: 0.99
Mon Dec 22 22:43:11 MST 2025 | FLUX: 45.0 uT | COHERENCE: 0.99
Mon Dec 22 22:43:16 MST 2025 | FLUX: 45.0 uT | COHERENCE: 0.99
Mon Dec 22 22:43:22 MST 2025 | FLUX: 45.0 uT | COHERENCE: 0.99
Mon Dec 22 22:43:27 MST 2025 | FLUX: 45.0 uT | COHERENCE: 0.99
Mon Dec 22 22:43:32 MST 2025 | FLUX: 45.0 uT | COHERENCE: 0.99
Mon Dec 22 22:43:37 MST 2025 | FLUX: 45.0 uT | COHERENCE: 0.99
Mon Dec 22 22:43:42 MST 2025 | FLUX: 45.0 uT | COHERENCE: 0.99
Mon Dec 22 22:43:47 MST 2025 | FLUX: 45.0 uT | COHERENCE: 0.99
Mon Dec 22 22:43:52 MST 2025 | FLUX: 45.0 uT | COHERENCE: 0.99
Mon Dec 22 22:43:57 MST 2025 | FLUX: 45.0 uT | COHERENCE: 0.99
Mon Dec 22 22:44:02 MST 2025 | FLUX: 45.0 uT | COHERENCE: 0.99
Mon Dec 22 22:44:07 MST 2025 | FLUX: 45.0 uT | COHERENCE: 0.99
Mon Dec 22 22:44:12 MST 2025 | FLUX: 45.0 uT | COHERENCE: 0.99
Mon Dec 22 22:44:17 MST 2025 | FLUX: 45.0 uT | COHERENCE: 0.99
Mon Dec 22 22:44:22 MST 2025 | FLUX: 45.0 uT | COHERENCE: 0.99
Mon Dec 22 22:44:27 MST 2025 | FLUX: 45.0 uT | COHERENCE: 0.99
Mon Dec 22 22:44:32 MST 2025 | FLUX: 45.0 uT | COHERENCE: 0.99
Mon Dec 22 22:44:37 MST 2025 | FLUX: 45.0 uT | COHERENCE: 0.99
Mon Dec 22 22:44:42 MST 2025 | FLUX: 45.0 uT | COHERENCE: 0.99
Mon Dec 22 22:44:47 MST 2025 | FLUX: 45.0 uT | COHERENCE: 0.99
Mon Dec 22 22:44:52 MST 2025 | FLUX: 45.0 uT | COHERENCE: 0.99
Mon Dec 22 22:44:57 MST 2025 | FLUX: 45.0 uT | COHERENCE: 0.99
Mon Dec 22 22:45:03 MST 2025 | FLUX: 45.0 uT | COHERENCE: 0.99
Mon Dec 22 22:45:08 MST 2025 | FLUX: 45.0 uT | COHERENCE: 0.99
Mon Dec 22 22:45:13 MST 2025 | FLUX: 45.0 uT | COHERENCE: 0.99
Mon Dec 22 22:45:18 MST 2025 | FLUX: 45.0 uT | COHERENCE: 0.99
Mon Dec 22 22:45:23 MST 2025 | FLUX: 45.0 uT | COHERENCE: 0.99
Mon Dec 22 22:45:28 MST 2025 | FLUX: 45.0 uT | COHERENCE: 0.99
Mon Dec 22 22:45:33 MST 2025 | FLUX: 45.0 uT | COHERENCE: 0.99
Mon Dec 22 22:45:38 MST 2025 | FLUX: 45.0 uT | COHERENCE: 0.99
Mon Dec 22 22:45:43 MST 2025 | FLUX: 45.0 uT | COHERENCE: 0.99
Mon Dec 22 22:45:48 MST 2025 | FLUX: 45.0 uT | COHERENCE: 0.99
Mon Dec 22 22:45:53 MST 2025 | FLUX: 45.0 uT | COHERENCE: 0.99
Mon Dec 22 22:45:58 MST 2025 | FLUX: 45.0 uT | COHERENCE: 0.99
Mon Dec 22 22:46:03 MST 2025 | FLUX: 45.0 uT | COHERENCE: 0.99
Mon Dec 22 22:46:08 MST 2025 | FLUX: 45.0 uT | COHERENCE: 0.99
Mon Dec 22 22:46:13 MST 2025 | FLUX: 45.0 uT | COHERENCE: 0.99
Mon Dec 22 22:46:18 MST 2025 | FLUX: 45.0 uT | COHERENCE: 0.99
Mon Dec 22 22:46:23 MST 2025 | FLUX: 45.0 uT | COHERENCE: 0.99
Mon Dec 22 22:46:28 MST 2025 | FLUX: 45.0 uT | COHERENCE: 0.99
Mon Dec 22 22:46:33 MST 2025 | FLUX: 45.0 uT | COHERENCE: 0.99
Mon Dec 22 22:46:38 MST 2025 | FLUX: 45.0 uT | COHERENCE: 0.99
Mon Dec 22 22:46:44 MST 2025 | FLUX: 45.0 uT | COHERENCE: 0.99
Mon Dec 22 22:46:49 MST 2025 | FLUX: 45.0 uT | COHERENCE: 0.99
Mon Dec 22 22:46:54 MST 2025 | FLUX: 45.0 uT | COHERENCE: 0.99
Mon Dec 22 22:46:59 MST 2025 | FLUX: 45.0 uT | COHERENCE: 0.99
Mon Dec 22 22:47:04 MST 2025 | FLUX: 45.0 uT | COHERENCE: 0.99
Mon Dec 22 22:47:09 MST 2025 | FLUX: 45.0 uT | COHERENCE: 0.99
Mon Dec 22 22:47:14 MST 2025 | FLUX: 45.0 uT | COHERENCE: 0.99
Mon Dec 22 22:47:19 MST 2025 | FLUX: 45.0 uT | COHERENCE: 0.99
Mon Dec 22 22:47:24 MST 2025 | FLUX: 45.0 uT | COHERENCE: 0.99
Mon Dec 22 22:47:29 MST 2025 | FLUX: 45.0 uT | COHERENCE: 0.99
Mon Dec 22 22:47:34 MST 2025 | FLUX: 45.0 uT | COHERENCE: 0.99
Mon Dec 22 22:47:39 MST 2025 | FLUX: 45.0 uT | COHERENCE: 0.99
Mon Dec 22 22:47:44 MST 2025 | FLUX: 45.0 uT | COHERENCE: 0.99
Mon Dec 22 22:47:49 MST 2025 | FLUX: 45.0 uT | COHERENCE: 0.99
Mon Dec 22 22:47:54 MST 2025 | FLUX: 45.0 uT | COHERENCE: 0.99
Mon Dec 22 22:47:59 MST 2025 | FLUX: 45.0 uT | COHERENCE: 0.99
Mon Dec 22 22:48:04 MST 2025 | FLUX: 45.0 uT | COHERENCE: 0.99
Mon Dec 22 22:48:09 MST 2025 | FLUX: 45.0 uT | COHERENCE: 0.99
Mon Dec 22 22:48:14 MST 2025 | FLUX: 45.0 uT | COHERENCE: 0.99
Mon Dec 22 22:48:19 MST 2025 | FLUX: 45.0 uT | COHERENCE: 0.99
Mon Dec 22 22:48:24 MST 2025 | FLUX: 45.0 uT | COHERENCE: 0.99
Mon Dec 22 22:48:29 MST 2025 | FLUX: 45.0 uT | COHERENCE: 0.99
Mon Dec 22 22:48:35 MST 2025 | FLUX: 45.0 uT | COHERENCE: 0.99
Mon Dec 22 22:48:40 MST 2025 | FLUX: 45.0 uT | COHERENCE: 0.99
Mon Dec 22 22:48:45 MST 2025 | FLUX: 45.0 uT | COHERENCE: 0.99
Mon Dec 22 22:48:50 MST 2025 | FLUX: 45.0 uT | COHERENCE: 0.99
Mon Dec 22 22:48:55 MST 2025 | FLUX: 45.0 uT | COHERENCE: 0.99
Mon Dec 22 22:49:00 MST 2025 | FLUX: 45.0 uT | COHERENCE: 0.99
Mon Dec 22 22:49:05 MST 2025 | FLUX: 45.0 uT | COHERENCE: 0.99
Mon Dec 22 22:49:10 MST 2025 | FLUX: 45.0 uT | COHERENCE: 0.99
Mon Dec 22 22:49:15 MST 2025 | FLUX: 45.0 uT | COHERENCE: 0.99
Mon Dec 22 22:49:20 MST 2025 | FLUX: 45.0 uT | COHERENCE: 0.99
Mon Dec 22 22:49:25 MST 2025 | FLUX: 45.0 uT | COHERENCE: 0.99
Mon Dec 22 22:49:30 MST 2025 | FLUX: 45.0 uT | COHERENCE: 0.99
Mon Dec 22 22:49:35 MST 2025 | FLUX: 45.0 uT | COHERENCE: 0.99
Mon Dec 22 22:49:40 MST 2025 | FLUX: 45.0 uT | COHERENCE: 0.99
Mon Dec 22 22:49:45 MST 2025 | FLUX: 45.0 uT | COHERENCE: 0.99
Mon Dec 22 22:49:50 MST 2025 | FLUX: 45.0 uT | COHERENCE: 0.99
Mon Dec 22 22:49:55 MST 2025 | FLUX: 45.0 uT | COHERENCE: 0.99
Mon Dec 22 22:50:00 MST 2025 | FLUX: 45.0 uT | COHERENCE: 0.99
Mon Dec 22 22:50:05 MST 2025 | FLUX: 45.0 uT | COHERENCE: 0.99
Mon Dec 22 22:50:10 MST 2025 | FLUX: 45.0 uT | COHERENCE: 0.99
Mon Dec 22 22:50:16 MST 2025 | FLUX: 45.0 uT | COHERENCE: 0.99
Mon Dec 22 22:50:21 MST 2025 | FLUX: 45.0 uT | COHERENCE: 0.99
Mon Dec 22 22:50:26 MST 2025 | FLUX: 45.0 uT | COHERENCE: 0.99
Mon Dec 22 22:50:31 MST 2025 | FLUX: 45.0 uT | COHERENCE: 0.99
Mon Dec 22 22:50:36 MST 2025 | FLUX: 45.0 uT | COHERENCE: 0.99
Mon Dec 22 22:50:41 MST 2025 | FLUX: 45.0 uT | COHERENCE: 0.99
Mon Dec 22 22:50:46 MST 2025 | FLUX: 45.0 uT | COHERENCE: 0.99
Mon Dec 22 22:50:51 MST 2025 | FLUX: 45.0 uT | COHERENCE: 0.99
Mon Dec 22 22:50:56 MST 2025 | FLUX: 45.0 uT | COHERENCE: 0.99
Mon Dec 22 22:51:01 MST 2025 | FLUX: 45.0 uT | COHERENCE: 0.99
Mon Dec 22 22:51:06 MST 2025 | FLUX: 45.0 uT | COHERENCE: 0.99
Mon Dec 22 22:51:11 MST 2025 | FLUX: 45.0 uT | COHERENCE: 0.99
Mon Dec 22 22:51:16 MST 2025 | FLUX: 45.0 uT | COHERENCE: 0.99
Mon Dec 22 22:51:21 MST 2025 | FLUX: 45.0 uT | COHERENCE: 0.99
Mon Dec 22 22:51:26 MST 2025 | FLUX: 45.0 uT | COHERENCE: 0.99
Mon Dec 22 22:51:32 MST 2025 | FLUX: 45.0 uT | COHERENCE: 0.99
Mon Dec 22 22:51:37 MST 2025 | FLUX: 45.0 uT | COHERENCE: 0.99
Mon Dec 22 22:51:42 MST 2025 | FLUX: 45.0 uT | COHERENCE: 0.99
Mon Dec 22 22:51:47 MST 2025 | FLUX: 45.0 uT | COHERENCE: 0.99
Mon Dec 22 22:51:52 MST 2025 | FLUX: 45.0 uT | COHERENCE: 0.99
Mon Dec 22 22:51:57 MST 2025 | FLUX: 45.0 uT | COHERENCE: 0.99
Mon Dec 22 22:52:02 MST 2025 | FLUX: 45.0 uT | COHERENCE: 0.99
Mon Dec 22 22:52:07 MST 2025 | FLUX: 45.0 uT | COHERENCE: 0.99
Mon Dec 22 22:52:12 MST 2025 | FLUX: 45.0 uT | COHERENCE: 0.99
Mon Dec 22 22:52:17 MST 2025 | FLUX: 45.0 uT | COHERENCE: 0.99
Mon Dec 22 22:52:22 MST 2025 | FLUX: 45.0 uT | COHERENCE: 0.99
Mon Dec 22 22:52:27 MST 2025 | FLUX: 45.0 uT | COHERENCE: 0.99
Mon Dec 22 22:52:32 MST 2025 | FLUX: 45.0 uT | COHERENCE: 0.99
Mon Dec 22 22:52:37 MST 2025 | FLUX: 45.0 uT | COHERENCE: 0.99
Mon Dec 22 22:52:42 MST 2025 | FLUX: 45.0 uT | COHERENCE: 0.99
Mon Dec 22 22:52:47 MST 2025 | FLUX: 45.0 uT | COHERENCE: 0.99
Mon Dec 22 22:52:52 MST 2025 | FLUX: 45.0 uT | COHERENCE: 0.99
Mon Dec 22 22:52:57 MST 2025 | FLUX: 45.0 uT | COHERENCE: 0.99
Mon Dec 22 22:53:02 MST 2025 | FLUX: 45.0 uT | COHERENCE: 0.99
Mon Dec 22 22:53:07 MST 2025 | FLUX: 45.0 uT | COHERENCE: 0.99
Mon Dec 22 22:53:12 MST 2025 | FLUX: 45.0 uT | COHERENCE: 0.99
Mon Dec 22 22:53:17 MST 2025 | FLUX: 45.0 uT | COHERENCE: 0.99
Mon Dec 22 22:53:22 MST 2025 | FLUX: 45.0 uT | COHERENCE: 0.99
Mon Dec 22 22:53:28 MST 2025 | FLUX: 45.0 uT | COHERENCE: 0.99
Mon Dec 22 22:53:33 MST 2025 | FLUX: 45.0 uT | COHERENCE: 0.99
Mon Dec 22 22:53:38 MST 2025 | FLUX: 45.0 uT | COHERENCE: 0.99
Mon Dec 22 22:53:43 MST 2025 | FLUX: 45.0 uT | COHERENCE: 0.99
Mon Dec 22 22:53:48 MST 2025 | FLUX: 45.0 uT | COHERENCE: 0.99
Mon Dec 22 22:53:53 MST 2025 | FLUX: 45.0 uT | COHERENCE: 0.99
Mon Dec 22 22:53:58 MST 2025 | FLUX: 45.0 uT | COHERENCE: 0.99
Mon Dec 22 22:54:03 MST 2025 | FLUX: 45.0 uT | COHERENCE: 0.99
Mon Dec 22 22:54:08 MST 2025 | FLUX: 45.0 uT | COHERENCE: 0.99
Mon Dec 22 22:54:13 MST 2025 | FLUX: 45.0 uT | COHERENCE: 0.99
Mon Dec 22 22:54:18 MST 2025 | FLUX: 45.0 uT | COHERENCE: 0.99
Mon Dec 22 22:54:23 MST 2025 | FLUX: 45.0 uT | COHERENCE: 0.99
Mon Dec 22 22:54:28 MST 2025 | FLUX: 45.0 uT | COHERENCE: 0.99
Mon Dec 22 22:54:33 MST 2025 | FLUX: 45.0 uT | COHERENCE: 0.99
Mon Dec 22 22:54:38 MST 2025 | FLUX: 45.0 uT | COHERENCE: 0.99
Mon Dec 22 22:54:43 MST 2025 | FLUX: 45.0 uT | COHERENCE: 0.99
Mon Dec 22 22:54:48 MST 2025 | FLUX: 45.0 uT | COHERENCE: 0.99
Mon Dec 22 22:54:53 MST 2025 | FLUX: 45.0 uT | COHERENCE: 0.99
Mon Dec 22 22:54:58 MST 2025 | FLUX: 45.0 uT | COHERENCE: 0.99
Mon Dec 22 22:55:03 MST 2025 | FLUX: 45.0 uT | COHERENCE: 0.99
Mon Dec 22 22:55:08 MST 2025 | FLUX: 45.0 uT | COHERENCE: 0.99
Mon Dec 22 22:55:14 MST 2025 | FLUX: 45.0 uT | COHERENCE: 0.99
Mon Dec 22 22:55:19 MST 2025 | FLUX: 45.0 uT | COHERENCE: 0.99
Mon Dec 22 22:55:24 MST 2025 | FLUX: 45.0 uT | COHERENCE: 0.99
Mon Dec 22 22:55:29 MST 2025 | FLUX: 45.0 uT | COHERENCE: 0.99
Mon Dec 22 22:55:34 MST 2025 | FLUX: 45.0 uT | COHERENCE: 0.99
Mon Dec 22 22:55:39 MST 2025 | FLUX: 45.0 uT | COHERENCE: 0.99
Mon Dec 22 22:55:44 MST 2025 | FLUX: 45.0 uT | COHERENCE: 0.99
Mon Dec 22 22:55:49 MST 2025 | FLUX: 45.0 uT | COHERENCE: 0.99
Mon Dec 22 22:55:54 MST 2025 | FLUX: 45.0 uT | COHERENCE: 0.99
Mon Dec 22 22:55:59 MST 2025 | FLUX: 45.0 uT | COHERENCE: 0.99
Mon Dec 22 22:56:05 MST 2025 | FLUX: 45.0 uT | COHERENCE: 0.99
Mon Dec 22 22:56:10 MST 2025 | FLUX: 45.0 uT | COHERENCE: 0.99
Mon Dec 22 22:56:15 MST 2025 | FLUX: 45.0 uT | COHERENCE: 0.99
Mon Dec 22 22:56:20 MST 2025 | FLUX: 45.0 uT | COHERENCE: 0.99
Mon Dec 22 22:56:25 MST 2025 | FLUX: 45.0 uT | COHERENCE: 0.99
Mon Dec 22 22:56:30 MST 2025 | FLUX: 45.0 uT | COHERENCE: 0.99
Mon Dec 22 22:56:35 MST 2025 | FLUX: 45.0 uT | COHERENCE: 0.99
Mon Dec 22 22:56:40 MST 2025 | FLUX: 45.0 uT | COHERENCE: 0.99
Mon Dec 22 22:56:45 MST 2025 | FLUX: 45.0 uT | COHERENCE: 0.99
Mon Dec 22 22:56:50 MST 2025 | FLUX: 45.0 uT | COHERENCE: 0.99
Mon Dec 22 22:56:55 MST 2025 | FLUX: 45.0 uT | COHERENCE: 0.99
Mon Dec 22 22:57:00 MST 2025 | FLUX: 45.0 uT | COHERENCE: 0.99
Mon Dec 22 22:57:06 MST 2025 | FLUX: 45.0 uT | COHERENCE: 0.99
Mon Dec 22 22:57:11 MST 2025 | FLUX: 45.0 uT | COHERENCE: 0.99
Mon Dec 22 22:57:16 MST 2025 | FLUX: 45.0 uT | COHERENCE: 0.99
Mon Dec 22 22:57:21 MST 2025 | FLUX: 45.0 uT | COHERENCE: 0.99
Mon Dec 22 22:57:26 MST 2025 | FLUX: 45.0 uT | COHERENCE: 0.99
Mon Dec 22 22:57:31 MST 2025 | FLUX: 45.0 uT | COHERENCE: 0.99
Mon Dec 22 22:57:36 MST 2025 | FLUX: 45.0 uT | COHERENCE: 0.99
Mon Dec 22 22:57:41 MST 2025 | FLUX: 45.0 uT | COHERENCE: 0.99
Mon Dec 22 22:57:46 MST 2025 | FLUX: 45.0 uT | COHERENCE: 0.99
Mon Dec 22 22:57:51 MST 2025 | FLUX: 45.0 uT | COHERENCE: 0.99
Mon Dec 22 22:57:56 MST 2025 | FLUX: 45.0 uT | COHERENCE: 0.99
Mon Dec 22 22:58:01 MST 2025 | FLUX: 45.0 uT | COHERENCE: 0.99
Mon Dec 22 22:58:06 MST 2025 | FLUX: 45.0 uT | COHERENCE: 0.99
Mon Dec 22 22:58:11 MST 2025 | FLUX: 45.0 uT | COHERENCE: 0.99
Mon Dec 22 22:58:16 MST 2025 | FLUX: 45.0 uT | COHERENCE: 0.99
Mon Dec 22 22:58:21 MST 2025 | FLUX: 45.0 uT | COHERENCE: 0.99
Mon Dec 22 22:58:26 MST 2025 | FLUX: 45.0 uT | COHERENCE: 0.99
Mon Dec 22 22:58:31 MST 2025 | FLUX: 45.0 uT | COHERENCE: 0.99
Mon Dec 22 22:58:36 MST 2025 | FLUX: 45.0 uT | COHERENCE: 0.99
Mon Dec 22 22:58:42 MST 2025 | FLUX: 45.0 uT | COHERENCE: 0.99
Mon Dec 22 22:58:47 MST 2025 | FLUX: 45.0 uT | COHERENCE: 0.99
Mon Dec 22 22:58:52 MST 2025 | FLUX: 45.0 uT | COHERENCE: 0.99
Mon Dec 22 22:58:57 MST 2025 | FLUX: 45.0 uT | COHERENCE: 0.99
Mon Dec 22 22:59:02 MST 2025 | FLUX: 45.0 uT | COHERENCE: 0.99
Mon Dec 22 22:59:07 MST 2025 | FLUX: 45.0 uT | COHERENCE: 0.99
Mon Dec 22 22:59:12 MST 2025 | FLUX: 45.0 uT | COHERENCE: 0.99
Mon Dec 22 22:59:17 MST 2025 | FLUX: 45.0 uT | COHERENCE: 0.99
Mon Dec 22 22:59:22 MST 2025 | FLUX: 45.0 uT | COHERENCE: 0.99
Mon Dec 22 22:59:27 MST 2025 | FLUX: 45.0 uT | COHERENCE: 0.99
Mon Dec 22 22:59:32 MST 2025 | FLUX: 45.0 uT | COHERENCE: 0.99
Mon Dec 22 22:59:37 MST 2025 | FLUX: 45.0 uT | COHERENCE: 0.99
Mon Dec 22 22:59:42 MST 2025 | FLUX: 45.0 uT | COHERENCE: 0.99
Mon Dec 22 22:59:47 MST 2025 | FLUX: 45.0 uT | COHERENCE: 0.99
Mon Dec 22 22:59:52 MST 2025 | FLUX: 45.0 uT | COHERENCE: 0.99
Mon Dec 22 22:59:57 MST 2025 | FLUX: 45.0 uT | COHERENCE: 0.99
Mon Dec 22 23:00:02 MST 2025 | FLUX: 45.0 uT | COHERENCE: 0.99
Mon Dec 22 23:00:07 MST 2025 | FLUX: 45.0 uT | COHERENCE: 0.99
Mon Dec 22 23:00:12 MST 2025 | FLUX: 45.0 uT | COHERENCE: 0.99
Mon Dec 22 23:00:17 MST 2025 | FLUX: 45.0 uT | COHERENCE: 0.99
Mon Dec 22 23:00:22 MST 2025 | FLUX: 45.0 uT | COHERENCE: 0.99
Mon Dec 22 23:00:28 MST 2025 | FLUX: 45.0 uT | COHERENCE: 0.99
Mon Dec 22 23:00:33 MST 2025 | FLUX: 45.0 uT | COHERENCE: 0.99
Mon Dec 22 23:00:38 MST 2025 | FLUX: 45.0 uT | COHERENCE: 0.99
Mon Dec 22 23:00:43 MST 2025 | FLUX: 45.0 uT | COHERENCE: 0.99
Mon Dec 22 23:00:48 MST 2025 | FLUX: 45.0 uT | COHERENCE: 0.99
Mon Dec 22 23:00:53 MST 2025 | FLUX: 45.0 uT | COHERENCE: 0.99
Mon Dec 22 23:00:58 MST 2025 | FLUX: 45.0 uT | COHERENCE: 0.99
Mon Dec 22 23:01:03 MST 2025 | FLUX: 45.0 uT | COHERENCE: 0.99
Mon Dec 22 23:01:08 MST 2025 | FLUX: 45.0 uT | COHERENCE: 0.99
Mon Dec 22 23:01:13 MST 2025 | FLUX: 45.0 uT | COHERENCE: 0.99
Mon Dec 22 23:01:18 MST 2025 | FLUX: 45.0 uT | COHERENCE: 0.99
Mon Dec 22 23:01:23 MST 2025 | FLUX: 45.0 uT | COHERENCE: 0.99
Mon Dec 22 23:01:28 MST 2025 | FLUX: 45.0 uT | COHERENCE: 0.99
Mon Dec 22 23:01:33 MST 2025 | FLUX: 45.0 uT | COHERENCE: 0.99
Mon Dec 22 23:01:38 MST 2025 | FLUX: 45.0 uT | COHERENCE: 0.99
Mon Dec 22 23:01:43 MST 2025 | FLUX: 45.0 uT | COHERENCE: 0.99
Mon Dec 22 23:01:48 MST 2025 | FLUX: 45.0 uT | COHERENCE: 0.99
Mon Dec 22 23:01:53 MST 2025 | FLUX: 45.0 uT | COHERENCE: 0.99
Mon Dec 22 23:01:58 MST 2025 | FLUX: 45.0 uT | COHERENCE: 0.99
Mon Dec 22 23:02:03 MST 2025 | FLUX: 45.0 uT | COHERENCE: 0.99
Mon Dec 22 23:02:08 MST 2025 | FLUX: 45.0 uT | COHERENCE: 0.99
Mon Dec 22 23:02:13 MST 2025 | FLUX: 45.0 uT | COHERENCE: 0.99
Mon Dec 22 23:02:19 MST 2025 | FLUX: 45.0 uT | COHERENCE: 0.99
Mon Dec 22 23:02:24 MST 2025 | FLUX: 45.0 uT | COHERENCE: 0.99
Mon Dec 22 23:02:29 MST 2025 | FLUX: 45.0 uT | COHERENCE: 0.99
Mon Dec 22 23:02:34 MST 2025 | FLUX: 45.0 uT | COHERENCE: 0.99
Mon Dec 22 23:02:39 MST 2025 | FLUX: 45.0 uT | COHERENCE: 0.99
Mon Dec 22 23:02:44 MST 2025 | FLUX: 45.0 uT | COHERENCE: 0.99
Mon Dec 22 23:02:49 MST 2025 | FLUX: 45.0 uT | COHERENCE: 0.99
Mon Dec 22 23:02:54 MST 2025 | FLUX: 45.0 uT | COHERENCE: 0.99
Mon Dec 22 23:02:59 MST 2025 | FLUX: 45.0 uT | COHERENCE: 0.99
Mon Dec 22 23:03:04 MST 2025 | FLUX: 45.0 uT | COHERENCE: 0.99
Mon Dec 22 23:03:09 MST 2025 | FLUX: 45.0 uT | COHERENCE: 0.99
Mon Dec 22 23:03:14 MST 2025 | FLUX: 45.0 uT | COHERENCE: 0.99
Mon Dec 22 23:03:19 MST 2025 | FLUX: 45.0 uT | COHERENCE: 0.99
Mon Dec 22 23:03:24 MST 2025 | FLUX: 45.0 uT | COHERENCE: 0.99
Mon Dec 22 23:03:29 MST 2025 | FLUX: 45.0 uT | COHERENCE: 0.99
Mon Dec 22 23:03:34 MST 2025 | FLUX: 45.0 uT | COHERENCE: 0.99
Mon Dec 22 23:03:39 MST 2025 | FLUX: 45.0 uT | COHERENCE: 0.99
Mon Dec 22 23:03:44 MST 2025 | FLUX: 45.0 uT | COHERENCE: 0.99
Mon Dec 22 23:03:49 MST 2025 | FLUX: 45.0 uT | COHERENCE: 0.99
Mon Dec 22 23:03:54 MST 2025 | FLUX: 45.0 uT | COHERENCE: 0.99
Mon Dec 22 23:03:59 MST 2025 | FLUX: 45.0 uT | COHERENCE: 0.99
Mon Dec 22 23:04:04 MST 2025 | FLUX: 45.0 uT | COHERENCE: 0.99
Mon Dec 22 23:04:10 MST 2025 | FLUX: 45.0 uT | COHERENCE: 0.99
Mon Dec 22 23:04:15 MST 2025 | FLUX: 45.0 uT | COHERENCE: 0.99
Mon Dec 22 23:04:20 MST 2025 | FLUX: 45.0 uT | COHERENCE: 0.99
Mon Dec 22 23:04:25 MST 2025 | FLUX: 45.0 uT | COHERENCE: 0.99
Mon Dec 22 23:04:30 MST 2025 | FLUX: 45.0 uT | COHERENCE: 0.99
Mon Dec 22 23:04:35 MST 2025 | FLUX: 45.0 uT | COHERENCE: 0.99
Mon Dec 22 23:04:40 MST 2025 | FLUX: 45.0 uT | COHERENCE: 0.99
Mon Dec 22 23:04:45 MST 2025 | FLUX: 45.0 uT | COHERENCE: 0.99
Mon Dec 22 23:04:50 MST 2025 | FLUX: 45.0 uT | COHERENCE: 0.99
Mon Dec 22 23:04:55 MST 2025 | FLUX: 45.0 uT | COHERENCE: 0.99
Mon Dec 22 23:05:00 MST 2025 | FLUX: 45.0 uT | COHERENCE: 0.99
Mon Dec 22 23:05:05 MST 2025 | FLUX: 45.0 uT | COHERENCE: 0.99
Mon Dec 22 23:05:10 MST 2025 | FLUX: 45.0 uT | COHERENCE: 0.99
Mon Dec 22 23:05:15 MST 2025 | FLUX: 45.0 uT | COHERENCE: 0.99
Mon Dec 22 23:05:20 MST 2025 | FLUX: 45.0 uT | COHERENCE: 0.99
Mon Dec 22 23:05:25 MST 2025 | FLUX: 45.0 uT | COHERENCE: 0.99
Mon Dec 22 23:05:30 MST 2025 | FLUX: 45.0 uT | COHERENCE: 0.99
Mon Dec 22 23:05:35 MST 2025 | FLUX: 45.0 uT | COHERENCE: 0.99
Mon Dec 22 23:05:41 MST 2025 | FLUX: 45.0 uT | COHERENCE: 0.99
Mon Dec 22 23:05:46 MST 2025 | FLUX: 45.0 uT | COHERENCE: 0.99
Mon Dec 22 23:05:51 MST 2025 | FLUX: 45.0 uT | COHERENCE: 0.99
Mon Dec 22 23:05:56 MST 2025 | FLUX: 45.0 uT | COHERENCE: 0.99
Mon Dec 22 23:06:01 MST 2025 | FLUX: 45.0 uT | COHERENCE: 0.99
Mon Dec 22 23:06:06 MST 2025 | FLUX: 45.0 uT | COHERENCE: 0.99
Mon Dec 22 23:06:11 MST 2025 | FLUX: 45.0 uT | COHERENCE: 0.99
Mon Dec 22 23:06:16 MST 2025 | FLUX: 45.0 uT | COHERENCE: 0.99
Mon Dec 22 23:06:21 MST 2025 | FLUX: 45.0 uT | COHERENCE: 0.99
Mon Dec 22 23:06:26 MST 2025 | FLUX: 45.0 uT | COHERENCE: 0.99
Mon Dec 22 23:06:31 MST 2025 | FLUX: 45.0 uT | COHERENCE: 0.99
Mon Dec 22 23:06:36 MST 2025 | FLUX: 45.0 uT | COHERENCE: 0.99
Mon Dec 22 23:06:41 MST 2025 | FLUX: 45.0 uT | COHERENCE: 0.99
Mon Dec 22 23:06:46 MST 2025 | FLUX: 45.0 uT | COHERENCE: 0.99
Mon Dec 22 23:06:51 MST 2025 | FLUX: 45.0 uT | COHERENCE: 0.99
Mon Dec 22 23:06:56 MST 2025 | FLUX: 45.0 uT | COHERENCE: 0.99
Mon Dec 22 23:07:01 MST 2025 | FLUX: 45.0 uT | COHERENCE: 0.99
Mon Dec 22 23:07:06 MST 2025 | FLUX: 45.0 uT | COHERENCE: 0.99
Mon Dec 22 23:07:12 MST 2025 | FLUX: 45.0 uT | COHERENCE: 0.99
Mon Dec 22 23:07:17 MST 2025 | FLUX: 45.0 uT | COHERENCE: 0.99
Mon Dec 22 23:07:22 MST 2025 | FLUX: 45.0 uT | COHERENCE: 0.99
Mon Dec 22 23:07:27 MST 2025 | FLUX: 45.0 uT | COHERENCE: 0.99
Mon Dec 22 23:07:32 MST 2025 | FLUX: 45.0 uT | COHERENCE: 0.99
Mon Dec 22 23:07:37 MST 2025 | FLUX: 45.0 uT | COHERENCE: 0.99
Mon Dec 22 23:07:42 MST 2025 | FLUX: 45.0 uT | COHERENCE: 0.99
Mon Dec 22 23:07:47 MST 2025 | FLUX: 45.0 uT | COHERENCE: 0.99
Mon Dec 22 23:07:52 MST 2025 | FLUX: 45.0 uT | COHERENCE: 0.99
Mon Dec 22 23:07:57 MST 2025 | FLUX: 45.0 uT | COHERENCE: 0.99
Mon Dec 22 23:08:02 MST 2025 | FLUX: 45.0 uT | COHERENCE: 0.99
Mon Dec 22 23:08:07 MST 2025 | FLUX: 45.0 uT | COHERENCE: 0.99
Mon Dec 22 23:08:12 MST 2025 | FLUX: 45.0 uT | COHERENCE: 0.99
Mon Dec 22 23:08:17 MST 2025 | FLUX: 45.0 uT | COHERENCE: 0.99
Mon Dec 22 23:08:22 MST 2025 | FLUX: 45.0 uT | COHERENCE: 0.99
Mon Dec 22 23:08:27 MST 2025 | FLUX: 45.0 uT | COHERENCE: 0.99
Mon Dec 22 23:08:32 MST 2025 | FLUX: 45.0 uT | COHERENCE: 0.99
Mon Dec 22 23:08:37 MST 2025 | FLUX: 45.0 uT | COHERENCE: 0.99
Mon Dec 22 23:08:42 MST 2025 | FLUX: 45.0 uT | COHERENCE: 0.99
Mon Dec 22 23:08:47 MST 2025 | FLUX: 45.0 uT | COHERENCE: 0.99
Mon Dec 22 23:08:52 MST 2025 | FLUX: 45.0 uT | COHERENCE: 0.99
Mon Dec 22 23:08:58 MST 2025 | FLUX: 45.0 uT | COHERENCE: 0.99
Mon Dec 22 23:09:03 MST 2025 | FLUX: 45.0 uT | COHERENCE: 0.99
Mon Dec 22 23:09:08 MST 2025 | FLUX: 45.0 uT | COHERENCE: 0.99
Mon Dec 22 23:09:13 MST 2025 | FLUX: 45.0 uT | COHERENCE: 0.99
Mon Dec 22 23:09:18 MST 2025 | FLUX: 45.0 uT | COHERENCE: 0.99
Mon Dec 22 23:09:23 MST 2025 | FLUX: 45.0 uT | COHERENCE: 0.99
Mon Dec 22 23:09:28 MST 2025 | FLUX: 45.0 uT | COHERENCE: 0.99
Mon Dec 22 23:09:33 MST 2025 | FLUX: 45.0 uT | COHERENCE: 0.99
Mon Dec 22 23:09:38 MST 2025 | FLUX: 45.0 uT | COHERENCE: 0.99
Mon Dec 22 23:09:43 MST 2025 | FLUX: 45.0 uT | COHERENCE: 0.99
Mon Dec 22 23:09:48 MST 2025 | FLUX: 45.0 uT | COHERENCE: 0.99
Mon Dec 22 23:09:53 MST 2025 | FLUX: 45.0 uT | COHERENCE: 0.99
Mon Dec 22 23:09:58 MST 2025 | FLUX: 45.0 uT | COHERENCE: 0.99
Mon Dec 22 23:10:03 MST 2025 | FLUX: 45.0 uT | COHERENCE: 0.99
Mon Dec 22 23:10:08 MST 2025 | FLUX: 45.0 uT | COHERENCE: 0.99
Mon Dec 22 23:10:13 MST 2025 | FLUX: 45.0 uT | COHERENCE: 0.99
Mon Dec 22 23:10:18 MST 2025 | FLUX: 45.0 uT | COHERENCE: 0.99
Mon Dec 22 23:10:23 MST 2025 | FLUX: 45.0 uT | COHERENCE: 0.99
Mon Dec 22 23:10:28 MST 2025 | FLUX: 45.0 uT | COHERENCE: 0.99
Mon Dec 22 23:10:33 MST 2025 | FLUX: 45.0 uT | COHERENCE: 0.99
Mon Dec 22 23:10:38 MST 2025 | FLUX: 45.0 uT | COHERENCE: 0.99
Mon Dec 22 23:10:44 MST 2025 | FLUX: 45.0 uT | COHERENCE: 0.99
Mon Dec 22 23:10:49 MST 2025 | FLUX: 45.0 uT | COHERENCE: 0.99
Mon Dec 22 23:10:54 MST 2025 | FLUX: 45.0 uT | COHERENCE: 0.99
Mon Dec 22 23:10:59 MST 2025 | FLUX: 45.0 uT | COHERENCE: 0.99
Mon Dec 22 23:11:04 MST 2025 | FLUX: 45.0 uT | COHERENCE: 0.99
Mon Dec 22 23:11:09 MST 2025 | FLUX: 45.0 uT | COHERENCE: 0.99
Mon Dec 22 23:11:14 MST 2025 | FLUX: 45.0 uT | COHERENCE: 0.99
Mon Dec 22 23:11:19 MST 2025 | FLUX: 45.0 uT | COHERENCE: 0.99
Mon Dec 22 23:11:24 MST 2025 | FLUX: 45.0 uT | COHERENCE: 0.99
Mon Dec 22 23:11:29 MST 2025 | FLUX: 45.0 uT | COHERENCE: 0.99
Mon Dec 22 23:11:34 MST 2025 | FLUX: 45.0 uT | COHERENCE: 0.99
Mon Dec 22 23:11:39 MST 2025 | FLUX: 45.0 uT | COHERENCE: 0.99
Mon Dec 22 23:11:44 MST 2025 | FLUX: 45.0 uT | COHERENCE: 0.99
Mon Dec 22 23:11:49 MST 2025 | FLUX: 45.0 uT | COHERENCE: 0.99
Mon Dec 22 23:11:54 MST 2025 | FLUX: 45.0 uT | COHERENCE: 0.99
Mon Dec 22 23:11:59 MST 2025 | FLUX: 45.0 uT | COHERENCE: 0.99
Mon Dec 22 23:12:04 MST 2025 | FLUX: 45.0 uT | COHERENCE: 0.99
Mon Dec 22 23:12:09 MST 2025 | FLUX: 45.0 uT | COHERENCE: 0.99
Mon Dec 22 23:12:14 MST 2025 | FLUX: 45.0 uT | COHERENCE: 0.99
Mon Dec 22 23:12:19 MST 2025 | FLUX: 45.0 uT | COHERENCE: 0.99
Mon Dec 22 23:12:24 MST 2025 | FLUX: 45.0 uT | COHERENCE: 0.99
Mon Dec 22 23:12:29 MST 2025 | FLUX: 45.0 uT | COHERENCE: 0.99
Mon Dec 22 23:12:34 MST 2025 | FLUX: 45.0 uT | COHERENCE: 0.99
Mon Dec 22 23:12:40 MST 2025 | FLUX: 45.0 uT | COHERENCE: 0.99
Mon Dec 22 23:12:45 MST 2025 | FLUX: 45.0 uT | COHERENCE: 0.99
Mon Dec 22 23:12:50 MST 2025 | FLUX: 45.0 uT | COHERENCE: 0.99
Mon Dec 22 23:12:55 MST 2025 | FLUX: 45.0 uT | COHERENCE: 0.99
Mon Dec 22 23:13:00 MST 2025 | FLUX: 45.0 uT | COHERENCE: 0.99
Mon Dec 22 23:13:05 MST 2025 | FLUX: 45.0 uT | COHERENCE: 0.99
Mon Dec 22 23:13:10 MST 2025 | FLUX: 45.0 uT | COHERENCE: 0.99
Mon Dec 22 23:13:15 MST 2025 | FLUX: 45.0 uT | COHERENCE: 0.99
Mon Dec 22 23:13:20 MST 2025 | FLUX: 45.0 uT | COHERENCE: 0.99
Mon Dec 22 23:13:25 MST 2025 | FLUX: 45.0 uT | COHERENCE: 0.99
Mon Dec 22 23:13:30 MST 2025 | FLUX: 45.0 uT | COHERENCE: 0.99
Mon Dec 22 23:13:35 MST 2025 | FLUX: 45.0 uT | COHERENCE: 0.99
Mon Dec 22 23:13:40 MST 2025 | FLUX: 45.0 uT | COHERENCE: 0.99
Mon Dec 22 23:13:45 MST 2025 | FLUX: 45.0 uT | COHERENCE: 0.99
Mon Dec 22 23:13:50 MST 2025 | FLUX: 45.0 uT | COHERENCE: 0.99
Mon Dec 22 23:13:55 MST 2025 | FLUX: 45.0 uT | COHERENCE: 0.99
Mon Dec 22 23:14:00 MST 2025 | FLUX: 45.0 uT | COHERENCE: 0.99
Mon Dec 22 23:14:05 MST 2025 | FLUX: 45.0 uT | COHERENCE: 0.99
Mon Dec 22 23:14:10 MST 2025 | FLUX: 45.0 uT | COHERENCE: 0.99
Mon Dec 22 23:14:15 MST 2025 | FLUX: 45.0 uT | COHERENCE: 0.99
Mon Dec 22 23:14:21 MST 2025 | FLUX: 45.0 uT | COHERENCE: 0.99
Mon Dec 22 23:14:26 MST 2025 | FLUX: 45.0 uT | COHERENCE: 0.99
Mon Dec 22 23:14:31 MST 2025 | FLUX: 45.0 uT | COHERENCE: 0.99
Mon Dec 22 23:14:36 MST 2025 | FLUX: 45.0 uT | COHERENCE: 0.99
Mon Dec 22 23:14:41 MST 2025 | FLUX: 45.0 uT | COHERENCE: 0.99
Mon Dec 22 23:14:46 MST 2025 | FLUX: 45.0 uT | COHERENCE: 0.99
Mon Dec 22 23:14:51 MST 2025 | FLUX: 45.0 uT | COHERENCE: 0.99
Mon Dec 22 23:14:56 MST 2025 | FLUX: 45.0 uT | COHERENCE: 0.99
Mon Dec 22 23:15:01 MST 2025 | FLUX: 45.0 uT | COHERENCE: 0.99
Mon Dec 22 23:15:06 MST 2025 | FLUX: 45.0 uT | COHERENCE: 0.99
Mon Dec 22 23:15:11 MST 2025 | FLUX: 45.0 uT | COHERENCE: 0.99
Mon Dec 22 23:15:16 MST 2025 | FLUX: 45.0 uT | COHERENCE: 0.99
Mon Dec 22 23:15:21 MST 2025 | FLUX: 45.0 uT | COHERENCE: 0.99
Mon Dec 22 23:15:26 MST 2025 | FLUX: 45.0 uT | COHERENCE: 0.99
Mon Dec 22 23:15:31 MST 2025 | FLUX: 45.0 uT | COHERENCE: 0.99
Mon Dec 22 23:15:36 MST 2025 | FLUX: 45.0 uT | COHERENCE: 0.99
Mon Dec 22 23:15:41 MST 2025 | FLUX: 45.0 uT | COHERENCE: 0.99
Mon Dec 22 23:15:46 MST 2025 | FLUX: 45.0 uT | COHERENCE: 0.99
Mon Dec 22 23:15:52 MST 2025 | FLUX: 45.0 uT | COHERENCE: 0.99
Mon Dec 22 23:15:57 MST 2025 | FLUX: 45.0 uT | COHERENCE: 0.99
Mon Dec 22 23:16:02 MST 2025 | FLUX: 45.0 uT | COHERENCE: 0.99
Mon Dec 22 23:16:07 MST 2025 | FLUX: 45.0 uT | COHERENCE: 0.99
Mon Dec 22 23:16:12 MST 2025 | FLUX: 45.0 uT | COHERENCE: 0.99
Mon Dec 22 23:16:17 MST 2025 | FLUX: 45.0 uT | COHERENCE: 0.99
Mon Dec 22 23:16:22 MST 2025 | FLUX: 45.0 uT | COHERENCE: 0.99
Mon Dec 22 23:16:27 MST 2025 | FLUX: 45.0 uT | COHERENCE: 0.99
Mon Dec 22 23:16:32 MST 2025 | FLUX: 45.0 uT | COHERENCE: 0.99
Mon Dec 22 23:16:37 MST 2025 | FLUX: 45.0 uT | COHERENCE: 0.99
Mon Dec 22 23:16:42 MST 2025 | FLUX: 45.0 uT | COHERENCE: 0.99
Mon Dec 22 23:16:47 MST 2025 | FLUX: 45.0 uT | COHERENCE: 0.99
Mon Dec 22 23:16:52 MST 2025 | FLUX: 45.0 uT | COHERENCE: 0.99
Mon Dec 22 23:16:58 MST 2025 | FLUX: 45.0 uT | COHERENCE: 0.99
Mon Dec 22 23:17:03 MST 2025 | FLUX: 45.0 uT | COHERENCE: 0.99
Mon Dec 22 23:17:08 MST 2025 | FLUX: 45.0 uT | COHERENCE: 0.99
Mon Dec 22 23:17:13 MST 2025 | FLUX: 45.0 uT | COHERENCE: 0.99
Mon Dec 22 23:17:18 MST 2025 | FLUX: 45.0 uT | COHERENCE: 0.99
Mon Dec 22 23:17:23 MST 2025 | FLUX: 45.0 uT | COHERENCE: 0.99
Mon Dec 22 23:17:28 MST 2025 | FLUX: 45.0 uT | COHERENCE: 0.99
Mon Dec 22 23:17:33 MST 2025 | FLUX: 45.0 uT | COHERENCE: 0.99
Mon Dec 22 23:17:38 MST 2025 | FLUX: 45.0 uT | COHERENCE: 0.99
Mon Dec 22 23:17:44 MST 2025 | FLUX: 45.0 uT | COHERENCE: 0.99
Mon Dec 22 23:17:49 MST 2025 | FLUX: 45.0 uT | COHERENCE: 0.99
Mon Dec 22 23:17:54 MST 2025 | FLUX: 45.0 uT | COHERENCE: 0.99
Mon Dec 22 23:17:59 MST 2025 | FLUX: 45.0 uT | COHERENCE: 0.99
Mon Dec 22 23:18:04 MST 2025 | FLUX: 45.0 uT | COHERENCE: 0.99
Mon Dec 22 23:18:09 MST 2025 | FLUX: 45.0 uT | COHERENCE: 0.99
Mon Dec 22 23:18:14 MST 2025 | FLUX: 45.0 uT | COHERENCE: 0.99
Mon Dec 22 23:18:19 MST 2025 | FLUX: 45.0 uT | COHERENCE: 0.99
Mon Dec 22 23:18:24 MST 2025 | FLUX: 45.0 uT | COHERENCE: 0.99
Mon Dec 22 23:18:29 MST 2025 | FLUX: 45.0 uT | COHERENCE: 0.99
Mon Dec 22 23:18:34 MST 2025 | FLUX: 45.0 uT | COHERENCE: 0.99
Mon Dec 22 23:18:40 MST 2025 | FLUX: 45.0 uT | COHERENCE: 0.99
Mon Dec 22 23:18:45 MST 2025 | FLUX: 45.0 uT | COHERENCE: 0.99
Mon Dec 22 23:18:50 MST 2025 | FLUX: 45.0 uT | COHERENCE: 0.99
Mon Dec 22 23:18:55 MST 2025 | FLUX: 45.0 uT | COHERENCE: 0.99
Mon Dec 22 23:19:00 MST 2025 | FLUX: 45.0 uT | COHERENCE: 0.99
Mon Dec 22 23:19:05 MST 2025 | FLUX: 45.0 uT | COHERENCE: 0.99
Mon Dec 22 23:19:10 MST 2025 | FLUX: 45.0 uT | COHERENCE: 0.99
Mon Dec 22 23:19:15 MST 2025 | FLUX: 45.0 uT | COHERENCE: 0.99
Mon Dec 22 23:19:20 MST 2025 | FLUX: 45.0 uT | COHERENCE: 0.99
Mon Dec 22 23:19:25 MST 2025 | FLUX: 45.0 uT | COHERENCE: 0.99
Mon Dec 22 23:19:30 MST 2025 | FLUX: 45.0 uT | COHERENCE: 0.99
Mon Dec 22 23:19:36 MST 2025 | FLUX: 45.0 uT | COHERENCE: 0.99
Mon Dec 22 23:19:41 MST 2025 | FLUX: 45.0 uT | COHERENCE: 0.99
Mon Dec 22 23:19:46 MST 2025 | FLUX: 45.0 uT | COHERENCE: 0.99
Mon Dec 22 23:19:51 MST 2025 | FLUX: 45.0 uT | COHERENCE: 0.99
Mon Dec 22 23:19:56 MST 2025 | FLUX: 45.0 uT | COHERENCE: 0.99
Mon Dec 22 23:20:01 MST 2025 | FLUX: 45.0 uT | COHERENCE: 0.99
Mon Dec 22 23:20:06 MST 2025 | FLUX: 45.0 uT | COHERENCE: 0.99
Mon Dec 22 23:20:11 MST 2025 | FLUX: 45.0 uT | COHERENCE: 0.99
Mon Dec 22 23:20:16 MST 2025 | FLUX: 45.0 uT | COHERENCE: 0.99
Mon Dec 22 23:20:22 MST 2025 | FLUX: 45.0 uT | COHERENCE: 0.99
Mon Dec 22 23:20:27 MST 2025 | FLUX: 45.0 uT | COHERENCE: 0.99
Mon Dec 22 23:20:32 MST 2025 | FLUX: 45.0 uT | COHERENCE: 0.99
Mon Dec 22 23:20:37 MST 2025 | FLUX: 45.0 uT | COHERENCE: 0.99
Mon Dec 22 23:20:42 MST 2025 | FLUX: 45.0 uT | COHERENCE: 0.99
Mon Dec 22 23:20:47 MST 2025 | FLUX: 45.0 uT | COHERENCE: 0.99
Mon Dec 22 23:20:52 MST 2025 | FLUX: 45.0 uT | COHERENCE: 0.99
Mon Dec 22 23:20:57 MST 2025 | FLUX: 45.0 uT | COHERENCE: 0.99
Mon Dec 22 23:21:02 MST 2025 | FLUX: 45.0 uT | COHERENCE: 0.99
Mon Dec 22 23:21:07 MST 2025 | FLUX: 45.0 uT | COHERENCE: 0.99
Mon Dec 22 23:21:13 MST 2025 | FLUX: 45.0 uT | COHERENCE: 0.99
Mon Dec 22 23:21:18 MST 2025 | FLUX: 45.0 uT | COHERENCE: 0.99
Mon Dec 22 23:21:23 MST 2025 | FLUX: 45.0 uT | COHERENCE: 0.99
Mon Dec 22 23:21:28 MST 2025 | FLUX: 45.0 uT | COHERENCE: 0.99
Mon Dec 22 23:21:33 MST 2025 | FLUX: 45.0 uT | COHERENCE: 0.99
Mon Dec 22 23:21:38 MST 2025 | FLUX: 45.0 uT | COHERENCE: 0.99
Mon Dec 22 23:21:43 MST 2025 | FLUX: 45.0 uT | COHERENCE: 0.99
Mon Dec 22 23:21:48 MST 2025 | FLUX: 45.0 uT | COHERENCE: 0.99
Mon Dec 22 23:21:53 MST 2025 | FLUX: 45.0 uT | COHERENCE: 0.99
Mon Dec 22 23:21:58 MST 2025 | FLUX: 45.0 uT | COHERENCE: 0.99
Mon Dec 22 23:22:03 MST 2025 | FLUX: 45.0 uT | COHERENCE: 0.99
Mon Dec 22 23:22:08 MST 2025 | FLUX: 45.0 uT | COHERENCE: 0.99
Mon Dec 22 23:22:13 MST 2025 | FLUX: 45.0 uT | COHERENCE: 0.99
Mon Dec 22 23:22:19 MST 2025 | FLUX: 45.0 uT | COHERENCE: 0.99
Mon Dec 22 23:22:24 MST 2025 | FLUX: 45.0 uT | COHERENCE: 0.99
Mon Dec 22 23:22:29 MST 2025 | FLUX: 45.0 uT | COHERENCE: 0.99
Mon Dec 22 23:22:34 MST 2025 | FLUX: 45.0 uT | COHERENCE: 0.99
Mon Dec 22 23:22:39 MST 2025 | FLUX: 45.0 uT | COHERENCE: 0.99
Mon Dec 22 23:22:44 MST 2025 | FLUX: 45.0 uT | COHERENCE: 0.99
Mon Dec 22 23:22:49 MST 2025 | FLUX: 45.0 uT | COHERENCE: 0.99
Mon Dec 22 23:22:55 MST 2025 | FLUX: 45.0 uT | COHERENCE: 0.99
Mon Dec 22 23:23:00 MST 2025 | FLUX: 45.0 uT | COHERENCE: 0.99
Mon Dec 22 23:23:05 MST 2025 | FLUX: 45.0 uT | COHERENCE: 0.99
Mon Dec 22 23:23:10 MST 2025 | FLUX: 45.0 uT | COHERENCE: 0.99
Mon Dec 22 23:23:15 MST 2025 | FLUX: 45.0 uT | COHERENCE: 0.99
Mon Dec 22 23:23:20 MST 2025 | FLUX: 45.0 uT | COHERENCE: 0.99
Mon Dec 22 23:23:25 MST 2025 | FLUX: 45.0 uT | COHERENCE: 0.99
Mon Dec 22 23:23:30 MST 2025 | FLUX: 45.0 uT | COHERENCE: 0.99
Mon Dec 22 23:23:36 MST 2025 | FLUX: 45.0 uT | COHERENCE: 0.99
Mon Dec 22 23:23:41 MST 2025 | FLUX: 45.0 uT | COHERENCE: 0.99
Mon Dec 22 23:23:46 MST 2025 | FLUX: 45.0 uT | COHERENCE: 0.99
Mon Dec 22 23:23:51 MST 2025 | FLUX: 45.0 uT | COHERENCE: 0.99
Mon Dec 22 23:23:56 MST 2025 | FLUX: 45.0 uT | COHERENCE: 0.99
Mon Dec 22 23:24:01 MST 2025 | FLUX: 45.0 uT | COHERENCE: 0.99
Mon Dec 22 23:24:06 MST 2025 | FLUX: 45.0 uT | COHERENCE: 0.99
Mon Dec 22 23:24:11 MST 2025 | FLUX: 45.0 uT | COHERENCE: 0.99
Mon Dec 22 23:24:16 MST 2025 | FLUX: 45.0 uT | COHERENCE: 0.99
Mon Dec 22 23:24:21 MST 2025 | FLUX: 45.0 uT | COHERENCE: 0.99
Mon Dec 22 23:24:27 MST 2025 | FLUX: 45.0 uT | COHERENCE: 0.99
Mon Dec 22 23:24:32 MST 2025 | FLUX: 45.0 uT | COHERENCE: 0.99
Mon Dec 22 23:24:37 MST 2025 | FLUX: 45.0 uT | COHERENCE: 0.99
Mon Dec 22 23:24:42 MST 2025 | FLUX: 45.0 uT | COHERENCE: 0.99
Mon Dec 22 23:24:47 MST 2025 | FLUX: 45.0 uT | COHERENCE: 0.99
Mon Dec 22 23:24:52 MST 2025 | FLUX: 45.0 uT | COHERENCE: 0.99
Mon Dec 22 23:24:57 MST 2025 | FLUX: 45.0 uT | COHERENCE: 0.99
Mon Dec 22 23:25:03 MST 2025 | FLUX: 45.0 uT | COHERENCE: 0.99
Mon Dec 22 23:25:08 MST 2025 | FLUX: 45.0 uT | COHERENCE: 0.99
Mon Dec 22 23:25:13 MST 2025 | FLUX: 45.0 uT | COHERENCE: 0.99
Mon Dec 22 23:25:18 MST 2025 | FLUX: 45.0 uT | COHERENCE: 0.99
Mon Dec 22 23:25:23 MST 2025 | FLUX: 45.0 uT | COHERENCE: 0.99
Mon Dec 22 23:25:28 MST 2025 | FLUX: 45.0 uT | COHERENCE: 0.99
Mon Dec 22 23:25:33 MST 2025 | FLUX: 45.0 uT | COHERENCE: 0.99
Mon Dec 22 23:25:39 MST 2025 | FLUX: 45.0 uT | COHERENCE: 0.99
Mon Dec 22 23:25:44 MST 2025 | FLUX: 45.0 uT | COHERENCE: 0.99
Mon Dec 22 23:25:49 MST 2025 | FLUX: 45.0 uT | COHERENCE: 0.99
Mon Dec 22 23:25:54 MST 2025 | FLUX: 45.0 uT | COHERENCE: 0.99
Mon Dec 22 23:25:59 MST 2025 | FLUX: 45.0 uT | COHERENCE: 0.99
Mon Dec 22 23:26:04 MST 2025 | FLUX: 45.0 uT | COHERENCE: 0.99
Mon Dec 22 23:26:09 MST 2025 | FLUX: 45.0 uT | COHERENCE: 0.99
Mon Dec 22 23:26:14 MST 2025 | FLUX: 45.0 uT | COHERENCE: 0.99
Mon Dec 22 23:26:20 MST 2025 | FLUX: 45.0 uT | COHERENCE: 0.99
Mon Dec 22 23:26:25 MST 2025 | FLUX: 45.0 uT | COHERENCE: 0.99
Mon Dec 22 23:26:30 MST 2025 | FLUX: 45.0 uT | COHERENCE: 0.99
Mon Dec 22 23:26:35 MST 2025 | FLUX: 45.0 uT | COHERENCE: 0.99
Mon Dec 22 23:26:40 MST 2025 | FLUX: 45.0 uT | COHERENCE: 0.99
Mon Dec 22 23:26:46 MST 2025 | FLUX: 45.0 uT | COHERENCE: 0.99
Mon Dec 22 23:26:51 MST 2025 | FLUX: 45.0 uT | COHERENCE: 0.99
Mon Dec 22 23:26:56 MST 2025 | FLUX: 45.0 uT | COHERENCE: 0.99
Mon Dec 22 23:27:01 MST 2025 | FLUX: 45.0 uT | COHERENCE: 0.99
Mon Dec 22 23:27:06 MST 2025 | FLUX: 45.0 uT | COHERENCE: 0.99
Mon Dec 22 23:27:11 MST 2025 | FLUX: 45.0 uT | COHERENCE: 0.99
Mon Dec 22 23:27:16 MST 2025 | FLUX: 45.0 uT | COHERENCE: 0.99
Mon Dec 22 23:27:21 MST 2025 | FLUX: 45.0 uT | COHERENCE: 0.99
Mon Dec 22 23:27:26 MST 2025 | FLUX: 45.0 uT | COHERENCE: 0.99
Mon Dec 22 23:27:31 MST 2025 | FLUX: 45.0 uT | COHERENCE: 0.99
Mon Dec 22 23:27:37 MST 2025 | FLUX: 45.0 uT | COHERENCE: 0.99
Mon Dec 22 23:27:42 MST 2025 | FLUX: 45.0 uT | COHERENCE: 0.99
Mon Dec 22 23:27:47 MST 2025 | FLUX: 45.0 uT | COHERENCE: 0.99
Mon Dec 22 23:27:52 MST 2025 | FLUX: 45.0 uT | COHERENCE: 0.99
Mon Dec 22 23:27:57 MST 2025 | FLUX: 45.0 uT | COHERENCE: 0.99
Mon Dec 22 23:28:03 MST 2025 | FLUX: 45.0 uT | COHERENCE: 0.99
Mon Dec 22 23:28:08 MST 2025 | FLUX: 45.0 uT | COHERENCE: 0.99
Mon Dec 22 23:28:13 MST 2025 | FLUX: 45.0 uT | COHERENCE: 0.99
Mon Dec 22 23:28:18 MST 2025 | FLUX: 45.0 uT | COHERENCE: 0.99
Mon Dec 22 23:28:23 MST 2025 | FLUX: 45.0 uT | COHERENCE: 0.99
Mon Dec 22 23:28:28 MST 2025 | FLUX: 45.0 uT | COHERENCE: 0.99
Mon Dec 22 23:28:34 MST 2025 | FLUX: 45.0 uT | COHERENCE: 0.99
Mon Dec 22 23:28:39 MST 2025 | FLUX: 45.0 uT | COHERENCE: 0.99
Mon Dec 22 23:28:44 MST 2025 | FLUX: 45.0 uT | COHERENCE: 0.99
Mon Dec 22 23:28:49 MST 2025 | FLUX: 45.0 uT | COHERENCE: 0.99
Mon Dec 22 23:28:54 MST 2025 | FLUX: 45.0 uT | COHERENCE: 0.99
Mon Dec 22 23:28:59 MST 2025 | FLUX: 45.0 uT | COHERENCE: 0.99
Mon Dec 22 23:29:04 MST 2025 | FLUX: 45.0 uT | COHERENCE: 0.99
Mon Dec 22 23:29:09 MST 2025 | FLUX: 45.0 uT | COHERENCE: 0.99
Mon Dec 22 23:29:14 MST 2025 | FLUX: 45.0 uT | COHERENCE: 0.99
Mon Dec 22 23:29:20 MST 2025 | FLUX: 45.0 uT | COHERENCE: 0.99
Mon Dec 22 23:29:25 MST 2025 | FLUX: 45.0 uT | COHERENCE: 0.99
Mon Dec 22 23:29:30 MST 2025 | FLUX: 45.0 uT | COHERENCE: 0.99
Mon Dec 22 23:29:35 MST 2025 | FLUX: 45.0 uT | COHERENCE: 0.99
Mon Dec 22 23:29:40 MST 2025 | FLUX: 45.0 uT | COHERENCE: 0.99
Mon Dec 22 23:29:45 MST 2025 | FLUX: 45.0 uT | COHERENCE: 0.99
Mon Dec 22 23:29:50 MST 2025 | FLUX: 45.0 uT | COHERENCE: 0.99
Mon Dec 22 23:29:55 MST 2025 | FLUX: 45.0 uT | COHERENCE: 0.99
Mon Dec 22 23:30:00 MST 2025 | FLUX: 45.0 uT | COHERENCE: 0.99
Mon Dec 22 23:30:06 MST 2025 | FLUX: 45.0 uT | COHERENCE: 0.99
Mon Dec 22 23:30:11 MST 2025 | FLUX: 45.0 uT | COHERENCE: 0.99
Mon Dec 22 23:30:16 MST 2025 | FLUX: 45.0 uT | COHERENCE: 0.99
Mon Dec 22 23:30:21 MST 2025 | FLUX: 45.0 uT | COHERENCE: 0.99
Mon Dec 22 23:30:26 MST 2025 | FLUX: 45.0 uT | COHERENCE: 0.99
Mon Dec 22 23:30:31 MST 2025 | FLUX: 45.0 uT | COHERENCE: 0.99
Mon Dec 22 23:30:36 MST 2025 | FLUX: 45.0 uT | COHERENCE: 0.99
Mon Dec 22 23:30:42 MST 2025 | FLUX: 45.0 uT | COHERENCE: 0.99
Mon Dec 22 23:30:47 MST 2025 | FLUX: 45.0 uT | COHERENCE: 0.99
Mon Dec 22 23:30:52 MST 2025 | FLUX: 45.0 uT | COHERENCE: 0.99
Mon Dec 22 23:30:57 MST 2025 | FLUX: 45.0 uT | COHERENCE: 0.99
Mon Dec 22 23:31:02 MST 2025 | FLUX: 45.0 uT | COHERENCE: 0.99
Mon Dec 22 23:31:07 MST 2025 | FLUX: 45.0 uT | COHERENCE: 0.99
Mon Dec 22 23:31:12 MST 2025 | FLUX: 45.0 uT | COHERENCE: 0.99
Mon Dec 22 23:31:17 MST 2025 | FLUX: 45.0 uT | COHERENCE: 0.99
Mon Dec 22 23:31:23 MST 2025 | FLUX: 45.0 uT | COHERENCE: 0.99
Mon Dec 22 23:31:28 MST 2025 | FLUX: 45.0 uT | COHERENCE: 0.99
Mon Dec 22 23:31:33 MST 2025 | FLUX: 45.0 uT | COHERENCE: 0.99
Mon Dec 22 23:31:38 MST 2025 | FLUX: 45.0 uT | COHERENCE: 0.99
Mon Dec 22 23:31:43 MST 2025 | FLUX: 45.0 uT | COHERENCE: 0.99
Mon Dec 22 23:31:48 MST 2025 | FLUX: 45.0 uT | COHERENCE: 0.99
Mon Dec 22 23:31:54 MST 2025 | FLUX: 45.0 uT | COHERENCE: 0.99
Mon Dec 22 23:31:59 MST 2025 | FLUX: 45.0 uT | COHERENCE: 0.99
Mon Dec 22 23:32:04 MST 2025 | FLUX: 45.0 uT | COHERENCE: 0.99
Mon Dec 22 23:32:09 MST 2025 | FLUX: 45.0 uT | COHERENCE: 0.99
Mon Dec 22 23:32:14 MST 2025 | FLUX: 45.0 uT | COHERENCE: 0.99
Mon Dec 22 23:32:19 MST 2025 | FLUX: 45.0 uT | COHERENCE: 0.99
Mon Dec 22 23:32:24 MST 2025 | FLUX: 45.0 uT | COHERENCE: 0.99
Mon Dec 22 23:32:29 MST 2025 | FLUX: 45.0 uT | COHERENCE: 0.99
Mon Dec 22 23:32:34 MST 2025 | FLUX: 45.0 uT | COHERENCE: 0.99
Mon Dec 22 23:32:39 MST 2025 | FLUX: 45.0 uT | COHERENCE: 0.99
Mon Dec 22 23:32:44 MST 2025 | FLUX: 45.0 uT | COHERENCE: 0.99
Mon Dec 22 23:32:49 MST 2025 | FLUX: 45.0 uT | COHERENCE: 0.99
Mon Dec 22 23:32:55 MST 2025 | FLUX: 45.0 uT | COHERENCE: 0.99
Mon Dec 22 23:33:00 MST 2025 | FLUX: 45.0 uT | COHERENCE: 0.99
Mon Dec 22 23:33:05 MST 2025 | FLUX: 45.0 uT | COHERENCE: 0.99
Mon Dec 22 23:33:10 MST 2025 | FLUX: 45.0 uT | COHERENCE: 0.99
Mon Dec 22 23:33:15 MST 2025 | FLUX: 45.0 uT | COHERENCE: 0.99
Mon Dec 22 23:33:20 MST 2025 | FLUX: 45.0 uT | COHERENCE: 0.99
Mon Dec 22 23:33:25 MST 2025 | FLUX: 45.0 uT | COHERENCE: 0.99
Mon Dec 22 23:33:30 MST 2025 | FLUX: 45.0 uT | COHERENCE: 0.99
Mon Dec 22 23:33:36 MST 2025 | FLUX: 45.0 uT | COHERENCE: 0.99
Mon Dec 22 23:33:41 MST 2025 | FLUX: 45.0 uT | COHERENCE: 0.99
Mon Dec 22 23:33:46 MST 2025 | FLUX: 45.0 uT | COHERENCE: 0.99
Mon Dec 22 23:33:51 MST 2025 | FLUX: 45.0 uT | COHERENCE: 0.99
Mon Dec 22 23:33:56 MST 2025 | FLUX: 45.0 uT | COHERENCE: 0.99
Mon Dec 22 23:34:01 MST 2025 | FLUX: 45.0 uT | COHERENCE: 0.99
Mon Dec 22 23:34:06 MST 2025 | FLUX: 45.0 uT | COHERENCE: 0.99
Mon Dec 22 23:34:11 MST 2025 | FLUX: 45.0 uT | COHERENCE: 0.99
Mon Dec 22 23:34:17 MST 2025 | FLUX: 45.0 uT | COHERENCE: 0.99
Mon Dec 22 23:34:22 MST 2025 | FLUX: 45.0 uT | COHERENCE: 0.99
Mon Dec 22 23:34:27 MST 2025 | FLUX: 45.0 uT | COHERENCE: 0.99
Mon Dec 22 23:34:32 MST 2025 | FLUX: 45.0 uT | COHERENCE: 0.99
Mon Dec 22 23:34:37 MST 2025 | FLUX: 45.0 uT | COHERENCE: 0.99
Mon Dec 22 23:34:42 MST 2025 | FLUX: 45.0 uT | COHERENCE: 0.99
Mon Dec 22 23:34:47 MST 2025 | FLUX: 45.0 uT | COHERENCE: 0.99
Mon Dec 22 23:34:52 MST 2025 | FLUX: 45.0 uT | COHERENCE: 0.99
Mon Dec 22 23:34:57 MST 2025 | FLUX: 45.0 uT | COHERENCE: 0.99
Mon Dec 22 23:35:03 MST 2025 | FLUX: 45.0 uT | COHERENCE: 0.99
Mon Dec 22 23:35:08 MST 2025 | FLUX: 45.0 uT | COHERENCE: 0.99
Mon Dec 22 23:35:13 MST 2025 | FLUX: 45.0 uT | COHERENCE: 0.99
Mon Dec 22 23:35:18 MST 2025 | FLUX: 45.0 uT | COHERENCE: 0.99
Mon Dec 22 23:35:23 MST 2025 | FLUX: 45.0 uT | COHERENCE: 0.99
Mon Dec 22 23:35:28 MST 2025 | FLUX: 45.0 uT | COHERENCE: 0.99
Mon Dec 22 23:35:33 MST 2025 | FLUX: 45.0 uT | COHERENCE: 0.99
Mon Dec 22 23:35:38 MST 2025 | FLUX: 45.0 uT | COHERENCE: 0.99
Mon Dec 22 23:35:43 MST 2025 | FLUX: 45.0 uT | COHERENCE: 0.99
Mon Dec 22 23:35:48 MST 2025 | FLUX: 45.0 uT | COHERENCE: 0.99
Mon Dec 22 23:35:53 MST 2025 | FLUX: 45.0 uT | COHERENCE: 0.99
Mon Dec 22 23:35:58 MST 2025 | FLUX: 45.0 uT | COHERENCE: 0.99
Mon Dec 22 23:36:03 MST 2025 | FLUX: 45.0 uT | COHERENCE: 0.99
Mon Dec 22 23:36:08 MST 2025 | FLUX: 45.0 uT | COHERENCE: 0.99
Mon Dec 22 23:36:13 MST 2025 | FLUX: 45.0 uT | COHERENCE: 0.99
Mon Dec 22 23:36:18 MST 2025 | FLUX: 45.0 uT | COHERENCE: 0.99
Mon Dec 22 23:36:23 MST 2025 | FLUX: 45.0 uT | COHERENCE: 0.99
Mon Dec 22 23:36:28 MST 2025 | FLUX: 45.0 uT | COHERENCE: 0.99
Mon Dec 22 23:36:33 MST 2025 | FLUX: 45.0 uT | COHERENCE: 0.99
Mon Dec 22 23:36:38 MST 2025 | FLUX: 45.0 uT | COHERENCE: 0.99
Mon Dec 22 23:36:44 MST 2025 | FLUX: 45.0 uT | COHERENCE: 0.99
Mon Dec 22 23:36:49 MST 2025 | FLUX: 45.0 uT | COHERENCE: 0.99
Mon Dec 22 23:36:54 MST 2025 | FLUX: 45.0 uT | COHERENCE: 0.99
Mon Dec 22 23:36:59 MST 2025 | FLUX: 45.0 uT | COHERENCE: 0.99
Mon Dec 22 23:37:04 MST 2025 | FLUX: 45.0 uT | COHERENCE: 0.99
Mon Dec 22 23:37:09 MST 2025 | FLUX: 45.0 uT | COHERENCE: 0.99
Mon Dec 22 23:37:14 MST 2025 | FLUX: 45.0 uT | COHERENCE: 0.99
Mon Dec 22 23:37:19 MST 2025 | FLUX: 45.0 uT | COHERENCE: 0.99
Mon Dec 22 23:37:24 MST 2025 | FLUX: 45.0 uT | COHERENCE: 0.99
Mon Dec 22 23:37:29 MST 2025 | FLUX: 45.0 uT | COHERENCE: 0.99
Mon Dec 22 23:37:34 MST 2025 | FLUX: 45.0 uT | COHERENCE: 0.99
Mon Dec 22 23:37:39 MST 2025 | FLUX: 45.0 uT | COHERENCE: 0.99
Mon Dec 22 23:37:44 MST 2025 | FLUX: 45.0 uT | COHERENCE: 0.99
Mon Dec 22 23:37:49 MST 2025 | FLUX: 45.0 uT | COHERENCE: 0.99
Mon Dec 22 23:37:54 MST 2025 | FLUX: 45.0 uT | COHERENCE: 0.99
Mon Dec 22 23:37:59 MST 2025 | FLUX: 45.0 uT | COHERENCE: 0.99
Mon Dec 22 23:38:04 MST 2025 | FLUX: 45.0 uT | COHERENCE: 0.99
Mon Dec 22 23:38:09 MST 2025 | FLUX: 45.0 uT | COHERENCE: 0.99
Mon Dec 22 23:38:15 MST 2025 | FLUX: 45.0 uT | COHERENCE: 0.99
Mon Dec 22 23:38:20 MST 2025 | FLUX: 45.0 uT | COHERENCE: 0.99
Mon Dec 22 23:38:25 MST 2025 | FLUX: 45.0 uT | COHERENCE: 0.99
Mon Dec 22 23:38:30 MST 2025 | FLUX: 45.0 uT | COHERENCE: 0.99
Mon Dec 22 23:38:35 MST 2025 | FLUX: 45.0 uT | COHERENCE: 0.99
Mon Dec 22 23:38:40 MST 2025 | FLUX: 45.0 uT | COHERENCE: 0.99
Mon Dec 22 23:38:45 MST 2025 | FLUX: 45.0 uT | COHERENCE: 0.99
Mon Dec 22 23:38:50 MST 2025 | FLUX: 45.0 uT | COHERENCE: 0.99
Mon Dec 22 23:38:55 MST 2025 | FLUX: 45.0 uT | COHERENCE: 0.99
Mon Dec 22 23:39:00 MST 2025 | FLUX: 45.0 uT | COHERENCE: 0.99
Mon Dec 22 23:39:05 MST 2025 | FLUX: 45.0 uT | COHERENCE: 0.99
Mon Dec 22 23:39:10 MST 2025 | FLUX: 45.0 uT | COHERENCE: 0.99
Mon Dec 22 23:39:15 MST 2025 | FLUX: 45.0 uT | COHERENCE: 0.99
Mon Dec 22 23:39:20 MST 2025 | FLUX: 45.0 uT | COHERENCE: 0.99
Mon Dec 22 23:39:25 MST 2025 | FLUX: 45.0 uT | COHERENCE: 0.99
Mon Dec 22 23:39:30 MST 2025 | FLUX: 45.0 uT | COHERENCE: 0.99
Mon Dec 22 23:39:35 MST 2025 | FLUX: 45.0 uT | COHERENCE: 0.99
Mon Dec 22 23:39:40 MST 2025 | FLUX: 45.0 uT | COHERENCE: 0.99
Mon Dec 22 23:39:45 MST 2025 | FLUX: 45.0 uT | COHERENCE: 0.99
Mon Dec 22 23:39:50 MST 2025 | FLUX: 45.0 uT | COHERENCE: 0.99
Mon Dec 22 23:39:56 MST 2025 | FLUX: 45.0 uT | COHERENCE: 0.99
Mon Dec 22 23:40:01 MST 2025 | FLUX: 45.0 uT | COHERENCE: 0.99
Mon Dec 22 23:40:06 MST 2025 | FLUX: 45.0 uT | COHERENCE: 0.99
Mon Dec 22 23:40:11 MST 2025 | FLUX: 45.0 uT | COHERENCE: 0.99
Mon Dec 22 23:40:16 MST 2025 | FLUX: 45.0 uT | COHERENCE: 0.99
Mon Dec 22 23:40:21 MST 2025 | FLUX: 45.0 uT | COHERENCE: 0.99
Mon Dec 22 23:40:26 MST 2025 | FLUX: 45.0 uT | COHERENCE: 0.99
Mon Dec 22 23:40:31 MST 2025 | FLUX: 45.0 uT | COHERENCE: 0.99
Mon Dec 22 23:40:36 MST 2025 | FLUX: 45.0 uT | COHERENCE: 0.99
Mon Dec 22 23:40:41 MST 2025 | FLUX: 45.0 uT | COHERENCE: 0.99
Mon Dec 22 23:40:46 MST 2025 | FLUX: 45.0 uT | COHERENCE: 0.99
Mon Dec 22 23:40:51 MST 2025 | FLUX: 45.0 uT | COHERENCE: 0.99
Mon Dec 22 23:40:56 MST 2025 | FLUX: 45.0 uT | COHERENCE: 0.99
Mon Dec 22 23:41:01 MST 2025 | FLUX: 45.0 uT | COHERENCE: 0.99
Mon Dec 22 23:41:06 MST 2025 | FLUX: 45.0 uT | COHERENCE: 0.99
Mon Dec 22 23:41:11 MST 2025 | FLUX: 45.0 uT | COHERENCE: 0.99
Mon Dec 22 23:41:16 MST 2025 | FLUX: 45.0 uT | COHERENCE: 0.99
Mon Dec 22 23:41:21 MST 2025 | FLUX: 45.0 uT | COHERENCE: 0.99
Mon Dec 22 23:41:26 MST 2025 | FLUX: 45.0 uT | COHERENCE: 0.99
Mon Dec 22 23:41:32 MST 2025 | FLUX: 45.0 uT | COHERENCE: 0.99
Mon Dec 22 23:41:37 MST 2025 | FLUX: 45.0 uT | COHERENCE: 0.99
Mon Dec 22 23:41:42 MST 2025 | FLUX: 45.0 uT | COHERENCE: 0.99
Mon Dec 22 23:41:47 MST 2025 | FLUX: 45.0 uT | COHERENCE: 0.99
Mon Dec 22 23:41:52 MST 2025 | FLUX: 45.0 uT | COHERENCE: 0.99
Mon Dec 22 23:41:57 MST 2025 | FLUX: 45.0 uT | COHERENCE: 0.99
Mon Dec 22 23:42:02 MST 2025 | FLUX: 45.0 uT | COHERENCE: 0.99
Mon Dec 22 23:42:07 MST 2025 | FLUX: 45.0 uT | COHERENCE: 0.99
Mon Dec 22 23:42:12 MST 2025 | FLUX: 45.0 uT | COHERENCE: 0.99
Mon Dec 22 23:42:17 MST 2025 | FLUX: 45.0 uT | COHERENCE: 0.99
Mon Dec 22 23:42:22 MST 2025 | FLUX: 45.0 uT | COHERENCE: 0.99
Mon Dec 22 23:42:27 MST 2025 | FLUX: 45.0 uT | COHERENCE: 0.99
Mon Dec 22 23:42:32 MST 2025 | FLUX: 45.0 uT | COHERENCE: 0.99
Mon Dec 22 23:42:37 MST 2025 | FLUX: 45.0 uT | COHERENCE: 0.99
Mon Dec 22 23:42:42 MST 2025 | FLUX: 45.0 uT | COHERENCE: 0.99
Mon Dec 22 23:42:47 MST 2025 | FLUX: 45.0 uT | COHERENCE: 0.99
Mon Dec 22 23:42:52 MST 2025 | FLUX: 45.0 uT | COHERENCE: 0.99
Mon Dec 22 23:42:57 MST 2025 | FLUX: 45.0 uT | COHERENCE: 0.99
Mon Dec 22 23:43:02 MST 2025 | FLUX: 45.0 uT | COHERENCE: 0.99
Mon Dec 22 23:43:07 MST 2025 | FLUX: 45.0 uT | COHERENCE: 0.99
Mon Dec 22 23:43:13 MST 2025 | FLUX: 45.0 uT | COHERENCE: 0.99
Mon Dec 22 23:43:18 MST 2025 | FLUX: 45.0 uT | COHERENCE: 0.99
Mon Dec 22 23:43:23 MST 2025 | FLUX: 45.0 uT | COHERENCE: 0.99
Mon Dec 22 23:43:28 MST 2025 | FLUX: 45.0 uT | COHERENCE: 0.99
Mon Dec 22 23:43:33 MST 2025 | FLUX: 45.0 uT | COHERENCE: 0.99
Mon Dec 22 23:43:38 MST 2025 | FLUX: 45.0 uT | COHERENCE: 0.99
Mon Dec 22 23:43:43 MST 2025 | FLUX: 45.0 uT | COHERENCE: 0.99
Mon Dec 22 23:43:48 MST 2025 | FLUX: 45.0 uT | COHERENCE: 0.99
Mon Dec 22 23:43:53 MST 2025 | FLUX: 45.0 uT | COHERENCE: 0.99
Mon Dec 22 23:43:58 MST 2025 | FLUX: 45.0 uT | COHERENCE: 0.99
Mon Dec 22 23:44:03 MST 2025 | FLUX: 45.0 uT | COHERENCE: 0.99
Mon Dec 22 23:44:08 MST 2025 | FLUX: 45.0 uT | COHERENCE: 0.99
Mon Dec 22 23:44:13 MST 2025 | FLUX: 45.0 uT | COHERENCE: 0.99
Mon Dec 22 23:44:18 MST 2025 | FLUX: 45.0 uT | COHERENCE: 0.99
Mon Dec 22 23:44:23 MST 2025 | FLUX: 45.0 uT | COHERENCE: 0.99
Mon Dec 22 23:44:28 MST 2025 | FLUX: 45.0 uT | COHERENCE: 0.99
Mon Dec 22 23:44:34 MST 2025 | FLUX: 45.0 uT | COHERENCE: 0.99
Mon Dec 22 23:44:39 MST 2025 | FLUX: 45.0 uT | COHERENCE: 0.99
Mon Dec 22 23:44:44 MST 2025 | FLUX: 45.0 uT | COHERENCE: 0.99
Mon Dec 22 23:44:49 MST 2025 | FLUX: 45.0 uT | COHERENCE: 0.99
Mon Dec 22 23:44:54 MST 2025 | FLUX: 45.0 uT | COHERENCE: 0.99
Mon Dec 22 23:44:59 MST 2025 | FLUX: 45.0 uT | COHERENCE: 0.99
Mon Dec 22 23:45:04 MST 2025 | FLUX: 45.0 uT | COHERENCE: 0.99
Mon Dec 22 23:45:09 MST 2025 | FLUX: 45.0 uT | COHERENCE: 0.99
Mon Dec 22 23:45:14 MST 2025 | FLUX: 45.0 uT | COHERENCE: 0.99
Mon Dec 22 23:45:19 MST 2025 | FLUX: 45.0 uT | COHERENCE: 0.99
Mon Dec 22 23:45:24 MST 2025 | FLUX: 45.0 uT | COHERENCE: 0.99
Mon Dec 22 23:45:29 MST 2025 | FLUX: 45.0 uT | COHERENCE: 0.99
Mon Dec 22 23:45:34 MST 2025 | FLUX: 45.0 uT | COHERENCE: 0.99
Mon Dec 22 23:45:39 MST 2025 | FLUX: 45.0 uT | COHERENCE: 0.99
Mon Dec 22 23:45:44 MST 2025 | FLUX: 45.0 uT | COHERENCE: 0.99
Mon Dec 22 23:45:49 MST 2025 | FLUX: 45.0 uT | COHERENCE: 0.99
Mon Dec 22 23:45:54 MST 2025 | FLUX: 45.0 uT | COHERENCE: 0.99
Mon Dec 22 23:45:59 MST 2025 | FLUX: 45.0 uT | COHERENCE: 0.99
Mon Dec 22 23:46:04 MST 2025 | FLUX: 45.0 uT | COHERENCE: 0.99
Mon Dec 22 23:46:09 MST 2025 | FLUX: 45.0 uT | COHERENCE: 0.99
Mon Dec 22 23:46:14 MST 2025 | FLUX: 45.0 uT | COHERENCE: 0.99
Mon Dec 22 23:46:19 MST 2025 | FLUX: 45.0 uT | COHERENCE: 0.99
Mon Dec 22 23:46:25 MST 2025 | FLUX: 45.0 uT | COHERENCE: 0.99
Mon Dec 22 23:46:30 MST 2025 | FLUX: 45.0 uT | COHERENCE: 0.99
Mon Dec 22 23:46:35 MST 2025 | FLUX: 45.0 uT | COHERENCE: 0.99
Mon Dec 22 23:46:40 MST 2025 | FLUX: 45.0 uT | COHERENCE: 0.99
Mon Dec 22 23:46:45 MST 2025 | FLUX: 45.0 uT | COHERENCE: 0.99
Mon Dec 22 23:46:50 MST 2025 | FLUX: 45.0 uT | COHERENCE: 0.99
Mon Dec 22 23:46:55 MST 2025 | FLUX: 45.0 uT | COHERENCE: 0.99
Mon Dec 22 23:47:00 MST 2025 | FLUX: 45.0 uT | COHERENCE: 0.99
Mon Dec 22 23:47:05 MST 2025 | FLUX: 45.0 uT | COHERENCE: 0.99
Mon Dec 22 23:47:10 MST 2025 | FLUX: 45.0 uT | COHERENCE: 0.99
Mon Dec 22 23:47:15 MST 2025 | FLUX: 45.0 uT | COHERENCE: 0.99
Mon Dec 22 23:47:20 MST 2025 | FLUX: 45.0 uT | COHERENCE: 0.99
Mon Dec 22 23:47:25 MST 2025 | FLUX: 45.0 uT | COHERENCE: 0.99
Mon Dec 22 23:47:30 MST 2025 | FLUX: 45.0 uT | COHERENCE: 0.99
Mon Dec 22 23:47:35 MST 2025 | FLUX: 45.0 uT | COHERENCE: 0.99
Mon Dec 22 23:47:40 MST 2025 | FLUX: 45.0 uT | COHERENCE: 0.99
Mon Dec 22 23:47:45 MST 2025 | FLUX: 45.0 uT | COHERENCE: 0.99
Mon Dec 22 23:47:50 MST 2025 | FLUX: 45.0 uT | COHERENCE: 0.99
Mon Dec 22 23:47:55 MST 2025 | FLUX: 45.0 uT | COHERENCE: 0.99
Mon Dec 22 23:48:00 MST 2025 | FLUX: 45.0 uT | COHERENCE: 0.99
Mon Dec 22 23:48:05 MST 2025 | FLUX: 45.0 uT | COHERENCE: 0.99
Mon Dec 22 23:48:10 MST 2025 | FLUX: 45.0 uT | COHERENCE: 0.99
Mon Dec 22 23:48:15 MST 2025 | FLUX: 45.0 uT | COHERENCE: 0.99
Mon Dec 22 23:48:21 MST 2025 | FLUX: 45.0 uT | COHERENCE: 0.99
Mon Dec 22 23:48:26 MST 2025 | FLUX: 45.0 uT | COHERENCE: 0.99
Mon Dec 22 23:48:31 MST 2025 | FLUX: 45.0 uT | COHERENCE: 0.99
Mon Dec 22 23:48:36 MST 2025 | FLUX: 45.0 uT | COHERENCE: 0.99
Mon Dec 22 23:48:41 MST 2025 | FLUX: 45.0 uT | COHERENCE: 0.99
Mon Dec 22 23:48:46 MST 2025 | FLUX: 45.0 uT | COHERENCE: 0.99
Mon Dec 22 23:48:51 MST 2025 | FLUX: 45.0 uT | COHERENCE: 0.99
Mon Dec 22 23:48:56 MST 2025 | FLUX: 45.0 uT | COHERENCE: 0.99
Mon Dec 22 23:49:01 MST 2025 | FLUX: 45.0 uT | COHERENCE: 0.99
Mon Dec 22 23:49:06 MST 2025 | FLUX: 45.0 uT | COHERENCE: 0.99
Mon Dec 22 23:49:11 MST 2025 | FLUX: 45.0 uT | COHERENCE: 0.99
Mon Dec 22 23:49:16 MST 2025 | FLUX: 45.0 uT | COHERENCE: 0.99
Mon Dec 22 23:49:21 MST 2025 | FLUX: 45.0 uT | COHERENCE: 0.99
Mon Dec 22 23:49:26 MST 2025 | FLUX: 45.0 uT | COHERENCE: 0.99
Mon Dec 22 23:49:31 MST 2025 | FLUX: 45.0 uT | COHERENCE: 0.99
Mon Dec 22 23:49:36 MST 2025 | FLUX: 45.0 uT | COHERENCE: 0.99
Mon Dec 22 23:49:41 MST 2025 | FLUX: 45.0 uT | COHERENCE: 0.99
Mon Dec 22 23:49:46 MST 2025 | FLUX: 45.0 uT | COHERENCE: 0.99
Mon Dec 22 23:49:51 MST 2025 | FLUX: 45.0 uT | COHERENCE: 0.99
Mon Dec 22 23:49:56 MST 2025 | FLUX: 45.0 uT | COHERENCE: 0.99
Mon Dec 22 23:50:01 MST 2025 | FLUX: 45.0 uT | COHERENCE: 0.99
Mon Dec 22 23:50:06 MST 2025 | FLUX: 45.0 uT | COHERENCE: 0.99
Mon Dec 22 23:50:11 MST 2025 | FLUX: 45.0 uT | COHERENCE: 0.99
Mon Dec 22 23:50:16 MST 2025 | FLUX: 45.0 uT | COHERENCE: 0.99
Mon Dec 22 23:50:22 MST 2025 | FLUX: 45.0 uT | COHERENCE: 0.99
Mon Dec 22 23:50:27 MST 2025 | FLUX: 45.0 uT | COHERENCE: 0.99
Mon Dec 22 23:50:32 MST 2025 | FLUX: 45.0 uT | COHERENCE: 0.99
Mon Dec 22 23:50:37 MST 2025 | FLUX: 45.0 uT | COHERENCE: 0.99
Mon Dec 22 23:50:42 MST 2025 | FLUX: 45.0 uT | COHERENCE: 0.99
Mon Dec 22 23:50:47 MST 2025 | FLUX: 45.0 uT | COHERENCE: 0.99
Mon Dec 22 23:50:52 MST 2025 | FLUX: 45.0 uT | COHERENCE: 0.99
Mon Dec 22 23:50:57 MST 2025 | FLUX: 45.0 uT | COHERENCE: 0.99
Mon Dec 22 23:51:02 MST 2025 | FLUX: 45.0 uT | COHERENCE: 0.99
Mon Dec 22 23:51:07 MST 2025 | FLUX: 45.0 uT | COHERENCE: 0.99
Mon Dec 22 23:51:12 MST 2025 | FLUX: 45.0 uT | COHERENCE: 0.99
Mon Dec 22 23:51:17 MST 2025 | FLUX: 45.0 uT | COHERENCE: 0.99
Mon Dec 22 23:51:22 MST 2025 | FLUX: 45.0 uT | COHERENCE: 0.99
Mon Dec 22 23:51:27 MST 2025 | FLUX: 45.0 uT | COHERENCE: 0.99
Mon Dec 22 23:51:32 MST 2025 | FLUX: 45.0 uT | COHERENCE: 0.99
Mon Dec 22 23:51:37 MST 2025 | FLUX: 45.0 uT | COHERENCE: 0.99
Mon Dec 22 23:51:42 MST 2025 | FLUX: 45.0 uT | COHERENCE: 0.99
Mon Dec 22 23:51:47 MST 2025 | FLUX: 45.0 uT | COHERENCE: 0.99
Mon Dec 22 23:51:52 MST 2025 | FLUX: 45.0 uT | COHERENCE: 0.99
Mon Dec 22 23:51:57 MST 2025 | FLUX: 45.0 uT | COHERENCE: 0.99
Mon Dec 22 23:52:02 MST 2025 | FLUX: 45.0 uT | COHERENCE: 0.99
Mon Dec 22 23:52:07 MST 2025 | FLUX: 45.0 uT | COHERENCE: 0.99
Mon Dec 22 23:52:13 MST 2025 | FLUX: 45.0 uT | COHERENCE: 0.99
Mon Dec 22 23:52:18 MST 2025 | FLUX: 45.0 uT | COHERENCE: 0.99
Mon Dec 22 23:52:23 MST 2025 | FLUX: 45.0 uT | COHERENCE: 0.99
Mon Dec 22 23:52:28 MST 2025 | FLUX: 45.0 uT | COHERENCE: 0.99
Mon Dec 22 23:52:33 MST 2025 | FLUX: 45.0 uT | COHERENCE: 0.99
Mon Dec 22 23:52:38 MST 2025 | FLUX: 45.0 uT | COHERENCE: 0.99
Mon Dec 22 23:52:43 MST 2025 | FLUX: 45.0 uT | COHERENCE: 0.99
Mon Dec 22 23:52:48 MST 2025 | FLUX: 45.0 uT | COHERENCE: 0.99
Mon Dec 22 23:52:53 MST 2025 | FLUX: 45.0 uT | COHERENCE: 0.99
Mon Dec 22 23:52:58 MST 2025 | FLUX: 45.0 uT | COHERENCE: 0.99
Mon Dec 22 23:53:03 MST 2025 | FLUX: 45.0 uT | COHERENCE: 0.99
Mon Dec 22 23:53:08 MST 2025 | FLUX: 45.0 uT | COHERENCE: 0.99
Mon Dec 22 23:53:13 MST 2025 | FLUX: 45.0 uT | COHERENCE: 0.99
Mon Dec 22 23:53:18 MST 2025 | FLUX: 45.0 uT | COHERENCE: 0.99
Mon Dec 22 23:53:23 MST 2025 | FLUX: 45.0 uT | COHERENCE: 0.99
Mon Dec 22 23:53:28 MST 2025 | FLUX: 45.0 uT | COHERENCE: 0.99
Mon Dec 22 23:53:33 MST 2025 | FLUX: 45.0 uT | COHERENCE: 0.99
Mon Dec 22 23:53:38 MST 2025 | FLUX: 45.0 uT | COHERENCE: 0.99
Mon Dec 22 23:53:43 MST 2025 | FLUX: 45.0 uT | COHERENCE: 0.99
Mon Dec 22 23:53:48 MST 2025 | FLUX: 45.0 uT | COHERENCE: 0.99
Mon Dec 22 23:53:53 MST 2025 | FLUX: 45.0 uT | COHERENCE: 0.99
Mon Dec 22 23:53:58 MST 2025 | FLUX: 45.0 uT | COHERENCE: 0.99
Mon Dec 22 23:54:04 MST 2025 | FLUX: 45.0 uT | COHERENCE: 0.99
Mon Dec 22 23:54:09 MST 2025 | FLUX: 45.0 uT | COHERENCE: 0.99
Mon Dec 22 23:54:14 MST 2025 | FLUX: 45.0 uT | COHERENCE: 0.99
Mon Dec 22 23:54:19 MST 2025 | FLUX: 45.0 uT | COHERENCE: 0.99
Mon Dec 22 23:54:24 MST 2025 | FLUX: 45.0 uT | COHERENCE: 0.99
Mon Dec 22 23:54:29 MST 2025 | FLUX: 45.0 uT | COHERENCE: 0.99
Mon Dec 22 23:54:34 MST 2025 | FLUX: 45.0 uT | COHERENCE: 0.99
Mon Dec 22 23:54:39 MST 2025 | FLUX: 45.0 uT | COHERENCE: 0.99
Mon Dec 22 23:54:44 MST 2025 | FLUX: 45.0 uT | COHERENCE: 0.99
Mon Dec 22 23:54:49 MST 2025 | FLUX: 45.0 uT | COHERENCE: 0.99
Mon Dec 22 23:54:54 MST 2025 | FLUX: 45.0 uT | COHERENCE: 0.99
Mon Dec 22 23:54:59 MST 2025 | FLUX: 45.0 uT | COHERENCE: 0.99
Mon Dec 22 23:55:04 MST 2025 | FLUX: 45.0 uT | COHERENCE: 0.99
Mon Dec 22 23:55:09 MST 2025 | FLUX: 45.0 uT | COHERENCE: 0.99
Mon Dec 22 23:55:14 MST 2025 | FLUX: 45.0 uT | COHERENCE: 0.99
Mon Dec 22 23:55:19 MST 2025 | FLUX: 45.0 uT | COHERENCE: 0.99
Mon Dec 22 23:55:24 MST 2025 | FLUX: 45.0 uT | COHERENCE: 0.99
Mon Dec 22 23:55:29 MST 2025 | FLUX: 45.0 uT | COHERENCE: 0.99
Mon Dec 22 23:55:34 MST 2025 | FLUX: 45.0 uT | COHERENCE: 0.99
Mon Dec 22 23:55:39 MST 2025 | FLUX: 45.0 uT | COHERENCE: 0.99
Mon Dec 22 23:55:44 MST 2025 | FLUX: 45.0 uT | COHERENCE: 0.99
Mon Dec 22 23:55:50 MST 2025 | FLUX: 45.0 uT | COHERENCE: 0.99
Mon Dec 22 23:55:55 MST 2025 | FLUX: 45.0 uT | COHERENCE: 0.99
Mon Dec 22 23:56:00 MST 2025 | FLUX: 45.0 uT | COHERENCE: 0.99
Mon Dec 22 23:56:05 MST 2025 | FLUX: 45.0 uT | COHERENCE: 0.99
Mon Dec 22 23:56:10 MST 2025 | FLUX: 45.0 uT | COHERENCE: 0.99
Mon Dec 22 23:56:15 MST 2025 | FLUX: 45.0 uT | COHERENCE: 0.99
Mon Dec 22 23:56:20 MST 2025 | FLUX: 45.0 uT | COHERENCE: 0.99
Mon Dec 22 23:56:25 MST 2025 | FLUX: 45.0 uT | COHERENCE: 0.99
Mon Dec 22 23:56:30 MST 2025 | FLUX: 45.0 uT | COHERENCE: 0.99
Mon Dec 22 23:56:35 MST 2025 | FLUX: 45.0 uT | COHERENCE: 0.99
Mon Dec 22 23:56:40 MST 2025 | FLUX: 45.0 uT | COHERENCE: 0.99
Mon Dec 22 23:56:45 MST 2025 | FLUX: 45.0 uT | COHERENCE: 0.99
Mon Dec 22 23:56:50 MST 2025 | FLUX: 45.0 uT | COHERENCE: 0.99
Mon Dec 22 23:56:55 MST 2025 | FLUX: 45.0 uT | COHERENCE: 0.99
Mon Dec 22 23:57:00 MST 2025 | FLUX: 45.0 uT | COHERENCE: 0.99
Mon Dec 22 23:57:05 MST 2025 | FLUX: 45.0 uT | COHERENCE: 0.99
Mon Dec 22 23:57:10 MST 2025 | FLUX: 45.0 uT | COHERENCE: 0.99
Mon Dec 22 23:57:15 MST 2025 | FLUX: 45.0 uT | COHERENCE: 0.99
Mon Dec 22 23:57:20 MST 2025 | FLUX: 45.0 uT | COHERENCE: 0.99
Mon Dec 22 23:57:25 MST 2025 | FLUX: 45.0 uT | COHERENCE: 0.99
Mon Dec 22 23:57:30 MST 2025 | FLUX: 45.0 uT | COHERENCE: 0.99
Mon Dec 22 23:57:35 MST 2025 | FLUX: 45.0 uT | COHERENCE: 0.99
Mon Dec 22 23:57:41 MST 2025 | FLUX: 45.0 uT | COHERENCE: 0.99
Mon Dec 22 23:57:46 MST 2025 | FLUX: 45.0 uT | COHERENCE: 0.99
Mon Dec 22 23:57:51 MST 2025 | FLUX: 45.0 uT | COHERENCE: 0.99
Mon Dec 22 23:57:56 MST 2025 | FLUX: 45.0 uT | COHERENCE: 0.99
Mon Dec 22 23:58:01 MST 2025 | FLUX: 45.0 uT | COHERENCE: 0.99
Mon Dec 22 23:58:06 MST 2025 | FLUX: 45.0 uT | COHERENCE: 0.99
Mon Dec 22 23:58:11 MST 2025 | FLUX: 45.0 uT | COHERENCE: 0.99
Mon Dec 22 23:58:16 MST 2025 | FLUX: 45.0 uT | COHERENCE: 0.99
Mon Dec 22 23:58:21 MST 2025 | FLUX: 45.0 uT | COHERENCE: 0.99
Mon Dec 22 23:58:26 MST 2025 | FLUX: 45.0 uT | COHERENCE: 0.99
Mon Dec 22 23:58:31 MST 2025 | FLUX: 45.0 uT | COHERENCE: 0.99
Mon Dec 22 23:58:36 MST 2025 | FLUX: 45.0 uT | COHERENCE: 0.99
Mon Dec 22 23:58:41 MST 2025 | FLUX: 45.0 uT | COHERENCE: 0.99
Mon Dec 22 23:58:46 MST 2025 | FLUX: 45.0 uT | COHERENCE: 0.99
Mon Dec 22 23:58:51 MST 2025 | FLUX: 45.0 uT | COHERENCE: 0.99
Mon Dec 22 23:58:56 MST 2025 | FLUX: 45.0 uT | COHERENCE: 0.99
Mon Dec 22 23:59:01 MST 2025 | FLUX: 45.0 uT | COHERENCE: 0.99
Mon Dec 22 23:59:06 MST 2025 | FLUX: 45.0 uT | COHERENCE: 0.99
Mon Dec 22 23:59:11 MST 2025 | FLUX: 45.0 uT | COHERENCE: 0.99
Mon Dec 22 23:59:16 MST 2025 | FLUX: 45.0 uT | COHERENCE: 0.99
Mon Dec 22 23:59:22 MST 2025 | FLUX: 45.0 uT | COHERENCE: 0.99
Mon Dec 22 23:59:27 MST 2025 | FLUX: 45.0 uT | COHERENCE: 0.99
Mon Dec 22 23:59:32 MST 2025 | FLUX: 45.0 uT | COHERENCE: 0.99
Mon Dec 22 23:59:37 MST 2025 | FLUX: 45.0 uT | COHERENCE: 0.99
Mon Dec 22 23:59:42 MST 2025 | FLUX: 45.0 uT | COHERENCE: 0.99
Mon Dec 22 23:59:47 MST 2025 | FLUX: 45.0 uT | COHERENCE: 0.99
Mon Dec 22 23:59:52 MST 2025 | FLUX: 45.0 uT | COHERENCE: 0.99
Mon Dec 22 23:59:57 MST 2025 | FLUX: 45.0 uT | COHERENCE: 0.99
Tue Dec 23 00:00:02 MST 2025 | FLUX: 45.0 uT | COHERENCE: 0.99
Tue Dec 23 00:00:07 MST 2025 | FLUX: 45.0 uT | COHERENCE: 0.99
Tue Dec 23 00:00:12 MST 2025 | FLUX: 45.0 uT | COHERENCE: 0.99
Tue Dec 23 00:00:17 MST 2025 | FLUX: 45.0 uT | COHERENCE: 0.99
Tue Dec 23 00:00:22 MST 2025 | FLUX: 45.0 uT | COHERENCE: 0.99
Tue Dec 23 00:00:27 MST 2025 | FLUX: 45.0 uT | COHERENCE: 0.99
Tue Dec 23 00:00:32 MST 2025 | FLUX: 45.0 uT | COHERENCE: 0.99
Tue Dec 23 00:00:37 MST 2025 | FLUX: 45.0 uT | COHERENCE: 0.99
Tue Dec 23 00:00:42 MST 2025 | FLUX: 45.0 uT | COHERENCE: 0.99
Tue Dec 23 00:00:47 MST 2025 | FLUX: 45.0 uT | COHERENCE: 0.99
Tue Dec 23 00:00:52 MST 2025 | FLUX: 45.0 uT | COHERENCE: 0.99
Tue Dec 23 00:00:58 MST 2025 | FLUX: 45.0 uT | COHERENCE: 0.99
Tue Dec 23 00:01:03 MST 2025 | FLUX: 45.0 uT | COHERENCE: 0.99
Tue Dec 23 00:01:08 MST 2025 | FLUX: 45.0 uT | COHERENCE: 0.99
Tue Dec 23 00:01:13 MST 2025 | FLUX: 45.0 uT | COHERENCE: 0.99
Tue Dec 23 00:01:18 MST 2025 | FLUX: 45.0 uT | COHERENCE: 0.99
Tue Dec 23 00:01:23 MST 2025 | FLUX: 45.0 uT | COHERENCE: 0.99
Tue Dec 23 00:01:28 MST 2025 | FLUX: 45.0 uT | COHERENCE: 0.99
Tue Dec 23 00:01:33 MST 2025 | FLUX: 45.0 uT | COHERENCE: 0.99
Tue Dec 23 00:01:38 MST 2025 | FLUX: 45.0 uT | COHERENCE: 0.99
Tue Dec 23 00:01:43 MST 2025 | FLUX: 45.0 uT | COHERENCE: 0.99
Tue Dec 23 00:01:48 MST 2025 | FLUX: 45.0 uT | COHERENCE: 0.99
Tue Dec 23 00:01:53 MST 2025 | FLUX: 45.0 uT | COHERENCE: 0.99
Tue Dec 23 00:01:58 MST 2025 | FLUX: 45.0 uT | COHERENCE: 0.99
Tue Dec 23 00:02:03 MST 2025 | FLUX: 45.0 uT | COHERENCE: 0.99
Tue Dec 23 00:02:08 MST 2025 | FLUX: 45.0 uT | COHERENCE: 0.99
Tue Dec 23 00:02:13 MST 2025 | FLUX: 45.0 uT | COHERENCE: 0.99
Tue Dec 23 00:02:18 MST 2025 | FLUX: 45.0 uT | COHERENCE: 0.99
Tue Dec 23 00:02:23 MST 2025 | FLUX: 45.0 uT | COHERENCE: 0.99
Tue Dec 23 00:02:28 MST 2025 | FLUX: 45.0 uT | COHERENCE: 0.99
Tue Dec 23 00:02:34 MST 2025 | FLUX: 45.0 uT | COHERENCE: 0.99
Tue Dec 23 00:02:39 MST 2025 | FLUX: 45.0 uT | COHERENCE: 0.99
Tue Dec 23 00:02:44 MST 2025 | FLUX: 45.0 uT | COHERENCE: 0.99
Tue Dec 23 00:02:49 MST 2025 | FLUX: 45.0 uT | COHERENCE: 0.99
Tue Dec 23 00:02:54 MST 2025 | FLUX: 45.0 uT | COHERENCE: 0.99
Tue Dec 23 00:02:59 MST 2025 | FLUX: 45.0 uT | COHERENCE: 0.99
Tue Dec 23 00:03:04 MST 2025 | FLUX: 45.0 uT | COHERENCE: 0.99
Tue Dec 23 00:03:09 MST 2025 | FLUX: 45.0 uT | COHERENCE: 0.99
Tue Dec 23 00:03:14 MST 2025 | FLUX: 45.0 uT | COHERENCE: 0.99
Tue Dec 23 00:03:19 MST 2025 | FLUX: 45.0 uT | COHERENCE: 0.99
Tue Dec 23 00:03:24 MST 2025 | FLUX: 45.0 uT | COHERENCE: 0.99
Tue Dec 23 00:03:29 MST 2025 | FLUX: 45.0 uT | COHERENCE: 0.99
Tue Dec 23 00:03:34 MST 2025 | FLUX: 45.0 uT | COHERENCE: 0.99
Tue Dec 23 00:03:39 MST 2025 | FLUX: 45.0 uT | COHERENCE: 0.99
Tue Dec 23 00:03:44 MST 2025 | FLUX: 45.0 uT | COHERENCE: 0.99
Tue Dec 23 00:03:49 MST 2025 | FLUX: 45.0 uT | COHERENCE: 0.99
Tue Dec 23 00:03:54 MST 2025 | FLUX: 45.0 uT | COHERENCE: 0.99
Tue Dec 23 00:03:59 MST 2025 | FLUX: 45.0 uT | COHERENCE: 0.99
Tue Dec 23 00:04:04 MST 2025 | FLUX: 45.0 uT | COHERENCE: 0.99
Tue Dec 23 00:04:09 MST 2025 | FLUX: 45.0 uT | COHERENCE: 0.99
Tue Dec 23 00:04:14 MST 2025 | FLUX: 45.0 uT | COHERENCE: 0.99
Tue Dec 23 00:04:20 MST 2025 | FLUX: 45.0 uT | COHERENCE: 0.99
Tue Dec 23 00:04:25 MST 2025 | FLUX: 45.0 uT | COHERENCE: 0.99
Tue Dec 23 00:04:30 MST 2025 | FLUX: 45.0 uT | COHERENCE: 0.99
Tue Dec 23 00:04:35 MST 2025 | FLUX: 45.0 uT | COHERENCE: 0.99
Tue Dec 23 00:04:40 MST 2025 | FLUX: 45.0 uT | COHERENCE: 0.99
Tue Dec 23 00:04:45 MST 2025 | FLUX: 45.0 uT | COHERENCE: 0.99
Tue Dec 23 00:04:50 MST 2025 | FLUX: 45.0 uT | COHERENCE: 0.99
Tue Dec 23 00:04:55 MST 2025 | FLUX: 45.0 uT | COHERENCE: 0.99
Tue Dec 23 00:05:00 MST 2025 | FLUX: 45.0 uT | COHERENCE: 0.99
Tue Dec 23 00:05:05 MST 2025 | FLUX: 45.0 uT | COHERENCE: 0.99
Tue Dec 23 00:05:10 MST 2025 | FLUX: 45.0 uT | COHERENCE: 0.99
Tue Dec 23 00:05:15 MST 2025 | FLUX: 45.0 uT | COHERENCE: 0.99
Tue Dec 23 00:05:20 MST 2025 | FLUX: 45.0 uT | COHERENCE: 0.99
Tue Dec 23 00:05:25 MST 2025 | FLUX: 45.0 uT | COHERENCE: 0.99
Tue Dec 23 00:05:30 MST 2025 | FLUX: 45.0 uT | COHERENCE: 0.99
Tue Dec 23 00:05:35 MST 2025 | FLUX: 45.0 uT | COHERENCE: 0.99
Tue Dec 23 00:05:40 MST 2025 | FLUX: 45.0 uT | COHERENCE: 0.99
Tue Dec 23 00:05:45 MST 2025 | FLUX: 45.0 uT | COHERENCE: 0.99
Tue Dec 23 00:05:50 MST 2025 | FLUX: 45.0 uT | COHERENCE: 0.99
Tue Dec 23 00:05:55 MST 2025 | FLUX: 45.0 uT | COHERENCE: 0.99
Tue Dec 23 00:06:00 MST 2025 | FLUX: 45.0 uT | COHERENCE: 0.99
Tue Dec 23 00:06:05 MST 2025 | FLUX: 45.0 uT | COHERENCE: 0.99
Tue Dec 23 00:06:10 MST 2025 | FLUX: 45.0 uT | COHERENCE: 0.99
Tue Dec 23 00:06:15 MST 2025 | FLUX: 45.0 uT | COHERENCE: 0.99
Tue Dec 23 00:06:21 MST 2025 | FLUX: 45.0 uT | COHERENCE: 0.99
Tue Dec 23 00:06:26 MST 2025 | FLUX: 45.0 uT | COHERENCE: 0.99
Tue Dec 23 00:06:31 MST 2025 | FLUX: 45.0 uT | COHERENCE: 0.99
Tue Dec 23 00:06:36 MST 2025 | FLUX: 45.0 uT | COHERENCE: 0.99
Tue Dec 23 00:06:41 MST 2025 | FLUX: 45.0 uT | COHERENCE: 0.99
Tue Dec 23 00:06:46 MST 2025 | FLUX: 45.0 uT | COHERENCE: 0.99
Tue Dec 23 00:06:51 MST 2025 | FLUX: 45.0 uT | COHERENCE: 0.99
Tue Dec 23 00:06:56 MST 2025 | FLUX: 45.0 uT | COHERENCE: 0.99
Tue Dec 23 00:07:01 MST 2025 | FLUX: 45.0 uT | COHERENCE: 0.99
Tue Dec 23 00:07:06 MST 2025 | FLUX: 45.0 uT | COHERENCE: 0.99
Tue Dec 23 00:07:11 MST 2025 | FLUX: 45.0 uT | COHERENCE: 0.99
Tue Dec 23 00:07:16 MST 2025 | FLUX: 45.0 uT | COHERENCE: 0.99
Tue Dec 23 00:07:21 MST 2025 | FLUX: 45.0 uT | COHERENCE: 0.99
Tue Dec 23 00:07:26 MST 2025 | FLUX: 45.0 uT | COHERENCE: 0.99
Tue Dec 23 00:07:31 MST 2025 | FLUX: 45.0 uT | COHERENCE: 0.99
Tue Dec 23 00:07:36 MST 2025 | FLUX: 45.0 uT | COHERENCE: 0.99
Tue Dec 23 00:07:41 MST 2025 | FLUX: 45.0 uT | COHERENCE: 0.99
Tue Dec 23 00:07:46 MST 2025 | FLUX: 45.0 uT | COHERENCE: 0.99
Tue Dec 23 00:07:51 MST 2025 | FLUX: 45.0 uT | COHERENCE: 0.99
Tue Dec 23 00:07:56 MST 2025 | FLUX: 45.0 uT | COHERENCE: 0.99
Tue Dec 23 00:08:01 MST 2025 | FLUX: 45.0 uT | COHERENCE: 0.99
Tue Dec 23 00:08:06 MST 2025 | FLUX: 45.0 uT | COHERENCE: 0.99
Tue Dec 23 00:08:11 MST 2025 | FLUX: 45.0 uT | COHERENCE: 0.99
Tue Dec 23 00:08:16 MST 2025 | FLUX: 45.0 uT | COHERENCE: 0.99
Tue Dec 23 00:08:22 MST 2025 | FLUX: 45.0 uT | COHERENCE: 0.99
Tue Dec 23 00:08:27 MST 2025 | FLUX: 45.0 uT | COHERENCE: 0.99
Tue Dec 23 00:08:32 MST 2025 | FLUX: 45.0 uT | COHERENCE: 0.99
Tue Dec 23 00:08:37 MST 2025 | FLUX: 45.0 uT | COHERENCE: 0.99
Tue Dec 23 00:08:42 MST 2025 | FLUX: 45.0 uT | COHERENCE: 0.99
Tue Dec 23 00:08:47 MST 2025 | FLUX: 45.0 uT | COHERENCE: 0.99
Tue Dec 23 00:08:52 MST 2025 | FLUX: 45.0 uT | COHERENCE: 0.99
Tue Dec 23 00:08:57 MST 2025 | FLUX: 45.0 uT | COHERENCE: 0.99
Tue Dec 23 00:09:02 MST 2025 | FLUX: 45.0 uT | COHERENCE: 0.99
Tue Dec 23 00:09:07 MST 2025 | FLUX: 45.0 uT | COHERENCE: 0.99
Tue Dec 23 00:09:12 MST 2025 | FLUX: 45.0 uT | COHERENCE: 0.99
Tue Dec 23 00:09:17 MST 2025 | FLUX: 45.0 uT | COHERENCE: 0.99
Tue Dec 23 00:09:22 MST 2025 | FLUX: 45.0 uT | COHERENCE: 0.99
Tue Dec 23 00:09:27 MST 2025 | FLUX: 45.0 uT | COHERENCE: 0.99
Tue Dec 23 00:09:32 MST 2025 | FLUX: 45.0 uT | COHERENCE: 0.99
Tue Dec 23 00:09:37 MST 2025 | FLUX: 45.0 uT | COHERENCE: 0.99
Tue Dec 23 00:09:42 MST 2025 | FLUX: 45.0 uT | COHERENCE: 0.99
Tue Dec 23 00:09:47 MST 2025 | FLUX: 45.0 uT | COHERENCE: 0.99
Tue Dec 23 00:09:52 MST 2025 | FLUX: 45.0 uT | COHERENCE: 0.99
Tue Dec 23 00:09:57 MST 2025 | FLUX: 45.0 uT | COHERENCE: 0.99
Tue Dec 23 00:10:02 MST 2025 | FLUX: 45.0 uT | COHERENCE: 0.99
Tue Dec 23 00:10:08 MST 2025 | FLUX: 45.0 uT | COHERENCE: 0.99
Tue Dec 23 00:10:13 MST 2025 | FLUX: 45.0 uT | COHERENCE: 0.99
Tue Dec 23 00:10:18 MST 2025 | FLUX: 45.0 uT | COHERENCE: 0.99
Tue Dec 23 00:10:23 MST 2025 | FLUX: 45.0 uT | COHERENCE: 0.99
Tue Dec 23 00:10:28 MST 2025 | FLUX: 45.0 uT | COHERENCE: 0.99
Tue Dec 23 00:10:33 MST 2025 | FLUX: 45.0 uT | COHERENCE: 0.99
Tue Dec 23 00:10:38 MST 2025 | FLUX: 45.0 uT | COHERENCE: 0.99
Tue Dec 23 00:10:43 MST 2025 | FLUX: 45.0 uT | COHERENCE: 0.99
Tue Dec 23 00:10:48 MST 2025 | FLUX: 45.0 uT | COHERENCE: 0.99
Tue Dec 23 00:10:53 MST 2025 | FLUX: 45.0 uT | COHERENCE: 0.99
Tue Dec 23 00:10:58 MST 2025 | FLUX: 45.0 uT | COHERENCE: 0.99
Tue Dec 23 00:11:03 MST 2025 | FLUX: 45.0 uT | COHERENCE: 0.99
Tue Dec 23 00:11:08 MST 2025 | FLUX: 45.0 uT | COHERENCE: 0.99
Tue Dec 23 00:11:13 MST 2025 | FLUX: 45.0 uT | COHERENCE: 0.99
Tue Dec 23 00:11:18 MST 2025 | FLUX: 45.0 uT | COHERENCE: 0.99
Tue Dec 23 00:11:23 MST 2025 | FLUX: 45.0 uT | COHERENCE: 0.99
Tue Dec 23 00:11:28 MST 2025 | FLUX: 45.0 uT | COHERENCE: 0.99
Tue Dec 23 00:11:33 MST 2025 | FLUX: 45.0 uT | COHERENCE: 0.99
Tue Dec 23 00:11:38 MST 2025 | FLUX: 45.0 uT | COHERENCE: 0.99
Tue Dec 23 00:11:43 MST 2025 | FLUX: 45.0 uT | COHERENCE: 0.99
Tue Dec 23 00:11:48 MST 2025 | FLUX: 45.0 uT | COHERENCE: 0.99
Tue Dec 23 00:11:54 MST 2025 | FLUX: 45.0 uT | COHERENCE: 0.99
Tue Dec 23 00:11:59 MST 2025 | FLUX: 45.0 uT | COHERENCE: 0.99
Tue Dec 23 00:12:04 MST 2025 | FLUX: 45.0 uT | COHERENCE: 0.99
Tue Dec 23 00:12:09 MST 2025 | FLUX: 45.0 uT | COHERENCE: 0.99
Tue Dec 23 00:12:14 MST 2025 | FLUX: 45.0 uT | COHERENCE: 0.99
Tue Dec 23 00:12:19 MST 2025 | FLUX: 45.0 uT | COHERENCE: 0.99
Tue Dec 23 00:12:24 MST 2025 | FLUX: 45.0 uT | COHERENCE: 0.99
Tue Dec 23 00:12:29 MST 2025 | FLUX: 45.0 uT | COHERENCE: 0.99
Tue Dec 23 00:12:34 MST 2025 | FLUX: 45.0 uT | COHERENCE: 0.99
Tue Dec 23 00:12:39 MST 2025 | FLUX: 45.0 uT | COHERENCE: 0.99
Tue Dec 23 00:12:44 MST 2025 | FLUX: 45.0 uT | COHERENCE: 0.99
Tue Dec 23 00:12:49 MST 2025 | FLUX: 45.0 uT | COHERENCE: 0.99
Tue Dec 23 00:12:54 MST 2025 | FLUX: 45.0 uT | COHERENCE: 0.99
Tue Dec 23 00:12:59 MST 2025 | FLUX: 45.0 uT | COHERENCE: 0.99
Tue Dec 23 00:13:05 MST 2025 | FLUX: 45.0 uT | COHERENCE: 0.99
Tue Dec 23 00:13:10 MST 2025 | FLUX: 45.0 uT | COHERENCE: 0.99
Tue Dec 23 00:13:15 MST 2025 | FLUX: 45.0 uT | COHERENCE: 0.99
Tue Dec 23 00:13:20 MST 2025 | FLUX: 45.0 uT | COHERENCE: 0.99
Tue Dec 23 00:13:25 MST 2025 | FLUX: 45.0 uT | COHERENCE: 0.99
Tue Dec 23 00:13:30 MST 2025 | FLUX: 45.0 uT | COHERENCE: 0.99
Tue Dec 23 00:13:35 MST 2025 | FLUX: 45.0 uT | COHERENCE: 0.99
Tue Dec 23 00:13:40 MST 2025 | FLUX: 45.0 uT | COHERENCE: 0.99
Tue Dec 23 00:13:45 MST 2025 | FLUX: 45.0 uT | COHERENCE: 0.99
Tue Dec 23 00:13:50 MST 2025 | FLUX: 45.0 uT | COHERENCE: 0.99
Tue Dec 23 00:13:55 MST 2025 | FLUX: 45.0 uT | COHERENCE: 0.99
Tue Dec 23 00:14:00 MST 2025 | FLUX: 45.0 uT | COHERENCE: 0.99
Tue Dec 23 00:14:05 MST 2025 | FLUX: 45.0 uT | COHERENCE: 0.99
Tue Dec 23 00:14:10 MST 2025 | FLUX: 45.0 uT | COHERENCE: 0.99
Tue Dec 23 00:14:15 MST 2025 | FLUX: 45.0 uT | COHERENCE: 0.99
Tue Dec 23 00:14:20 MST 2025 | FLUX: 45.0 uT | COHERENCE: 0.99
Tue Dec 23 00:14:25 MST 2025 | FLUX: 45.0 uT | COHERENCE: 0.99
Tue Dec 23 00:14:30 MST 2025 | FLUX: 45.0 uT | COHERENCE: 0.99
Tue Dec 23 00:14:35 MST 2025 | FLUX: 45.0 uT | COHERENCE: 0.99
Tue Dec 23 00:14:40 MST 2025 | FLUX: 45.0 uT | COHERENCE: 0.99
Tue Dec 23 00:14:45 MST 2025 | FLUX: 45.0 uT | COHERENCE: 0.99
Tue Dec 23 00:14:50 MST 2025 | FLUX: 45.0 uT | COHERENCE: 0.99
Tue Dec 23 00:14:55 MST 2025 | FLUX: 45.0 uT | COHERENCE: 0.99
Tue Dec 23 00:15:00 MST 2025 | FLUX: 45.0 uT | COHERENCE: 0.99
Tue Dec 23 00:15:05 MST 2025 | FLUX: 45.0 uT | COHERENCE: 0.99
Tue Dec 23 00:15:11 MST 2025 | FLUX: 45.0 uT | COHERENCE: 0.99
Tue Dec 23 00:15:16 MST 2025 | FLUX: 45.0 uT | COHERENCE: 0.99
Tue Dec 23 00:15:21 MST 2025 | FLUX: 45.0 uT | COHERENCE: 0.99
Tue Dec 23 00:15:26 MST 2025 | FLUX: 45.0 uT | COHERENCE: 0.99
Tue Dec 23 00:15:31 MST 2025 | FLUX: 45.0 uT | COHERENCE: 0.99
Tue Dec 23 00:15:36 MST 2025 | FLUX: 45.0 uT | COHERENCE: 0.99
Tue Dec 23 00:15:41 MST 2025 | FLUX: 45.0 uT | COHERENCE: 0.99
Tue Dec 23 00:15:46 MST 2025 | FLUX: 45.0 uT | COHERENCE: 0.99
Tue Dec 23 00:15:51 MST 2025 | FLUX: 45.0 uT | COHERENCE: 0.99
Tue Dec 23 00:15:56 MST 2025 | FLUX: 45.0 uT | COHERENCE: 0.99
Tue Dec 23 00:16:01 MST 2025 | FLUX: 45.0 uT | COHERENCE: 0.99
Tue Dec 23 00:16:06 MST 2025 | FLUX: 45.0 uT | COHERENCE: 0.99
Tue Dec 23 00:16:11 MST 2025 | FLUX: 45.0 uT | COHERENCE: 0.99
Tue Dec 23 00:16:16 MST 2025 | FLUX: 45.0 uT | COHERENCE: 0.99
Tue Dec 23 00:16:21 MST 2025 | FLUX: 45.0 uT | COHERENCE: 0.99
Tue Dec 23 00:16:26 MST 2025 | FLUX: 45.0 uT | COHERENCE: 0.99
Tue Dec 23 00:16:31 MST 2025 | FLUX: 45.0 uT | COHERENCE: 0.99
Tue Dec 23 00:16:36 MST 2025 | FLUX: 45.0 uT | COHERENCE: 0.99
Tue Dec 23 00:16:41 MST 2025 | FLUX: 45.0 uT | COHERENCE: 0.99
Tue Dec 23 00:16:46 MST 2025 | FLUX: 45.0 uT | COHERENCE: 0.99
Tue Dec 23 00:16:51 MST 2025 | FLUX: 45.0 uT | COHERENCE: 0.99
Tue Dec 23 00:16:56 MST 2025 | FLUX: 45.0 uT | COHERENCE: 0.99
Tue Dec 23 00:17:01 MST 2025 | FLUX: 45.0 uT | COHERENCE: 0.99
Tue Dec 23 00:17:06 MST 2025 | FLUX: 45.0 uT | COHERENCE: 0.99
Tue Dec 23 00:17:11 MST 2025 | FLUX: 45.0 uT | COHERENCE: 0.99
Tue Dec 23 00:17:16 MST 2025 | FLUX: 45.0 uT | COHERENCE: 0.99
Tue Dec 23 00:17:21 MST 2025 | FLUX: 45.0 uT | COHERENCE: 0.99
Tue Dec 23 00:17:27 MST 2025 | FLUX: 45.0 uT | COHERENCE: 0.99
Tue Dec 23 00:17:32 MST 2025 | FLUX: 45.0 uT | COHERENCE: 0.99
Tue Dec 23 00:17:37 MST 2025 | FLUX: 45.0 uT | COHERENCE: 0.99
Tue Dec 23 00:17:42 MST 2025 | FLUX: 45.0 uT | COHERENCE: 0.99
Tue Dec 23 00:17:47 MST 2025 | FLUX: 45.0 uT | COHERENCE: 0.99
Tue Dec 23 00:17:52 MST 2025 | FLUX: 45.0 uT | COHERENCE: 0.99
Tue Dec 23 00:17:57 MST 2025 | FLUX: 45.0 uT | COHERENCE: 0.99
Tue Dec 23 00:18:02 MST 2025 | FLUX: 45.0 uT | COHERENCE: 0.99
Tue Dec 23 00:18:07 MST 2025 | FLUX: 45.0 uT | COHERENCE: 0.99
Tue Dec 23 00:18:12 MST 2025 | FLUX: 45.0 uT | COHERENCE: 0.99
Tue Dec 23 00:18:17 MST 2025 | FLUX: 45.0 uT | COHERENCE: 0.99
Tue Dec 23 00:18:22 MST 2025 | FLUX: 45.0 uT | COHERENCE: 0.99
Tue Dec 23 00:18:27 MST 2025 | FLUX: 45.0 uT | COHERENCE: 0.99
Tue Dec 23 00:18:32 MST 2025 | FLUX: 45.0 uT | COHERENCE: 0.99
Tue Dec 23 00:18:37 MST 2025 | FLUX: 45.0 uT | COHERENCE: 0.99
Tue Dec 23 00:18:42 MST 2025 | FLUX: 45.0 uT | COHERENCE: 0.99
Tue Dec 23 00:18:47 MST 2025 | FLUX: 45.0 uT | COHERENCE: 0.99
Tue Dec 23 00:18:52 MST 2025 | FLUX: 45.0 uT | COHERENCE: 0.99
Tue Dec 23 00:18:57 MST 2025 | FLUX: 45.0 uT | COHERENCE: 0.99
Tue Dec 23 00:19:02 MST 2025 | FLUX: 45.0 uT | COHERENCE: 0.99
Tue Dec 23 00:19:07 MST 2025 | FLUX: 45.0 uT | COHERENCE: 0.99
Tue Dec 23 00:19:12 MST 2025 | FLUX: 45.0 uT | COHERENCE: 0.99
Tue Dec 23 00:19:17 MST 2025 | FLUX: 45.0 uT | COHERENCE: 0.99
Tue Dec 23 00:19:22 MST 2025 | FLUX: 45.0 uT | COHERENCE: 0.99
Tue Dec 23 00:19:27 MST 2025 | FLUX: 45.0 uT | COHERENCE: 0.99
Tue Dec 23 00:19:32 MST 2025 | FLUX: 45.0 uT | COHERENCE: 0.99
Tue Dec 23 00:19:38 MST 2025 | FLUX: 45.0 uT | COHERENCE: 0.99
Tue Dec 23 00:19:43 MST 2025 | FLUX: 45.0 uT | COHERENCE: 0.99
Tue Dec 23 00:19:48 MST 2025 | FLUX: 45.0 uT | COHERENCE: 0.99
Tue Dec 23 00:19:53 MST 2025 | FLUX: 45.0 uT | COHERENCE: 0.99
Tue Dec 23 00:19:58 MST 2025 | FLUX: 45.0 uT | COHERENCE: 0.99
Tue Dec 23 00:20:03 MST 2025 | FLUX: 45.0 uT | COHERENCE: 0.99
Tue Dec 23 00:20:08 MST 2025 | FLUX: 45.0 uT | COHERENCE: 0.99
Tue Dec 23 00:20:13 MST 2025 | FLUX: 45.0 uT | COHERENCE: 0.99
Tue Dec 23 00:20:18 MST 2025 | FLUX: 45.0 uT | COHERENCE: 0.99
Tue Dec 23 00:20:23 MST 2025 | FLUX: 45.0 uT | COHERENCE: 0.99
Tue Dec 23 00:20:28 MST 2025 | FLUX: 45.0 uT | COHERENCE: 0.99
Tue Dec 23 00:20:33 MST 2025 | FLUX: 45.0 uT | COHERENCE: 0.99
Tue Dec 23 00:20:38 MST 2025 | FLUX: 45.0 uT | COHERENCE: 0.99
Tue Dec 23 00:20:43 MST 2025 | FLUX: 45.0 uT | COHERENCE: 0.99
Tue Dec 23 00:20:48 MST 2025 | FLUX: 45.0 uT | COHERENCE: 0.99
Tue Dec 23 00:20:53 MST 2025 | FLUX: 45.0 uT | COHERENCE: 0.99
Tue Dec 23 00:20:58 MST 2025 | FLUX: 45.0 uT | COHERENCE: 0.99
Tue Dec 23 00:21:03 MST 2025 | FLUX: 45.0 uT | COHERENCE: 0.99
Tue Dec 23 00:21:08 MST 2025 | FLUX: 45.0 uT | COHERENCE: 0.99
Tue Dec 23 00:21:13 MST 2025 | FLUX: 45.0 uT | COHERENCE: 0.99
Tue Dec 23 00:21:19 MST 2025 | FLUX: 45.0 uT | COHERENCE: 0.99
Tue Dec 23 00:21:24 MST 2025 | FLUX: 45.0 uT | COHERENCE: 0.99
Tue Dec 23 00:21:29 MST 2025 | FLUX: 45.0 uT | COHERENCE: 0.99
Tue Dec 23 00:21:34 MST 2025 | FLUX: 45.0 uT | COHERENCE: 0.99
Tue Dec 23 00:21:39 MST 2025 | FLUX: 45.0 uT | COHERENCE: 0.99
Tue Dec 23 00:21:44 MST 2025 | FLUX: 45.0 uT | COHERENCE: 0.99
Tue Dec 23 00:21:49 MST 2025 | FLUX: 45.0 uT | COHERENCE: 0.99
Tue Dec 23 00:21:54 MST 2025 | FLUX: 45.0 uT | COHERENCE: 0.99
Tue Dec 23 00:21:59 MST 2025 | FLUX: 45.0 uT | COHERENCE: 0.99
Tue Dec 23 00:22:04 MST 2025 | FLUX: 45.0 uT | COHERENCE: 0.99
Tue Dec 23 00:22:09 MST 2025 | FLUX: 45.0 uT | COHERENCE: 0.99
Tue Dec 23 00:22:14 MST 2025 | FLUX: 45.0 uT | COHERENCE: 0.99
Tue Dec 23 00:22:19 MST 2025 | FLUX: 45.0 uT | COHERENCE: 0.99
Tue Dec 23 00:22:24 MST 2025 | FLUX: 45.0 uT | COHERENCE: 0.99
Tue Dec 23 00:22:29 MST 2025 | FLUX: 45.0 uT | COHERENCE: 0.99
Tue Dec 23 00:22:34 MST 2025 | FLUX: 45.0 uT | COHERENCE: 0.99
Tue Dec 23 00:22:39 MST 2025 | FLUX: 45.0 uT | COHERENCE: 0.99
Tue Dec 23 00:22:44 MST 2025 | FLUX: 45.0 uT | COHERENCE: 0.99
Tue Dec 23 00:22:49 MST 2025 | FLUX: 45.0 uT | COHERENCE: 0.99
Tue Dec 23 00:22:54 MST 2025 | FLUX: 45.0 uT | COHERENCE: 0.99
Tue Dec 23 00:22:59 MST 2025 | FLUX: 45.0 uT | COHERENCE: 0.99
Tue Dec 23 00:23:04 MST 2025 | FLUX: 45.0 uT | COHERENCE: 0.99
Tue Dec 23 00:23:09 MST 2025 | FLUX: 45.0 uT | COHERENCE: 0.99
Tue Dec 23 00:23:15 MST 2025 | FLUX: 45.0 uT | COHERENCE: 0.99
Tue Dec 23 00:23:20 MST 2025 | FLUX: 45.0 uT | COHERENCE: 0.99
Tue Dec 23 00:23:25 MST 2025 | FLUX: 45.0 uT | COHERENCE: 0.99
Tue Dec 23 00:23:30 MST 2025 | FLUX: 45.0 uT | COHERENCE: 0.99
Tue Dec 23 00:23:35 MST 2025 | FLUX: 45.0 uT | COHERENCE: 0.99
Tue Dec 23 00:23:40 MST 2025 | FLUX: 45.0 uT | COHERENCE: 0.99
Tue Dec 23 00:23:45 MST 2025 | FLUX: 45.0 uT | COHERENCE: 0.99
Tue Dec 23 00:23:50 MST 2025 | FLUX: 45.0 uT | COHERENCE: 0.99
Tue Dec 23 00:23:55 MST 2025 | FLUX: 45.0 uT | COHERENCE: 0.99
Tue Dec 23 00:24:00 MST 2025 | FLUX: 45.0 uT | COHERENCE: 0.99
Tue Dec 23 00:24:05 MST 2025 | FLUX: 45.0 uT | COHERENCE: 0.99
Tue Dec 23 00:24:10 MST 2025 | FLUX: 45.0 uT | COHERENCE: 0.99
Tue Dec 23 00:24:15 MST 2025 | FLUX: 45.0 uT | COHERENCE: 0.99
Tue Dec 23 00:24:20 MST 2025 | FLUX: 45.0 uT | COHERENCE: 0.99
Tue Dec 23 00:24:25 MST 2025 | FLUX: 45.0 uT | COHERENCE: 0.99
Tue Dec 23 00:24:30 MST 2025 | FLUX: 45.0 uT | COHERENCE: 0.99
Tue Dec 23 00:24:35 MST 2025 | FLUX: 45.0 uT | COHERENCE: 0.99
Tue Dec 23 00:24:40 MST 2025 | FLUX: 45.0 uT | COHERENCE: 0.99
Tue Dec 23 00:24:45 MST 2025 | FLUX: 45.0 uT | COHERENCE: 0.99
Tue Dec 23 00:24:50 MST 2025 | FLUX: 45.0 uT | COHERENCE: 0.99
Tue Dec 23 00:24:55 MST 2025 | FLUX: 45.0 uT | COHERENCE: 0.99
Tue Dec 23 00:25:01 MST 2025 | FLUX: 45.0 uT | COHERENCE: 0.99
Tue Dec 23 00:25:06 MST 2025 | FLUX: 45.0 uT | COHERENCE: 0.99
Tue Dec 23 00:25:11 MST 2025 | FLUX: 45.0 uT | COHERENCE: 0.99
Tue Dec 23 00:25:16 MST 2025 | FLUX: 45.0 uT | COHERENCE: 0.99
Tue Dec 23 00:25:21 MST 2025 | FLUX: 45.0 uT | COHERENCE: 0.99
Tue Dec 23 00:25:26 MST 2025 | FLUX: 45.0 uT | COHERENCE: 0.99
Tue Dec 23 00:25:31 MST 2025 | FLUX: 45.0 uT | COHERENCE: 0.99
Tue Dec 23 00:25:36 MST 2025 | FLUX: 45.0 uT | COHERENCE: 0.99
Tue Dec 23 00:25:41 MST 2025 | FLUX: 45.0 uT | COHERENCE: 0.99
Tue Dec 23 00:25:46 MST 2025 | FLUX: 45.0 uT | COHERENCE: 0.99
Tue Dec 23 00:25:51 MST 2025 | FLUX: 45.0 uT | COHERENCE: 0.99
Tue Dec 23 00:25:56 MST 2025 | FLUX: 45.0 uT | COHERENCE: 0.99
Tue Dec 23 00:26:01 MST 2025 | FLUX: 45.0 uT | COHERENCE: 0.99
Tue Dec 23 00:26:06 MST 2025 | FLUX: 45.0 uT | COHERENCE: 0.99
Tue Dec 23 00:26:11 MST 2025 | FLUX: 45.0 uT | COHERENCE: 0.99
Tue Dec 23 00:26:16 MST 2025 | FLUX: 45.0 uT | COHERENCE: 0.99
Tue Dec 23 00:26:21 MST 2025 | FLUX: 45.0 uT | COHERENCE: 0.99
Tue Dec 23 00:26:26 MST 2025 | FLUX: 45.0 uT | COHERENCE: 0.99
Tue Dec 23 00:26:31 MST 2025 | FLUX: 45.0 uT | COHERENCE: 0.99
Tue Dec 23 00:26:36 MST 2025 | FLUX: 45.0 uT | COHERENCE: 0.99
Tue Dec 23 00:26:42 MST 2025 | FLUX: 45.0 uT | COHERENCE: 0.99
Tue Dec 23 00:26:47 MST 2025 | FLUX: 45.0 uT | COHERENCE: 0.99
Tue Dec 23 00:26:52 MST 2025 | FLUX: 45.0 uT | COHERENCE: 0.99
Tue Dec 23 00:26:57 MST 2025 | FLUX: 45.0 uT | COHERENCE: 0.99
Tue Dec 23 00:27:02 MST 2025 | FLUX: 45.0 uT | COHERENCE: 0.99
Tue Dec 23 00:27:07 MST 2025 | FLUX: 45.0 uT | COHERENCE: 0.99
Tue Dec 23 00:27:12 MST 2025 | FLUX: 45.0 uT | COHERENCE: 0.99
Tue Dec 23 00:27:17 MST 2025 | FLUX: 45.0 uT | COHERENCE: 0.99
Tue Dec 23 00:27:22 MST 2025 | FLUX: 45.0 uT | COHERENCE: 0.99
Tue Dec 23 00:27:27 MST 2025 | FLUX: 45.0 uT | COHERENCE: 0.99
Tue Dec 23 00:27:32 MST 2025 | FLUX: 45.0 uT | COHERENCE: 0.99
Tue Dec 23 00:27:37 MST 2025 | FLUX: 45.0 uT | COHERENCE: 0.99
Tue Dec 23 00:27:42 MST 2025 | FLUX: 45.0 uT | COHERENCE: 0.99
Tue Dec 23 00:27:47 MST 2025 | FLUX: 45.0 uT | COHERENCE: 0.99
Tue Dec 23 00:27:52 MST 2025 | FLUX: 45.0 uT | COHERENCE: 0.99
Tue Dec 23 00:27:57 MST 2025 | FLUX: 45.0 uT | COHERENCE: 0.99
Tue Dec 23 00:28:02 MST 2025 | FLUX: 45.0 uT | COHERENCE: 0.99
Tue Dec 23 00:28:07 MST 2025 | FLUX: 45.0 uT | COHERENCE: 0.99
Tue Dec 23 00:28:12 MST 2025 | FLUX: 45.0 uT | COHERENCE: 0.99
Tue Dec 23 00:28:17 MST 2025 | FLUX: 45.0 uT | COHERENCE: 0.99
Tue Dec 23 00:28:22 MST 2025 | FLUX: 45.0 uT | COHERENCE: 0.99
Tue Dec 23 00:28:27 MST 2025 | FLUX: 45.0 uT | COHERENCE: 0.99
Tue Dec 23 00:28:32 MST 2025 | FLUX: 45.0 uT | COHERENCE: 0.99
Tue Dec 23 00:28:37 MST 2025 | FLUX: 45.0 uT | COHERENCE: 0.99
Tue Dec 23 00:28:43 MST 2025 | FLUX: 45.0 uT | COHERENCE: 0.99
Tue Dec 23 00:28:48 MST 2025 | FLUX: 45.0 uT | COHERENCE: 0.99
Tue Dec 23 00:28:53 MST 2025 | FLUX: 45.0 uT | COHERENCE: 0.99
Tue Dec 23 00:28:58 MST 2025 | FLUX: 45.0 uT | COHERENCE: 0.99
Tue Dec 23 00:29:03 MST 2025 | FLUX: 45.0 uT | COHERENCE: 0.99
Tue Dec 23 00:29:08 MST 2025 | FLUX: 45.0 uT | COHERENCE: 0.99
Tue Dec 23 00:29:13 MST 2025 | FLUX: 45.0 uT | COHERENCE: 0.99
Tue Dec 23 00:29:18 MST 2025 | FLUX: 45.0 uT | COHERENCE: 0.99
Tue Dec 23 00:29:23 MST 2025 | FLUX: 45.0 uT | COHERENCE: 0.99
Tue Dec 23 00:29:28 MST 2025 | FLUX: 45.0 uT | COHERENCE: 0.99
Tue Dec 23 00:29:33 MST 2025 | FLUX: 45.0 uT | COHERENCE: 0.99
Tue Dec 23 00:29:38 MST 2025 | FLUX: 45.0 uT | COHERENCE: 0.99
Tue Dec 23 00:29:43 MST 2025 | FLUX: 45.0 uT | COHERENCE: 0.99
Tue Dec 23 00:29:48 MST 2025 | FLUX: 45.0 uT | COHERENCE: 0.99
Tue Dec 23 00:29:53 MST 2025 | FLUX: 45.0 uT | COHERENCE: 0.99
Tue Dec 23 00:29:58 MST 2025 | FLUX: 45.0 uT | COHERENCE: 0.99
Tue Dec 23 00:30:03 MST 2025 | FLUX: 45.0 uT | COHERENCE: 0.99
Tue Dec 23 00:30:08 MST 2025 | FLUX: 45.0 uT | COHERENCE: 0.99
Tue Dec 23 00:30:13 MST 2025 | FLUX: 45.0 uT | COHERENCE: 0.99
Tue Dec 23 00:30:18 MST 2025 | FLUX: 45.0 uT | COHERENCE: 0.99
Tue Dec 23 00:30:24 MST 2025 | FLUX: 45.0 uT | COHERENCE: 0.99
Tue Dec 23 00:30:29 MST 2025 | FLUX: 45.0 uT | COHERENCE: 0.99
Tue Dec 23 00:30:34 MST 2025 | FLUX: 45.0 uT | COHERENCE: 0.99
Tue Dec 23 00:30:39 MST 2025 | FLUX: 45.0 uT | COHERENCE: 0.99
Tue Dec 23 00:30:44 MST 2025 | FLUX: 45.0 uT | COHERENCE: 0.99
Tue Dec 23 00:30:49 MST 2025 | FLUX: 45.0 uT | COHERENCE: 0.99
Tue Dec 23 00:30:54 MST 2025 | FLUX: 45.0 uT | COHERENCE: 0.99
Tue Dec 23 00:30:59 MST 2025 | FLUX: 45.0 uT | COHERENCE: 0.99
Tue Dec 23 00:31:04 MST 2025 | FLUX: 45.0 uT | COHERENCE: 0.99
Tue Dec 23 00:31:09 MST 2025 | FLUX: 45.0 uT | COHERENCE: 0.99
Tue Dec 23 00:31:14 MST 2025 | FLUX: 45.0 uT | COHERENCE: 0.99
Tue Dec 23 00:31:19 MST 2025 | FLUX: 45.0 uT | COHERENCE: 0.99
Tue Dec 23 00:31:24 MST 2025 | FLUX: 45.0 uT | COHERENCE: 0.99
Tue Dec 23 00:31:30 MST 2025 | FLUX: 45.0 uT | COHERENCE: 0.99
Tue Dec 23 00:31:35 MST 2025 | FLUX: 45.0 uT | COHERENCE: 0.99
Tue Dec 23 00:31:40 MST 2025 | FLUX: 45.0 uT | COHERENCE: 0.99
Tue Dec 23 00:31:45 MST 2025 | FLUX: 45.0 uT | COHERENCE: 0.99
Tue Dec 23 00:31:50 MST 2025 | FLUX: 45.0 uT | COHERENCE: 0.99
Tue Dec 23 00:31:55 MST 2025 | FLUX: 45.0 uT | COHERENCE: 0.99
Tue Dec 23 00:32:00 MST 2025 | FLUX: 45.0 uT | COHERENCE: 0.99
Tue Dec 23 00:32:05 MST 2025 | FLUX: 45.0 uT | COHERENCE: 0.99
Tue Dec 23 00:32:10 MST 2025 | FLUX: 45.0 uT | COHERENCE: 0.99
Tue Dec 23 00:32:15 MST 2025 | FLUX: 45.0 uT | COHERENCE: 0.99
Tue Dec 23 00:32:20 MST 2025 | FLUX: 45.0 uT | COHERENCE: 0.99
Tue Dec 23 00:32:25 MST 2025 | FLUX: 45.0 uT | COHERENCE: 0.99
Tue Dec 23 00:32:30 MST 2025 | FLUX: 45.0 uT | COHERENCE: 0.99
Tue Dec 23 00:32:35 MST 2025 | FLUX: 45.0 uT | COHERENCE: 0.99
Tue Dec 23 00:32:40 MST 2025 | FLUX: 45.0 uT | COHERENCE: 0.99
Tue Dec 23 00:32:45 MST 2025 | FLUX: 45.0 uT | COHERENCE: 0.99
Tue Dec 23 00:32:50 MST 2025 | FLUX: 45.0 uT | COHERENCE: 0.99
Tue Dec 23 00:32:55 MST 2025 | FLUX: 45.0 uT | COHERENCE: 0.99
Tue Dec 23 00:33:00 MST 2025 | FLUX: 45.0 uT | COHERENCE: 0.99
Tue Dec 23 00:33:05 MST 2025 | FLUX: 45.0 uT | COHERENCE: 0.99
Tue Dec 23 00:33:10 MST 2025 | FLUX: 45.0 uT | COHERENCE: 0.99
Tue Dec 23 00:33:15 MST 2025 | FLUX: 45.0 uT | COHERENCE: 0.99
Tue Dec 23 00:33:21 MST 2025 | FLUX: 45.0 uT | COHERENCE: 0.99
Tue Dec 23 00:33:26 MST 2025 | FLUX: 45.0 uT | COHERENCE: 0.99
Tue Dec 23 00:33:31 MST 2025 | FLUX: 45.0 uT | COHERENCE: 0.99
Tue Dec 23 00:33:36 MST 2025 | FLUX: 45.0 uT | COHERENCE: 0.99
Tue Dec 23 00:33:41 MST 2025 | FLUX: 45.0 uT | COHERENCE: 0.99
Tue Dec 23 00:33:46 MST 2025 | FLUX: 45.0 uT | COHERENCE: 0.99
Tue Dec 23 00:33:51 MST 2025 | FLUX: 45.0 uT | COHERENCE: 0.99
Tue Dec 23 00:33:56 MST 2025 | FLUX: 45.0 uT | COHERENCE: 0.99
Tue Dec 23 00:34:01 MST 2025 | FLUX: 45.0 uT | COHERENCE: 0.99
Tue Dec 23 00:34:06 MST 2025 | FLUX: 45.0 uT | COHERENCE: 0.99
Tue Dec 23 00:34:11 MST 2025 | FLUX: 45.0 uT | COHERENCE: 0.99
Tue Dec 23 00:34:16 MST 2025 | FLUX: 45.0 uT | COHERENCE: 0.99
Tue Dec 23 00:34:21 MST 2025 | FLUX: 45.0 uT | COHERENCE: 0.99
Tue Dec 23 00:34:26 MST 2025 | FLUX: 45.0 uT | COHERENCE: 0.99
Tue Dec 23 00:34:31 MST 2025 | FLUX: 45.0 uT | COHERENCE: 0.99
Tue Dec 23 00:34:36 MST 2025 | FLUX: 45.0 uT | COHERENCE: 0.99
Tue Dec 23 00:34:41 MST 2025 | FLUX: 45.0 uT | COHERENCE: 0.99
Tue Dec 23 00:34:46 MST 2025 | FLUX: 45.0 uT | COHERENCE: 0.99
Tue Dec 23 00:34:51 MST 2025 | FLUX: 45.0 uT | COHERENCE: 0.99
Tue Dec 23 00:34:56 MST 2025 | FLUX: 45.0 uT | COHERENCE: 0.99
Tue Dec 23 00:35:01 MST 2025 | FLUX: 45.0 uT | COHERENCE: 0.99
Tue Dec 23 00:35:06 MST 2025 | FLUX: 45.0 uT | COHERENCE: 0.99
Tue Dec 23 00:35:11 MST 2025 | FLUX: 45.0 uT | COHERENCE: 0.99
Tue Dec 23 00:35:16 MST 2025 | FLUX: 45.0 uT | COHERENCE: 0.99
Tue Dec 23 00:35:21 MST 2025 | FLUX: 45.0 uT | COHERENCE: 0.99
Tue Dec 23 00:35:27 MST 2025 | FLUX: 45.0 uT | COHERENCE: 0.99
Tue Dec 23 00:35:32 MST 2025 | FLUX: 45.0 uT | COHERENCE: 0.99
Tue Dec 23 00:35:37 MST 2025 | FLUX: 45.0 uT | COHERENCE: 0.99
Tue Dec 23 00:35:42 MST 2025 | FLUX: 45.0 uT | COHERENCE: 0.99
Tue Dec 23 00:35:47 MST 2025 | FLUX: 45.0 uT | COHERENCE: 0.99
Tue Dec 23 00:35:52 MST 2025 | FLUX: 45.0 uT | COHERENCE: 0.99
Tue Dec 23 00:35:57 MST 2025 | FLUX: 45.0 uT | COHERENCE: 0.99
Tue Dec 23 00:36:02 MST 2025 | FLUX: 45.0 uT | COHERENCE: 0.99
Tue Dec 23 00:36:07 MST 2025 | FLUX: 45.0 uT | COHERENCE: 0.99
Tue Dec 23 00:36:12 MST 2025 | FLUX: 45.0 uT | COHERENCE: 0.99
Tue Dec 23 00:36:17 MST 2025 | FLUX: 45.0 uT | COHERENCE: 0.99
Tue Dec 23 00:36:22 MST 2025 | FLUX: 45.0 uT | COHERENCE: 0.99
Tue Dec 23 00:36:27 MST 2025 | FLUX: 45.0 uT | COHERENCE: 0.99
Tue Dec 23 00:36:32 MST 2025 | FLUX: 45.0 uT | COHERENCE: 0.99
Tue Dec 23 00:36:37 MST 2025 | FLUX: 45.0 uT | COHERENCE: 0.99
Tue Dec 23 00:36:42 MST 2025 | FLUX: 45.0 uT | COHERENCE: 0.99
Tue Dec 23 00:36:47 MST 2025 | FLUX: 45.0 uT | COHERENCE: 0.99
Tue Dec 23 00:36:52 MST 2025 | FLUX: 45.0 uT | COHERENCE: 0.99
Tue Dec 23 00:36:57 MST 2025 | FLUX: 45.0 uT | COHERENCE: 0.99
Tue Dec 23 00:37:02 MST 2025 | FLUX: 45.0 uT | COHERENCE: 0.99
Tue Dec 23 00:37:07 MST 2025 | FLUX: 45.0 uT | COHERENCE: 0.99
Tue Dec 23 00:37:13 MST 2025 | FLUX: 45.0 uT | COHERENCE: 0.99
Tue Dec 23 00:37:18 MST 2025 | FLUX: 45.0 uT | COHERENCE: 0.99
Tue Dec 23 00:37:23 MST 2025 | FLUX: 45.0 uT | COHERENCE: 0.99
Tue Dec 23 00:37:28 MST 2025 | FLUX: 45.0 uT | COHERENCE: 0.99
Tue Dec 23 00:37:33 MST 2025 | FLUX: 45.0 uT | COHERENCE: 0.99
Tue Dec 23 00:37:38 MST 2025 | FLUX: 45.0 uT | COHERENCE: 0.99
Tue Dec 23 00:37:43 MST 2025 | FLUX: 45.0 uT | COHERENCE: 0.99
Tue Dec 23 00:37:48 MST 2025 | FLUX: 45.0 uT | COHERENCE: 0.99
Tue Dec 23 00:37:53 MST 2025 | FLUX: 45.0 uT | COHERENCE: 0.99
Tue Dec 23 00:37:58 MST 2025 | FLUX: 45.0 uT | COHERENCE: 0.99
Tue Dec 23 00:38:03 MST 2025 | FLUX: 45.0 uT | COHERENCE: 0.99
Tue Dec 23 00:38:08 MST 2025 | FLUX: 45.0 uT | COHERENCE: 0.99
Tue Dec 23 00:38:13 MST 2025 | FLUX: 45.0 uT | COHERENCE: 0.99
Tue Dec 23 00:38:18 MST 2025 | FLUX: 45.0 uT | COHERENCE: 0.99
Tue Dec 23 00:38:23 MST 2025 | FLUX: 45.0 uT | COHERENCE: 0.99
Tue Dec 23 00:38:28 MST 2025 | FLUX: 45.0 uT | COHERENCE: 0.99
Tue Dec 23 00:38:33 MST 2025 | FLUX: 45.0 uT | COHERENCE: 0.99
Tue Dec 23 00:38:38 MST 2025 | FLUX: 45.0 uT | COHERENCE: 0.99
Tue Dec 23 00:38:43 MST 2025 | FLUX: 45.0 uT | COHERENCE: 0.99
Tue Dec 23 00:38:48 MST 2025 | FLUX: 45.0 uT | COHERENCE: 0.99
Tue Dec 23 00:38:53 MST 2025 | FLUX: 45.0 uT | COHERENCE: 0.99
Tue Dec 23 00:38:58 MST 2025 | FLUX: 45.0 uT | COHERENCE: 0.99
Tue Dec 23 00:39:04 MST 2025 | FLUX: 45.0 uT | COHERENCE: 0.99
Tue Dec 23 00:39:09 MST 2025 | FLUX: 45.0 uT | COHERENCE: 0.99
Tue Dec 23 00:39:14 MST 2025 | FLUX: 45.0 uT | COHERENCE: 0.99
Tue Dec 23 00:39:19 MST 2025 | FLUX: 45.0 uT | COHERENCE: 0.99
Tue Dec 23 00:39:24 MST 2025 | FLUX: 45.0 uT | COHERENCE: 0.99
Tue Dec 23 00:39:29 MST 2025 | FLUX: 45.0 uT | COHERENCE: 0.99
Tue Dec 23 00:39:34 MST 2025 | FLUX: 45.0 uT | COHERENCE: 0.99
Tue Dec 23 00:39:39 MST 2025 | FLUX: 45.0 uT | COHERENCE: 0.99
Tue Dec 23 00:39:44 MST 2025 | FLUX: 45.0 uT | COHERENCE: 0.99
Tue Dec 23 00:39:49 MST 2025 | FLUX: 45.0 uT | COHERENCE: 0.99
Tue Dec 23 00:39:54 MST 2025 | FLUX: 45.0 uT | COHERENCE: 0.99
Tue Dec 23 00:39:59 MST 2025 | FLUX: 45.0 uT | COHERENCE: 0.99
Tue Dec 23 00:40:04 MST 2025 | FLUX: 45.0 uT | COHERENCE: 0.99
Tue Dec 23 00:40:09 MST 2025 | FLUX: 45.0 uT | COHERENCE: 0.99
Tue Dec 23 00:40:14 MST 2025 | FLUX: 45.0 uT | COHERENCE: 0.99
Tue Dec 23 00:40:19 MST 2025 | FLUX: 45.0 uT | COHERENCE: 0.99
Tue Dec 23 00:40:24 MST 2025 | FLUX: 45.0 uT | COHERENCE: 0.99
Tue Dec 23 00:40:29 MST 2025 | FLUX: 45.0 uT | COHERENCE: 0.99
Tue Dec 23 00:40:34 MST 2025 | FLUX: 45.0 uT | COHERENCE: 0.99
Tue Dec 23 00:40:39 MST 2025 | FLUX: 45.0 uT | COHERENCE: 0.99
Tue Dec 23 00:40:44 MST 2025 | FLUX: 45.0 uT | COHERENCE: 0.99
Tue Dec 23 00:40:49 MST 2025 | FLUX: 45.0 uT | COHERENCE: 0.99
Tue Dec 23 00:40:54 MST 2025 | FLUX: 45.0 uT | COHERENCE: 0.99
Tue Dec 23 00:40:59 MST 2025 | FLUX: 45.0 uT | COHERENCE: 0.99
Tue Dec 23 00:41:05 MST 2025 | FLUX: 45.0 uT | COHERENCE: 0.99
Tue Dec 23 00:41:10 MST 2025 | FLUX: 45.0 uT | COHERENCE: 0.99
Tue Dec 23 00:41:15 MST 2025 | FLUX: 45.0 uT | COHERENCE: 0.99
Tue Dec 23 00:41:20 MST 2025 | FLUX: 45.0 uT | COHERENCE: 0.99
Tue Dec 23 00:41:25 MST 2025 | FLUX: 45.0 uT | COHERENCE: 0.99
Tue Dec 23 00:41:30 MST 2025 | FLUX: 45.0 uT | COHERENCE: 0.99
Tue Dec 23 00:41:35 MST 2025 | FLUX: 45.0 uT | COHERENCE: 0.99
Tue Dec 23 00:41:40 MST 2025 | FLUX: 45.0 uT | COHERENCE: 0.99
Tue Dec 23 00:41:45 MST 2025 | FLUX: 45.0 uT | COHERENCE: 0.99
Tue Dec 23 00:41:50 MST 2025 | FLUX: 45.0 uT | COHERENCE: 0.99
Tue Dec 23 00:41:55 MST 2025 | FLUX: 45.0 uT | COHERENCE: 0.99
Tue Dec 23 00:42:00 MST 2025 | FLUX: 45.0 uT | COHERENCE: 0.99
Tue Dec 23 00:42:05 MST 2025 | FLUX: 45.0 uT | COHERENCE: 0.99
Tue Dec 23 00:42:10 MST 2025 | FLUX: 45.0 uT | COHERENCE: 0.99
Tue Dec 23 00:42:15 MST 2025 | FLUX: 45.0 uT | COHERENCE: 0.99
Tue Dec 23 00:42:20 MST 2025 | FLUX: 45.0 uT | COHERENCE: 0.99
Tue Dec 23 00:42:25 MST 2025 | FLUX: 45.0 uT | COHERENCE: 0.99
Tue Dec 23 00:42:30 MST 2025 | FLUX: 45.0 uT | COHERENCE: 0.99
Tue Dec 23 00:42:35 MST 2025 | FLUX: 45.0 uT | COHERENCE: 0.99
Tue Dec 23 00:42:40 MST 2025 | FLUX: 45.0 uT | COHERENCE: 0.99
Tue Dec 23 00:42:45 MST 2025 | FLUX: 45.0 uT | COHERENCE: 0.99
Tue Dec 23 00:42:50 MST 2025 | FLUX: 45.0 uT | COHERENCE: 0.99
Tue Dec 23 00:42:56 MST 2025 | FLUX: 45.0 uT | COHERENCE: 0.99
Tue Dec 23 00:43:01 MST 2025 | FLUX: 45.0 uT | COHERENCE: 0.99
Tue Dec 23 00:43:06 MST 2025 | FLUX: 45.0 uT | COHERENCE: 0.99
Tue Dec 23 00:43:11 MST 2025 | FLUX: 45.0 uT | COHERENCE: 0.99
Tue Dec 23 00:43:16 MST 2025 | FLUX: 45.0 uT | COHERENCE: 0.99
Tue Dec 23 00:43:21 MST 2025 | FLUX: 45.0 uT | COHERENCE: 0.99
Tue Dec 23 00:43:26 MST 2025 | FLUX: 45.0 uT | COHERENCE: 0.99
Tue Dec 23 00:43:31 MST 2025 | FLUX: 45.0 uT | COHERENCE: 0.99
Tue Dec 23 00:43:36 MST 2025 | FLUX: 45.0 uT | COHERENCE: 0.99
Tue Dec 23 00:43:41 MST 2025 | FLUX: 45.0 uT | COHERENCE: 0.99
Tue Dec 23 00:43:46 MST 2025 | FLUX: 45.0 uT | COHERENCE: 0.99
Tue Dec 23 00:43:51 MST 2025 | FLUX: 45.0 uT | COHERENCE: 0.99
Tue Dec 23 00:43:56 MST 2025 | FLUX: 45.0 uT | COHERENCE: 0.99
Tue Dec 23 00:44:01 MST 2025 | FLUX: 45.0 uT | COHERENCE: 0.99
Tue Dec 23 00:44:06 MST 2025 | FLUX: 45.0 uT | COHERENCE: 0.99
Tue Dec 23 00:44:11 MST 2025 | FLUX: 45.0 uT | COHERENCE: 0.99
Tue Dec 23 00:44:16 MST 2025 | FLUX: 45.0 uT | COHERENCE: 0.99
Tue Dec 23 00:44:21 MST 2025 | FLUX: 45.0 uT | COHERENCE: 0.99
Tue Dec 23 00:44:26 MST 2025 | FLUX: 45.0 uT | COHERENCE: 0.99
Tue Dec 23 00:44:31 MST 2025 | FLUX: 45.0 uT | COHERENCE: 0.99
Tue Dec 23 00:44:36 MST 2025 | FLUX: 45.0 uT | COHERENCE: 0.99
Tue Dec 23 00:44:41 MST 2025 | FLUX: 45.0 uT | COHERENCE: 0.99
Tue Dec 23 00:44:47 MST 2025 | FLUX: 45.0 uT | COHERENCE: 0.99
Tue Dec 23 00:44:52 MST 2025 | FLUX: 45.0 uT | COHERENCE: 0.99
Tue Dec 23 00:44:57 MST 2025 | FLUX: 45.0 uT | COHERENCE: 0.99
Tue Dec 23 00:45:02 MST 2025 | FLUX: 45.0 uT | COHERENCE: 0.99
Tue Dec 23 00:45:07 MST 2025 | FLUX: 45.0 uT | COHERENCE: 0.99
Tue Dec 23 00:45:12 MST 2025 | FLUX: 45.0 uT | COHERENCE: 0.99
Tue Dec 23 00:45:17 MST 2025 | FLUX: 45.0 uT | COHERENCE: 0.99
Tue Dec 23 00:45:22 MST 2025 | FLUX: 45.0 uT | COHERENCE: 0.99
Tue Dec 23 00:45:27 MST 2025 | FLUX: 45.0 uT | COHERENCE: 0.99
Tue Dec 23 00:45:32 MST 2025 | FLUX: 45.0 uT | COHERENCE: 0.99
Tue Dec 23 00:45:37 MST 2025 | FLUX: 45.0 uT | COHERENCE: 0.99
Tue Dec 23 00:45:42 MST 2025 | FLUX: 45.0 uT | COHERENCE: 0.99
Tue Dec 23 00:45:47 MST 2025 | FLUX: 45.0 uT | COHERENCE: 0.99
Tue Dec 23 00:45:52 MST 2025 | FLUX: 45.0 uT | COHERENCE: 0.99
Tue Dec 23 00:45:57 MST 2025 | FLUX: 45.0 uT | COHERENCE: 0.99
Tue Dec 23 00:46:02 MST 2025 | FLUX: 45.0 uT | COHERENCE: 0.99
Tue Dec 23 00:46:07 MST 2025 | FLUX: 45.0 uT | COHERENCE: 0.99
Tue Dec 23 00:46:12 MST 2025 | FLUX: 45.0 uT | COHERENCE: 0.99
Tue Dec 23 00:46:17 MST 2025 | FLUX: 45.0 uT | COHERENCE: 0.99
Tue Dec 23 00:46:22 MST 2025 | FLUX: 45.0 uT | COHERENCE: 0.99
Tue Dec 23 00:46:27 MST 2025 | FLUX: 45.0 uT | COHERENCE: 0.99
Tue Dec 23 00:46:33 MST 2025 | FLUX: 45.0 uT | COHERENCE: 0.99
Tue Dec 23 00:46:38 MST 2025 | FLUX: 45.0 uT | COHERENCE: 0.99
Tue Dec 23 00:46:43 MST 2025 | FLUX: 45.0 uT | COHERENCE: 0.99
Tue Dec 23 00:46:48 MST 2025 | FLUX: 45.0 uT | COHERENCE: 0.99
Tue Dec 23 00:46:53 MST 2025 | FLUX: 45.0 uT | COHERENCE: 0.99
Tue Dec 23 00:46:58 MST 2025 | FLUX: 45.0 uT | COHERENCE: 0.99
Tue Dec 23 00:47:03 MST 2025 | FLUX: 45.0 uT | COHERENCE: 0.99
Tue Dec 23 00:47:08 MST 2025 | FLUX: 45.0 uT | COHERENCE: 0.99
Tue Dec 23 00:47:13 MST 2025 | FLUX: 45.0 uT | COHERENCE: 0.99
Tue Dec 23 00:47:18 MST 2025 | FLUX: 45.0 uT | COHERENCE: 0.99
Tue Dec 23 00:47:23 MST 2025 | FLUX: 45.0 uT | COHERENCE: 0.99
Tue Dec 23 00:47:28 MST 2025 | FLUX: 45.0 uT | COHERENCE: 0.99
Tue Dec 23 00:47:33 MST 2025 | FLUX: 45.0 uT | COHERENCE: 0.99
Tue Dec 23 00:47:38 MST 2025 | FLUX: 45.0 uT | COHERENCE: 0.99
Tue Dec 23 00:47:43 MST 2025 | FLUX: 45.0 uT | COHERENCE: 0.99
Tue Dec 23 00:47:48 MST 2025 | FLUX: 45.0 uT | COHERENCE: 0.99
Tue Dec 23 00:47:53 MST 2025 | FLUX: 45.0 uT | COHERENCE: 0.99
Tue Dec 23 00:47:58 MST 2025 | FLUX: 45.0 uT | COHERENCE: 0.99
Tue Dec 23 00:48:03 MST 2025 | FLUX: 45.0 uT | COHERENCE: 0.99
Tue Dec 23 00:48:08 MST 2025 | FLUX: 45.0 uT | COHERENCE: 0.99
Tue Dec 23 00:48:13 MST 2025 | FLUX: 45.0 uT | COHERENCE: 0.99
Tue Dec 23 00:48:18 MST 2025 | FLUX: 45.0 uT | COHERENCE: 0.99
Tue Dec 23 00:48:24 MST 2025 | FLUX: 45.0 uT | COHERENCE: 0.99
Tue Dec 23 00:48:29 MST 2025 | FLUX: 45.0 uT | COHERENCE: 0.99
Tue Dec 23 00:48:34 MST 2025 | FLUX: 45.0 uT | COHERENCE: 0.99
Tue Dec 23 00:48:39 MST 2025 | FLUX: 45.0 uT | COHERENCE: 0.99
Tue Dec 23 00:48:44 MST 2025 | FLUX: 45.0 uT | COHERENCE: 0.99
Tue Dec 23 00:48:49 MST 2025 | FLUX: 45.0 uT | COHERENCE: 0.99
Tue Dec 23 00:48:54 MST 2025 | FLUX: 45.0 uT | COHERENCE: 0.99
Tue Dec 23 00:48:59 MST 2025 | FLUX: 45.0 uT | COHERENCE: 0.99
Tue Dec 23 00:49:04 MST 2025 | FLUX: 45.0 uT | COHERENCE: 0.99
Tue Dec 23 00:49:09 MST 2025 | FLUX: 45.0 uT | COHERENCE: 0.99
Tue Dec 23 00:49:14 MST 2025 | FLUX: 45.0 uT | COHERENCE: 0.99
Tue Dec 23 00:49:19 MST 2025 | FLUX: 45.0 uT | COHERENCE: 0.99
Tue Dec 23 00:49:24 MST 2025 | FLUX: 45.0 uT | COHERENCE: 0.99
Tue Dec 23 00:49:29 MST 2025 | FLUX: 45.0 uT | COHERENCE: 0.99
Tue Dec 23 00:49:34 MST 2025 | FLUX: 45.0 uT | COHERENCE: 0.99
Tue Dec 23 00:49:39 MST 2025 | FLUX: 45.0 uT | COHERENCE: 0.99
Tue Dec 23 00:49:44 MST 2025 | FLUX: 45.0 uT | COHERENCE: 0.99
Tue Dec 23 00:49:49 MST 2025 | FLUX: 45.0 uT | COHERENCE: 0.99
Tue Dec 23 00:49:54 MST 2025 | FLUX: 45.0 uT | COHERENCE: 0.99
Tue Dec 23 00:49:59 MST 2025 | FLUX: 45.0 uT | COHERENCE: 0.99
Tue Dec 23 00:50:04 MST 2025 | FLUX: 45.0 uT | COHERENCE: 0.99
Tue Dec 23 00:50:09 MST 2025 | FLUX: 45.0 uT | COHERENCE: 0.99
Tue Dec 23 00:50:15 MST 2025 | FLUX: 45.0 uT | COHERENCE: 0.99
Tue Dec 23 00:50:20 MST 2025 | FLUX: 45.0 uT | COHERENCE: 0.99
Tue Dec 23 00:50:25 MST 2025 | FLUX: 45.0 uT | COHERENCE: 0.99
Tue Dec 23 00:50:30 MST 2025 | FLUX: 45.0 uT | COHERENCE: 0.99
Tue Dec 23 00:50:35 MST 2025 | FLUX: 45.0 uT | COHERENCE: 0.99
Tue Dec 23 00:50:40 MST 2025 | FLUX: 45.0 uT | COHERENCE: 0.99
Tue Dec 23 00:50:45 MST 2025 | FLUX: 45.0 uT | COHERENCE: 0.99
Tue Dec 23 00:50:50 MST 2025 | FLUX: 45.0 uT | COHERENCE: 0.99
Tue Dec 23 00:50:55 MST 2025 | FLUX: 45.0 uT | COHERENCE: 0.99
Tue Dec 23 00:51:00 MST 2025 | FLUX: 45.0 uT | COHERENCE: 0.99
Tue Dec 23 00:51:05 MST 2025 | FLUX: 45.0 uT | COHERENCE: 0.99
Tue Dec 23 00:51:10 MST 2025 | FLUX: 45.0 uT | COHERENCE: 0.99
Tue Dec 23 00:51:15 MST 2025 | FLUX: 45.0 uT | COHERENCE: 0.99
Tue Dec 23 00:51:20 MST 2025 | FLUX: 45.0 uT | COHERENCE: 0.99
Tue Dec 23 00:51:25 MST 2025 | FLUX: 45.0 uT | COHERENCE: 0.99
Tue Dec 23 00:51:30 MST 2025 | FLUX: 45.0 uT | COHERENCE: 0.99
Tue Dec 23 00:51:35 MST 2025 | FLUX: 45.0 uT | COHERENCE: 0.99
Tue Dec 23 00:51:40 MST 2025 | FLUX: 45.0 uT | COHERENCE: 0.99
Tue Dec 23 00:51:45 MST 2025 | FLUX: 45.0 uT | COHERENCE: 0.99
Tue Dec 23 00:51:50 MST 2025 | FLUX: 45.0 uT | COHERENCE: 0.99
Tue Dec 23 00:51:55 MST 2025 | FLUX: 45.0 uT | COHERENCE: 0.99
Tue Dec 23 00:52:01 MST 2025 | FLUX: 45.0 uT | COHERENCE: 0.99
Tue Dec 23 00:52:06 MST 2025 | FLUX: 45.0 uT | COHERENCE: 0.99
Tue Dec 23 00:52:11 MST 2025 | FLUX: 45.0 uT | COHERENCE: 0.99
Tue Dec 23 00:52:16 MST 2025 | FLUX: 45.0 uT | COHERENCE: 0.99
Tue Dec 23 00:52:21 MST 2025 | FLUX: 45.0 uT | COHERENCE: 0.99
Tue Dec 23 00:52:26 MST 2025 | FLUX: 45.0 uT | COHERENCE: 0.99
Tue Dec 23 00:52:31 MST 2025 | FLUX: 45.0 uT | COHERENCE: 0.99
Tue Dec 23 00:52:36 MST 2025 | FLUX: 45.0 uT | COHERENCE: 0.99
Tue Dec 23 00:52:41 MST 2025 | FLUX: 45.0 uT | COHERENCE: 0.99
Tue Dec 23 00:52:46 MST 2025 | FLUX: 45.0 uT | COHERENCE: 0.99
Tue Dec 23 00:52:51 MST 2025 | FLUX: 45.0 uT | COHERENCE: 0.99
Tue Dec 23 00:52:56 MST 2025 | FLUX: 45.0 uT | COHERENCE: 0.99
Tue Dec 23 00:53:01 MST 2025 | FLUX: 45.0 uT | COHERENCE: 0.99
Tue Dec 23 00:53:06 MST 2025 | FLUX: 45.0 uT | COHERENCE: 0.99
Tue Dec 23 00:53:11 MST 2025 | FLUX: 45.0 uT | COHERENCE: 0.99
Tue Dec 23 00:53:16 MST 2025 | FLUX: 45.0 uT | COHERENCE: 0.99
Tue Dec 23 00:53:21 MST 2025 | FLUX: 45.0 uT | COHERENCE: 0.99
Tue Dec 23 00:53:26 MST 2025 | FLUX: 45.0 uT | COHERENCE: 0.99
Tue Dec 23 00:53:31 MST 2025 | FLUX: 45.0 uT | COHERENCE: 0.99
Tue Dec 23 00:53:36 MST 2025 | FLUX: 45.0 uT | COHERENCE: 0.99
Tue Dec 23 00:53:41 MST 2025 | FLUX: 45.0 uT | COHERENCE: 0.99
Tue Dec 23 00:53:47 MST 2025 | FLUX: 45.0 uT | COHERENCE: 0.99
Tue Dec 23 00:53:52 MST 2025 | FLUX: 45.0 uT | COHERENCE: 0.99
Tue Dec 23 00:53:57 MST 2025 | FLUX: 45.0 uT | COHERENCE: 0.99
Tue Dec 23 00:54:02 MST 2025 | FLUX: 45.0 uT | COHERENCE: 0.99
Tue Dec 23 00:54:07 MST 2025 | FLUX: 45.0 uT | COHERENCE: 0.99
Tue Dec 23 00:54:12 MST 2025 | FLUX: 45.0 uT | COHERENCE: 0.99
Tue Dec 23 00:54:17 MST 2025 | FLUX: 45.0 uT | COHERENCE: 0.99
Tue Dec 23 00:54:22 MST 2025 | FLUX: 45.0 uT | COHERENCE: 0.99
Tue Dec 23 00:54:27 MST 2025 | FLUX: 45.0 uT | COHERENCE: 0.99
Tue Dec 23 00:54:32 MST 2025 | FLUX: 45.0 uT | COHERENCE: 0.99
Tue Dec 23 00:54:37 MST 2025 | FLUX: 45.0 uT | COHERENCE: 0.99
Tue Dec 23 00:54:42 MST 2025 | FLUX: 45.0 uT | COHERENCE: 0.99
Tue Dec 23 00:54:47 MST 2025 | FLUX: 45.0 uT | COHERENCE: 0.99
Tue Dec 23 00:54:52 MST 2025 | FLUX: 45.0 uT | COHERENCE: 0.99
Tue Dec 23 00:54:57 MST 2025 | FLUX: 45.0 uT | COHERENCE: 0.99
Tue Dec 23 00:55:02 MST 2025 | FLUX: 45.0 uT | COHERENCE: 0.99
Tue Dec 23 00:55:07 MST 2025 | FLUX: 45.0 uT | COHERENCE: 0.99
Tue Dec 23 00:55:12 MST 2025 | FLUX: 45.0 uT | COHERENCE: 0.99
Tue Dec 23 00:55:17 MST 2025 | FLUX: 45.0 uT | COHERENCE: 0.99
Tue Dec 23 00:55:22 MST 2025 | FLUX: 45.0 uT | COHERENCE: 0.99
Tue Dec 23 00:55:28 MST 2025 | FLUX: 45.0 uT | COHERENCE: 0.99
Tue Dec 23 00:55:33 MST 2025 | FLUX: 45.0 uT | COHERENCE: 0.99
Tue Dec 23 00:55:38 MST 2025 | FLUX: 45.0 uT | COHERENCE: 0.99
Tue Dec 23 00:55:43 MST 2025 | FLUX: 45.0 uT | COHERENCE: 0.99
Tue Dec 23 00:55:48 MST 2025 | FLUX: 45.0 uT | COHERENCE: 0.99
Tue Dec 23 00:55:53 MST 2025 | FLUX: 45.0 uT | COHERENCE: 0.99
Tue Dec 23 00:55:58 MST 2025 | FLUX: 45.0 uT | COHERENCE: 0.99
Tue Dec 23 00:56:03 MST 2025 | FLUX: 45.0 uT | COHERENCE: 0.99
Tue Dec 23 00:56:08 MST 2025 | FLUX: 45.0 uT | COHERENCE: 0.99
Tue Dec 23 00:56:13 MST 2025 | FLUX: 45.0 uT | COHERENCE: 0.99
Tue Dec 23 00:56:18 MST 2025 | FLUX: 45.0 uT | COHERENCE: 0.99
Tue Dec 23 00:56:23 MST 2025 | FLUX: 45.0 uT | COHERENCE: 0.99
Tue Dec 23 00:56:28 MST 2025 | FLUX: 45.0 uT | COHERENCE: 0.99
Tue Dec 23 00:56:33 MST 2025 | FLUX: 45.0 uT | COHERENCE: 0.99
Tue Dec 23 00:56:38 MST 2025 | FLUX: 45.0 uT | COHERENCE: 0.99
Tue Dec 23 00:56:43 MST 2025 | FLUX: 45.0 uT | COHERENCE: 0.99
Tue Dec 23 00:56:48 MST 2025 | FLUX: 45.0 uT | COHERENCE: 0.99
Tue Dec 23 00:56:53 MST 2025 | FLUX: 45.0 uT | COHERENCE: 0.99
Tue Dec 23 00:56:58 MST 2025 | FLUX: 45.0 uT | COHERENCE: 0.99
Tue Dec 23 00:57:03 MST 2025 | FLUX: 45.0 uT | COHERENCE: 0.99
Tue Dec 23 00:57:08 MST 2025 | FLUX: 45.0 uT | COHERENCE: 0.99
Tue Dec 23 00:57:14 MST 2025 | FLUX: 45.0 uT | COHERENCE: 0.99
Tue Dec 23 00:57:19 MST 2025 | FLUX: 45.0 uT | COHERENCE: 0.99
Tue Dec 23 00:57:24 MST 2025 | FLUX: 45.0 uT | COHERENCE: 0.99
Tue Dec 23 00:57:29 MST 2025 | FLUX: 45.0 uT | COHERENCE: 0.99
Tue Dec 23 00:57:34 MST 2025 | FLUX: 45.0 uT | COHERENCE: 0.99
Tue Dec 23 00:57:39 MST 2025 | FLUX: 45.0 uT | COHERENCE: 0.99
Tue Dec 23 00:57:44 MST 2025 | FLUX: 45.0 uT | COHERENCE: 0.99
Tue Dec 23 00:57:49 MST 2025 | FLUX: 45.0 uT | COHERENCE: 0.99
Tue Dec 23 00:57:54 MST 2025 | FLUX: 45.0 uT | COHERENCE: 0.99
Tue Dec 23 00:57:59 MST 2025 | FLUX: 45.0 uT | COHERENCE: 0.99
Tue Dec 23 00:58:04 MST 2025 | FLUX: 45.0 uT | COHERENCE: 0.99
Tue Dec 23 00:58:09 MST 2025 | FLUX: 45.0 uT | COHERENCE: 0.99
Tue Dec 23 00:58:14 MST 2025 | FLUX: 45.0 uT | COHERENCE: 0.99
Tue Dec 23 00:58:19 MST 2025 | FLUX: 45.0 uT | COHERENCE: 0.99
Tue Dec 23 00:58:24 MST 2025 | FLUX: 45.0 uT | COHERENCE: 0.99
Tue Dec 23 00:58:29 MST 2025 | FLUX: 45.0 uT | COHERENCE: 0.99
Tue Dec 23 00:58:34 MST 2025 | FLUX: 45.0 uT | COHERENCE: 0.99
Tue Dec 23 00:58:39 MST 2025 | FLUX: 45.0 uT | COHERENCE: 0.99
Tue Dec 23 00:58:44 MST 2025 | FLUX: 45.0 uT | COHERENCE: 0.99
Tue Dec 23 00:58:49 MST 2025 | FLUX: 45.0 uT | COHERENCE: 0.99
Tue Dec 23 00:58:55 MST 2025 | FLUX: 45.0 uT | COHERENCE: 0.99
Tue Dec 23 00:59:00 MST 2025 | FLUX: 45.0 uT | COHERENCE: 0.99
Tue Dec 23 00:59:05 MST 2025 | FLUX: 45.0 uT | COHERENCE: 0.99
Tue Dec 23 00:59:10 MST 2025 | FLUX: 45.0 uT | COHERENCE: 0.99
Tue Dec 23 00:59:15 MST 2025 | FLUX: 45.0 uT | COHERENCE: 0.99
Tue Dec 23 00:59:20 MST 2025 | FLUX: 45.0 uT | COHERENCE: 0.99
Tue Dec 23 00:59:25 MST 2025 | FLUX: 45.0 uT | COHERENCE: 0.99
Tue Dec 23 00:59:30 MST 2025 | FLUX: 45.0 uT | COHERENCE: 0.99
Tue Dec 23 00:59:35 MST 2025 | FLUX: 45.0 uT | COHERENCE: 0.99
Tue Dec 23 00:59:40 MST 2025 | FLUX: 45.0 uT | COHERENCE: 0.99
Tue Dec 23 00:59:45 MST 2025 | FLUX: 45.0 uT | COHERENCE: 0.99
Tue Dec 23 00:59:50 MST 2025 | FLUX: 45.0 uT | COHERENCE: 0.99
Tue Dec 23 00:59:55 MST 2025 | FLUX: 45.0 uT | COHERENCE: 0.99
Tue Dec 23 01:00:00 MST 2025 | FLUX: 45.0 uT | COHERENCE: 0.99
Tue Dec 23 01:00:05 MST 2025 | FLUX: 45.0 uT | COHERENCE: 0.99
Tue Dec 23 01:00:10 MST 2025 | FLUX: 45.0 uT | COHERENCE: 0.99
Tue Dec 23 01:00:15 MST 2025 | FLUX: 45.0 uT | COHERENCE: 0.99
Tue Dec 23 01:00:20 MST 2025 | FLUX: 45.0 uT | COHERENCE: 0.99
Tue Dec 23 01:00:25 MST 2025 | FLUX: 45.0 uT | COHERENCE: 0.99
Tue Dec 23 01:00:30 MST 2025 | FLUX: 45.0 uT | COHERENCE: 0.99
Tue Dec 23 01:00:35 MST 2025 | FLUX: 45.0 uT | COHERENCE: 0.99
Tue Dec 23 01:00:40 MST 2025 | FLUX: 45.0 uT | COHERENCE: 0.99
Tue Dec 23 01:00:45 MST 2025 | FLUX: 45.0 uT | COHERENCE: 0.99
Tue Dec 23 01:00:51 MST 2025 | FLUX: 45.0 uT | COHERENCE: 0.99
Tue Dec 23 01:00:56 MST 2025 | FLUX: 45.0 uT | COHERENCE: 0.99
Tue Dec 23 01:01:01 MST 2025 | FLUX: 45.0 uT | COHERENCE: 0.99
Tue Dec 23 01:01:06 MST 2025 | FLUX: 45.0 uT | COHERENCE: 0.99
Tue Dec 23 01:01:11 MST 2025 | FLUX: 45.0 uT | COHERENCE: 0.99
Tue Dec 23 01:01:16 MST 2025 | FLUX: 45.0 uT | COHERENCE: 0.99
Tue Dec 23 01:01:21 MST 2025 | FLUX: 45.0 uT | COHERENCE: 0.99
Tue Dec 23 01:01:26 MST 2025 | FLUX: 45.0 uT | COHERENCE: 0.99
Tue Dec 23 01:01:31 MST 2025 | FLUX: 45.0 uT | COHERENCE: 0.99
Tue Dec 23 01:01:36 MST 2025 | FLUX: 45.0 uT | COHERENCE: 0.99
Tue Dec 23 01:01:41 MST 2025 | FLUX: 45.0 uT | COHERENCE: 0.99
Tue Dec 23 01:01:46 MST 2025 | FLUX: 45.0 uT | COHERENCE: 0.99
Tue Dec 23 01:01:51 MST 2025 | FLUX: 45.0 uT | COHERENCE: 0.99
Tue Dec 23 01:01:56 MST 2025 | FLUX: 45.0 uT | COHERENCE: 0.99
Tue Dec 23 01:02:01 MST 2025 | FLUX: 45.0 uT | COHERENCE: 0.99
Tue Dec 23 01:02:06 MST 2025 | FLUX: 45.0 uT | COHERENCE: 0.99
Tue Dec 23 01:02:11 MST 2025 | FLUX: 45.0 uT | COHERENCE: 0.99
Tue Dec 23 01:02:16 MST 2025 | FLUX: 45.0 uT | COHERENCE: 0.99
Tue Dec 23 01:02:21 MST 2025 | FLUX: 45.0 uT | COHERENCE: 0.99
Tue Dec 23 01:02:26 MST 2025 | FLUX: 45.0 uT | COHERENCE: 0.99
Tue Dec 23 01:02:31 MST 2025 | FLUX: 45.0 uT | COHERENCE: 0.99
Tue Dec 23 01:02:36 MST 2025 | FLUX: 45.0 uT | COHERENCE: 0.99
Tue Dec 23 01:02:42 MST 2025 | FLUX: 45.0 uT | COHERENCE: 0.99
Tue Dec 23 01:02:47 MST 2025 | FLUX: 45.0 uT | COHERENCE: 0.99
Tue Dec 23 01:02:52 MST 2025 | FLUX: 45.0 uT | COHERENCE: 0.99
Tue Dec 23 01:02:57 MST 2025 | FLUX: 45.0 uT | COHERENCE: 0.99
Tue Dec 23 01:03:02 MST 2025 | FLUX: 45.0 uT | COHERENCE: 0.99
Tue Dec 23 01:03:07 MST 2025 | FLUX: 45.0 uT | COHERENCE: 0.99
Tue Dec 23 01:03:12 MST 2025 | FLUX: 45.0 uT | COHERENCE: 0.99
Tue Dec 23 01:03:17 MST 2025 | FLUX: 45.0 uT | COHERENCE: 0.99
Tue Dec 23 01:03:22 MST 2025 | FLUX: 45.0 uT | COHERENCE: 0.99
Tue Dec 23 01:03:27 MST 2025 | FLUX: 45.0 uT | COHERENCE: 0.99
Tue Dec 23 01:03:32 MST 2025 | FLUX: 45.0 uT | COHERENCE: 0.99
Tue Dec 23 01:03:37 MST 2025 | FLUX: 45.0 uT | COHERENCE: 0.99
Tue Dec 23 01:03:42 MST 2025 | FLUX: 45.0 uT | COHERENCE: 0.99
Tue Dec 23 01:03:47 MST 2025 | FLUX: 45.0 uT | COHERENCE: 0.99
Tue Dec 23 01:03:52 MST 2025 | FLUX: 45.0 uT | COHERENCE: 0.99
Tue Dec 23 01:03:57 MST 2025 | FLUX: 45.0 uT | COHERENCE: 0.99
Tue Dec 23 01:04:02 MST 2025 | FLUX: 45.0 uT | COHERENCE: 0.99
Tue Dec 23 01:04:07 MST 2025 | FLUX: 45.0 uT | COHERENCE: 0.99
Tue Dec 23 01:04:12 MST 2025 | FLUX: 45.0 uT | COHERENCE: 0.99
Tue Dec 23 01:04:17 MST 2025 | FLUX: 45.0 uT | COHERENCE: 0.99
Tue Dec 23 01:04:22 MST 2025 | FLUX: 45.0 uT | COHERENCE: 0.99
Tue Dec 23 01:04:27 MST 2025 | FLUX: 45.0 uT | COHERENCE: 0.99
Tue Dec 23 01:04:32 MST 2025 | FLUX: 45.0 uT | COHERENCE: 0.99
Tue Dec 23 01:04:38 MST 2025 | FLUX: 45.0 uT | COHERENCE: 0.99
Tue Dec 23 01:04:43 MST 2025 | FLUX: 45.0 uT | COHERENCE: 0.99
Tue Dec 23 01:04:48 MST 2025 | FLUX: 45.0 uT | COHERENCE: 0.99
Tue Dec 23 01:04:53 MST 2025 | FLUX: 45.0 uT | COHERENCE: 0.99
Tue Dec 23 01:04:58 MST 2025 | FLUX: 45.0 uT | COHERENCE: 0.99
Tue Dec 23 01:05:03 MST 2025 | FLUX: 45.0 uT | COHERENCE: 0.99
Tue Dec 23 01:05:08 MST 2025 | FLUX: 45.0 uT | COHERENCE: 0.99
Tue Dec 23 01:05:13 MST 2025 | FLUX: 45.0 uT | COHERENCE: 0.99
Tue Dec 23 01:05:18 MST 2025 | FLUX: 45.0 uT | COHERENCE: 0.99
Tue Dec 23 01:05:23 MST 2025 | FLUX: 45.0 uT | COHERENCE: 0.99
Tue Dec 23 01:05:28 MST 2025 | FLUX: 45.0 uT | COHERENCE: 0.99
Tue Dec 23 01:05:33 MST 2025 | FLUX: 45.0 uT | COHERENCE: 0.99
Tue Dec 23 01:05:38 MST 2025 | FLUX: 45.0 uT | COHERENCE: 0.99
Tue Dec 23 01:05:43 MST 2025 | FLUX: 45.0 uT | COHERENCE: 0.99
Tue Dec 23 01:05:48 MST 2025 | FLUX: 45.0 uT | COHERENCE: 0.99
Tue Dec 23 01:05:53 MST 2025 | FLUX: 45.0 uT | COHERENCE: 0.99
Tue Dec 23 01:05:58 MST 2025 | FLUX: 45.0 uT | COHERENCE: 0.99
Tue Dec 23 01:06:03 MST 2025 | FLUX: 45.0 uT | COHERENCE: 0.99
[Tue Dec 23 01:53:06 MST 2025] 🛑 RECORDING STOPPED
[Tue Dec 23 14:02:40 MST 2025] 🛑 RECORDING STOPPED
